headword_as_printed	expanded_form	pos	glosses	source_page	scan_url	bucket
Աբանդ			Abande	dict-813.png	https://archive.org/download/ANewDictionaryArmenian-english/page/leaf404.jpg	appendix
Աբդերա			Abdera	dict-813.png	https://archive.org/download/ANewDictionaryArmenian-english/page/leaf404.jpg	appendix
Աբիւդոս			Abydos	dict-813.png	https://archive.org/download/ANewDictionaryArmenian-english/page/leaf404.jpg	appendix
Աբրահամեանք			Descendants or followers of Abraham	dict-813.png	https://archive.org/download/ANewDictionaryArmenian-english/page/leaf404.jpg	appendix
Ագուլիս			Akoolis	dict-813.png	https://archive.org/download/ANewDictionaryArmenian-english/page/leaf404.jpg	appendix
Ագրականդ			Agrigentum	dict-813.png	https://archive.org/download/ANewDictionaryArmenian-english/page/leaf404.jpg	appendix
Ադրիա			Adria; Hadria	dict-813.png	https://archive.org/download/ANewDictionaryArmenian-english/page/leaf404.jpg	appendix
Ադրիական			the Adriatic	dict-813.png	https://archive.org/download/ANewDictionaryArmenian-english/page/leaf404.jpg	appendix
Ադրիանուպօլիս			Adrianople	dict-813.png	https://archive.org/download/ANewDictionaryArmenian-english/page/leaf404.jpg	appendix
Աթենացի			Athenian	dict-813.png	https://archive.org/download/ANewDictionaryArmenian-english/page/leaf404.jpg	appendix
Աթէնք			Athens	dict-813.png	https://archive.org/download/ANewDictionaryArmenian-english/page/leaf404.jpg	appendix
Աթոս			Athos	dict-813.png	https://archive.org/download/ANewDictionaryArmenian-english/page/leaf404.jpg	appendix
Աժտէրխան			Astrakhan	dict-813.png	https://archive.org/download/ANewDictionaryArmenian-english/page/leaf404.jpg	appendix
Ալաման			Germany; Deutschland	dict-813.png	https://archive.org/download/ANewDictionaryArmenian-english/page/leaf404.jpg	appendix
Ալանք			Alani	dict-813.png	https://archive.org/download/ANewDictionaryArmenian-english/page/leaf404.jpg	appendix
Ալզաս			Alsatia	dict-813.png	https://archive.org/download/ANewDictionaryArmenian-english/page/leaf404.jpg	appendix
Ալիս			Halys	dict-813.png	https://archive.org/download/ANewDictionaryArmenian-english/page/leaf404.jpg	appendix
Ալճէրի			Algiers	dict-813.png	https://archive.org/download/ANewDictionaryArmenian-english/page/leaf404.jpg	appendix
Ալպանիա			Albania; Arnaootleek	dict-813.png	https://archive.org/download/ANewDictionaryArmenian-english/page/leaf404.jpg	appendix
Ալպեան			Alpian	dict-813.png	https://archive.org/download/ANewDictionaryArmenian-english/page/leaf404.jpg	appendix
Ալպիոն			Albion	dict-813.png	https://archive.org/download/ANewDictionaryArmenian-english/page/leaf404.jpg	appendix
Ախերոն				dict-813.png	https://archive.org/download/ANewDictionaryArmenian-english/page/leaf404.jpg	appendix
Ախուրեան			Akhoorian	dict-813.png	https://archive.org/download/ANewDictionaryArmenian-english/page/leaf404.jpg	appendix
Ակառնանիա			Acarnania	dict-813.png	https://archive.org/download/ANewDictionaryArmenian-english/page/leaf404.jpg	appendix
Ակոռի			Agory	dict-813.png	https://archive.org/download/ANewDictionaryArmenian-english/page/leaf404.jpg	appendix
Ակուիտանիա			Aquitain	dict-813.png	https://archive.org/download/ANewDictionaryArmenian-english/page/leaf404.jpg	appendix
Աղափ			Asoph	dict-813.png	https://archive.org/download/ANewDictionaryArmenian-english/page/leaf404.jpg	appendix
Աղբակ			Albach	dict-813.png	https://archive.org/download/ANewDictionaryArmenian-english/page/leaf404.jpg	appendix
Աղեքսանդրիա			Alexandria	dict-813.png	https://archive.org/download/ANewDictionaryArmenian-english/page/leaf404.jpg	appendix
Աղթամար			Aghthamar	dict-813.png	https://archive.org/download/ANewDictionaryArmenian-english/page/leaf404.jpg	appendix
Աղիկառնիա			Halicarnassus	dict-813.png	https://archive.org/download/ANewDictionaryArmenian-english/page/leaf404.jpg	appendix
Աղձնիք			Alznick; Alznia	dict-813.png	https://archive.org/download/ANewDictionaryArmenian-english/page/leaf404.jpg	appendix
Աղուան			Albanese	dict-813.png	https://archive.org/download/ANewDictionaryArmenian-english/page/leaf404.jpg	appendix
Ամազոնք			Amazons	dict-813.png	https://archive.org/download/ANewDictionaryArmenian-english/page/leaf404.jpg	appendix
Ամեդէոս			Amedeus.	dict-800.png	https://archive.org/download/ANewDictionaryArmenian-english/page/leaf398.jpg	appendix
Ամելիա		f.	Amelia.	dict-800.png	https://archive.org/download/ANewDictionaryArmenian-english/page/leaf398.jpg	appendix
Ամերիկա			America	dict-813.png	https://archive.org/download/ANewDictionaryArmenian-english/page/leaf404.jpg	appendix
Ամերիկոս			Americus (Vespucius).	dict-800.png	https://archive.org/download/ANewDictionaryArmenian-english/page/leaf398.jpg	appendix
Ամի		f.	Amy.	dict-800.png	https://archive.org/download/ANewDictionaryArmenian-english/page/leaf398.jpg	appendix
Ամիդ			Amida; Diarbekir	dict-813.png	https://archive.org/download/ANewDictionaryArmenian-english/page/leaf404.jpg	appendix
Ամովս			Amos.	dict-800.png	https://archive.org/download/ANewDictionaryArmenian-english/page/leaf398.jpg	appendix
Ամսդերտամ			Amsterdam	dict-813.png	https://archive.org/download/ANewDictionaryArmenian-english/page/leaf404.jpg	appendix
Ամփիտրիոն			Amphitryon.	dict-800.png	https://archive.org/download/ANewDictionaryArmenian-english/page/leaf398.jpg	appendix
Այետիոս			Etius.; Ætius.	dict-800.png	https://archive.org/download/ANewDictionaryArmenian-english/page/leaf398.jpg	appendix
Այիթալաս			Aïthalas.	dict-800.png	https://archive.org/download/ANewDictionaryArmenian-english/page/leaf398.jpg	appendix
Այրարատ			Ararat	dict-813.png	https://archive.org/download/ANewDictionaryArmenian-english/page/leaf404.jpg	appendix
Անաստասիա		f.	Anastasia.	dict-800.png	https://archive.org/download/ANewDictionaryArmenian-english/page/leaf398.jpg	appendix
Անատոլ			Anatolius.	dict-800.png	https://archive.org/download/ANewDictionaryArmenian-english/page/leaf398.jpg	appendix
Անատոլա		f.	Anatola.	dict-800.png	https://archive.org/download/ANewDictionaryArmenian-english/page/leaf398.jpg	appendix
Անատոլիա			Anatolia; Natolia	dict-813.png	https://archive.org/download/ANewDictionaryArmenian-english/page/leaf404.jpg	appendix
Անգէ			Haggai; Aggee.; Haggai, Aggee.	dict-800.png	https://archive.org/download/ANewDictionaryArmenian-english/page/leaf398.jpg	appendix
Անգղիա			England	dict-813.png	https://archive.org/download/ANewDictionaryArmenian-english/page/leaf404.jpg	appendix
Անգոնա			Ancona	dict-813.png	https://archive.org/download/ANewDictionaryArmenian-english/page/leaf404.jpg	appendix
Անդիլեան կղզիք			the Antilles	dict-813.png	https://archive.org/download/ANewDictionaryArmenian-english/page/leaf404.jpg	appendix
Անդիպաս			Antipas.	dict-800.png	https://archive.org/download/ANewDictionaryArmenian-english/page/leaf398.jpg	appendix
Անդրոմաք		f.	Andromache.	dict-800.png	https://archive.org/download/ANewDictionaryArmenian-english/page/leaf398.jpg	appendix
Անդրոնիկոս			Andronicus.	dict-800.png	https://archive.org/download/ANewDictionaryArmenian-english/page/leaf398.jpg	appendix
Անթիմոս			Anthimus.	dict-800.png	https://archive.org/download/ANewDictionaryArmenian-english/page/leaf398.jpg	appendix
Անթուսա		f.	Anthusa.	dict-800.png	https://archive.org/download/ANewDictionaryArmenian-english/page/leaf398.jpg	appendix
Անի			Any	dict-813.png	https://archive.org/download/ANewDictionaryArmenian-english/page/leaf404.jpg	appendix
Անիկտոս			Aniotus.	dict-800.png	https://archive.org/download/ANewDictionaryArmenian-english/page/leaf398.jpg	appendix
Անկիւրիա			Ancyra; Angoora	dict-813.png	https://archive.org/download/ANewDictionaryArmenian-english/page/leaf404.jpg	appendix
Անճէլա		f.	Angela.	dict-800.png	https://archive.org/download/ANewDictionaryArmenian-english/page/leaf398.jpg	appendix
Անճէլինա		f.	Angelina.	dict-800.png	https://archive.org/download/ANewDictionaryArmenian-english/page/leaf398.jpg	appendix
Անմեղուկ				dict-800.png	https://archive.org/download/ANewDictionaryArmenian-english/page/leaf398.jpg	appendix
Աննիկ		f.	Nan; Nancy; Nanny.; Nan, Nancy, Nanny.	dict-800.png	https://archive.org/download/ANewDictionaryArmenian-english/page/leaf398.jpg	appendix
Աննիս		f.	Annis.	dict-800.png	https://archive.org/download/ANewDictionaryArmenian-english/page/leaf398.jpg	appendix
Անուշաւան			Anooshawan.	dict-800.png	https://archive.org/download/ANewDictionaryArmenian-english/page/leaf398.jpg	appendix
Անսելմոս			Anselm; -o.; Anselm, -o.	dict-800.png	https://archive.org/download/ANewDictionaryArmenian-english/page/leaf398.jpg	appendix
Անտալուսիա			Andalusia	dict-813.png	https://archive.org/download/ANewDictionaryArmenian-english/page/leaf404.jpg	appendix
Անտիոպէ		f.	Antiope.	dict-800.png	https://archive.org/download/ANewDictionaryArmenian-english/page/leaf398.jpg	appendix
Անտիոք			Antioch; Antakia	dict-813.png	https://archive.org/download/ANewDictionaryArmenian-english/page/leaf404.jpg	appendix
Անտիպատրոս			Antipater.; [ny.	dict-800.png	https://archive.org/download/ANewDictionaryArmenian-english/page/leaf398.jpg	appendix
Անտոնիա		f.	Antonia.	dict-800.png	https://archive.org/download/ANewDictionaryArmenian-english/page/leaf398.jpg	appendix
Անտոնինա		f.	Antonia.	dict-800.png	https://archive.org/download/ANewDictionaryArmenian-english/page/leaf398.jpg	appendix
Անտվերպիա			Antwerp	dict-813.png	https://archive.org/download/ANewDictionaryArmenian-english/page/leaf404.jpg	appendix
Աշխէն		f.	Ashkhen.	dict-800.png	https://archive.org/download/ANewDictionaryArmenian-english/page/leaf398.jpg	appendix
Աշուշայ			Ashoosha.	dict-800.png	https://archive.org/download/ANewDictionaryArmenian-english/page/leaf398.jpg	appendix
Աշտիշատ				dict-813.png	https://archive.org/download/ANewDictionaryArmenian-english/page/leaf404.jpg	appendix
Ապարան			Aparan	dict-813.png	https://archive.org/download/ANewDictionaryArmenian-english/page/leaf404.jpg	appendix
Ապեննինեանք			the Apennians	dict-813.png	https://archive.org/download/ANewDictionaryArmenian-english/page/leaf404.jpg	appendix
Ապուլիա			Apulia	dict-813.png	https://archive.org/download/ANewDictionaryArmenian-english/page/leaf404.jpg	appendix
Առան			Aran.	dict-800.png	https://archive.org/download/ANewDictionaryArmenian-english/page/leaf398.jpg	appendix
Առնոլդոս			Arnold.	dict-800.png	https://archive.org/download/ANewDictionaryArmenian-english/page/leaf398.jpg	appendix
Ասանէթ		f.	Asenath.	dict-800.png	https://archive.org/download/ANewDictionaryArmenian-english/page/leaf398.jpg	appendix
Ասիա			Asia	dict-813.png	https://archive.org/download/ANewDictionaryArmenian-english/page/leaf404.jpg	appendix
Ասկաղոն			Aschalon	dict-813.png	https://archive.org/download/ANewDictionaryArmenian-english/page/leaf404.jpg	appendix
Ասկղեպիադէս			Asclepiades.	dict-800.png	https://archive.org/download/ANewDictionaryArmenian-english/page/leaf398.jpg	appendix
Ասորեստան			Assyria	dict-813.png	https://archive.org/download/ANewDictionaryArmenian-english/page/leaf404.jpg	appendix
Ասորի			Syrian	dict-813.png	https://archive.org/download/ANewDictionaryArmenian-english/page/leaf404.jpg	appendix
Ասպահան				dict-813.png	https://archive.org/download/ANewDictionaryArmenian-english/page/leaf404.jpg	appendix
Ասսիզ			Assisi	dict-813.png	https://archive.org/download/ANewDictionaryArmenian-english/page/leaf404.jpg	appendix
Աստապատ			Astapat	dict-813.png	https://archive.org/download/ANewDictionaryArmenian-english/page/leaf404.jpg	appendix
Աստարտէ		f.	Astarte.	dict-800.png	https://archive.org/download/ANewDictionaryArmenian-english/page/leaf398.jpg	appendix
Աստիադէս			Astiades.	dict-800.png	https://archive.org/download/ANewDictionaryArmenian-english/page/leaf398.jpg	appendix
Աստրաբան			Astrakhan	dict-813.png	https://archive.org/download/ANewDictionaryArmenian-english/page/leaf404.jpg	appendix
Ասփաղտիտէս ծովակ			Asphaltites lake	dict-813.png	https://archive.org/download/ANewDictionaryArmenian-english/page/leaf404.jpg	appendix
Ասքանազեանք			Ashkenaz	dict-813.png	https://archive.org/download/ANewDictionaryArmenian-english/page/leaf404.jpg	appendix
Ատա		f.	Adah.	dict-800.png	https://archive.org/download/ANewDictionaryArmenian-english/page/leaf398.jpg	appendix
Ատանա			Adana	dict-813.png	https://archive.org/download/ANewDictionaryArmenian-english/page/leaf404.jpg	appendix
Ատել		f.	Adela.	dict-800.png	https://archive.org/download/ANewDictionaryArmenian-english/page/leaf398.jpg	appendix
Ատելայիտ		f.	Adelaide.	dict-800.png	https://archive.org/download/ANewDictionaryArmenian-english/page/leaf398.jpg	appendix
Ատելինա		f.	Adeline.	dict-800.png	https://archive.org/download/ANewDictionaryArmenian-english/page/leaf398.jpg	appendix
Ատիճէ			Adige	dict-813.png	https://archive.org/download/ANewDictionaryArmenian-english/page/leaf404.jpg	appendix
Ատլանդական			the Atlantic	dict-813.png	https://archive.org/download/ANewDictionaryArmenian-english/page/leaf404.jpg	appendix
Ատոլփոս			Adolphus.	dict-800.png	https://archive.org/download/ANewDictionaryArmenian-english/page/leaf398.jpg	appendix
Ատրներսեհ			Aternarses.	dict-800.png	https://archive.org/download/ANewDictionaryArmenian-english/page/leaf398.jpg	appendix
Ատրպատական			Atropatene; Aderbigan	dict-813.png	https://archive.org/download/ANewDictionaryArmenian-english/page/leaf404.jpg	appendix
Արագոնիա			Aragon	dict-813.png	https://archive.org/download/ANewDictionaryArmenian-english/page/leaf404.jpg	appendix
Արածանի			Aradzany; Euphrates	dict-813.png	https://archive.org/download/ANewDictionaryArmenian-english/page/leaf404.jpg	appendix
Արարատ			Ararat	dict-813.png	https://archive.org/download/ANewDictionaryArmenian-english/page/leaf404.jpg	appendix
Արբէլա			Arbela	dict-813.png	https://archive.org/download/ANewDictionaryArmenian-english/page/leaf404.jpg	appendix
Արգեսիղայոս			Argesilajus.	dict-800.png	https://archive.org/download/ANewDictionaryArmenian-english/page/leaf398.jpg	appendix
Արգոլիս			Argolis	dict-813.png	https://archive.org/download/ANewDictionaryArmenian-english/page/leaf404.jpg	appendix
Արգոս			Argus.	dict-800.png	https://archive.org/download/ANewDictionaryArmenian-english/page/leaf398.jpg	appendix
Արթուր			Arthur.	dict-800.png	https://archive.org/download/ANewDictionaryArmenian-english/page/leaf398.jpg	appendix
Արիադնէ		f.	Ariadne.	dict-800.png	https://archive.org/download/ANewDictionaryArmenian-english/page/leaf398.jpg	appendix
Արիանոսք			Arians	dict-813.png	https://archive.org/download/ANewDictionaryArmenian-english/page/leaf404.jpg	appendix
Արիգա		f.	Herica.	dict-800.png	https://archive.org/download/ANewDictionaryArmenian-english/page/leaf398.jpg	appendix
Արիոբարզան			Ariobarzanes.	dict-800.png	https://archive.org/download/ANewDictionaryArmenian-english/page/leaf398.jpg	appendix
Արիոսեանք			Arians	dict-813.png	https://archive.org/download/ANewDictionaryArmenian-english/page/leaf404.jpg	appendix
Արիոստոյ			Ariosto.	dict-800.png	https://archive.org/download/ANewDictionaryArmenian-english/page/leaf398.jpg	appendix
Արիստարքոս			Aristarchus.	dict-800.png	https://archive.org/download/ANewDictionaryArmenian-english/page/leaf398.jpg	appendix
Արիստոբուղոս			Aristobolus.	dict-800.png	https://archive.org/download/ANewDictionaryArmenian-english/page/leaf398.jpg	appendix
Արիստոդէմ			Aristodemus.	dict-800.png	https://archive.org/download/ANewDictionaryArmenian-english/page/leaf398.jpg	appendix
Արիստոքսէն			Aristoxenes.	dict-801.png	https://archive.org/download/ANewDictionaryArmenian-english/page/leaf398.jpg	appendix
Արծրունի			Ardzeroony.	dict-801.png	https://archive.org/download/ANewDictionaryArmenian-english/page/leaf398.jpg	appendix
Արկադ			Arcadius.	dict-801.png	https://archive.org/download/ANewDictionaryArmenian-english/page/leaf398.jpg	appendix
Արկադիա			Arcadia.	dict-814.png	https://archive.org/download/ANewDictionaryArmenian-english/page/leaf405.jpg	appendix
Արմաւիր			Armavir.	dict-814.png	https://archive.org/download/ANewDictionaryArmenian-english/page/leaf405.jpg	appendix
Արմինիա		f.	Armenia.	dict-801.png	https://archive.org/download/ANewDictionaryArmenian-english/page/leaf398.jpg	appendix
Արմորիկա			Armorica.	dict-814.png	https://archive.org/download/ANewDictionaryArmenian-english/page/leaf405.jpg	appendix
Արշակաւան			Arshagawan.	dict-814.png	https://archive.org/download/ANewDictionaryArmenian-english/page/leaf405.jpg	appendix
Արշամուշատ			Arsamosata.	dict-814.png	https://archive.org/download/ANewDictionaryArmenian-english/page/leaf405.jpg	appendix
Արշարունիք			Arsharunia.	dict-814.png	https://archive.org/download/ANewDictionaryArmenian-english/page/leaf405.jpg	appendix
Արշիպեղագոս			the Archipelago.	dict-814.png	https://archive.org/download/ANewDictionaryArmenian-english/page/leaf405.jpg	appendix
Արտազ			Ardaz.	dict-814.png	https://archive.org/download/ANewDictionaryArmenian-english/page/leaf405.jpg	appendix
Արտաշատ			Artaxata.	dict-814.png	https://archive.org/download/ANewDictionaryArmenian-english/page/leaf405.jpg	appendix
Արտաւազ			Artabasus.	dict-801.png	https://archive.org/download/ANewDictionaryArmenian-english/page/leaf398.jpg	appendix
Արտաւիլ			Ardebil.	dict-814.png	https://archive.org/download/ANewDictionaryArmenian-english/page/leaf405.jpg	appendix
Արտափեռնէս			Artaphernes.	dict-801.png	https://archive.org/download/ANewDictionaryArmenian-english/page/leaf398.jpg	appendix
Արցախ			Artzakh.	dict-814.png	https://archive.org/download/ANewDictionaryArmenian-english/page/leaf405.jpg	appendix
Աւգերեան			(ՀՀ. Մ. և Յ.) Awker, Aucher.	dict-801.png	https://archive.org/download/ANewDictionaryArmenian-english/page/leaf398.jpg	appendix
Աւկսպուրկ, Աւգոստա			Augsburg.	dict-814.png	https://archive.org/download/ANewDictionaryArmenian-english/page/leaf405.jpg	appendix
Աւգոստինոս			Augustinus.	dict-801.png	https://archive.org/download/ANewDictionaryArmenian-english/page/leaf398.jpg	appendix
Աւենտին			the Aventine.	dict-814.png	https://archive.org/download/ANewDictionaryArmenian-english/page/leaf405.jpg	appendix
Աւետիս			Avedis.	dict-801.png	https://archive.org/download/ANewDictionaryArmenian-english/page/leaf398.jpg	appendix
Աւետիքեան			(Հ. Գ.) Awedikian.	dict-801.png	https://archive.org/download/ANewDictionaryArmenian-english/page/leaf398.jpg	appendix
Աւլիս			Aulis.	dict-814.png	https://archive.org/download/ANewDictionaryArmenian-english/page/leaf405.jpg	appendix
Աւկսպուրկ, Աւգոստա			Augsburg.	dict-814.png	https://archive.org/download/ANewDictionaryArmenian-english/page/leaf405.jpg	appendix
Աւստրալիա			Australia.	dict-814.png	https://archive.org/download/ANewDictionaryArmenian-english/page/leaf405.jpg	appendix
Աւստրիա			Austria; Œstreich; Austria, Œstreich	dict-814.png	https://archive.org/download/ANewDictionaryArmenian-english/page/leaf405.jpg	appendix
Աւրա		f.	Aura.	dict-801.png	https://archive.org/download/ANewDictionaryArmenian-english/page/leaf398.jpg	appendix
Աւրեղիա		f.	Aurelia.	dict-801.png	https://archive.org/download/ANewDictionaryArmenian-english/page/leaf398.jpg	appendix
Ափրիկեցի			African	dict-814.png	https://archive.org/download/ANewDictionaryArmenian-english/page/leaf405.jpg	appendix
Աքայիա			Achaia.	dict-814.png	https://archive.org/download/ANewDictionaryArmenian-english/page/leaf405.jpg	appendix
Աքերոն			the Acheron.	dict-814.png	https://archive.org/download/ANewDictionaryArmenian-english/page/leaf405.jpg	appendix
Աքուիլէա			Aquileia.	dict-814.png	https://archive.org/download/ANewDictionaryArmenian-english/page/leaf405.jpg	appendix
Աֆղանիստան			Affghanistan.	dict-814.png	https://archive.org/download/ANewDictionaryArmenian-english/page/leaf405.jpg	appendix
Բաբելոն			Babylon; Babel.; Babylon, Babel.	dict-814.png	https://archive.org/download/ANewDictionaryArmenian-english/page/leaf405.jpg	appendix
Բաբիկ			Babig.	dict-801.png	https://archive.org/download/ANewDictionaryArmenian-english/page/leaf398.jpg	appendix
Բագարան			Bagaran.	dict-814.png	https://archive.org/download/ANewDictionaryArmenian-english/page/leaf405.jpg	appendix
Բագոս			Bacchus (St.).	dict-801.png	https://archive.org/download/ANewDictionaryArmenian-english/page/leaf398.jpg	appendix
Բագրատունի			(Հ. Ա. Կ.) Bagratoony.	dict-801.png	https://archive.org/download/ANewDictionaryArmenian-english/page/leaf398.jpg	appendix
Բագրեւանդ			Bagrewand.	dict-814.png	https://archive.org/download/ANewDictionaryArmenian-english/page/leaf405.jpg	appendix
Բադակոնիա			Patagonia.	dict-814.png	https://archive.org/download/ANewDictionaryArmenian-english/page/leaf405.jpg	appendix
Բազ			Bas or Basus.	dict-801.png	https://archive.org/download/ANewDictionaryArmenian-english/page/leaf398.jpg	appendix
Բալդովինոս			Baldwin.	dict-801.png	https://archive.org/download/ANewDictionaryArmenian-english/page/leaf398.jpg	appendix
Բալերմոյ			Palermo.	dict-814.png	https://archive.org/download/ANewDictionaryArmenian-english/page/leaf405.jpg	appendix
Բակտրիա			Bactria.	dict-814.png	https://archive.org/download/ANewDictionaryArmenian-english/page/leaf405.jpg	appendix
Բահլ			Balkh.	dict-801.png	https://archive.org/download/ANewDictionaryArmenian-english/page/leaf398.jpg	appendix
Բաղէշ			Betlis.	dict-814.png	https://archive.org/download/ANewDictionaryArmenian-english/page/leaf405.jpg	appendix
Բաղտատ			Bagdad.	dict-814.png	https://archive.org/download/ANewDictionaryArmenian-english/page/leaf405.jpg	appendix
Բասեն			Bassen.	dict-814.png	https://archive.org/download/ANewDictionaryArmenian-english/page/leaf405.jpg	appendix
Բասիլիդէս			Basilites.	dict-801.png	https://archive.org/download/ANewDictionaryArmenian-english/page/leaf398.jpg	appendix
Բասրա			Bassora.	dict-814.png	https://archive.org/download/ANewDictionaryArmenian-english/page/leaf405.jpg	appendix
Բարաղամ			Barlaam.	dict-801.png	https://archive.org/download/ANewDictionaryArmenian-english/page/leaf398.jpg	appendix
Բարբարոսաց աշխարհ			Barbary.	dict-814.png	https://archive.org/download/ANewDictionaryArmenian-english/page/leaf405.jpg	appendix
Բարդածան			Bardezanes.	dict-801.png	https://archive.org/download/ANewDictionaryArmenian-english/page/leaf398.jpg	appendix
Բարթուղիմէոս			Bartholomew.	dict-801.png	https://archive.org/download/ANewDictionaryArmenian-english/page/leaf398.jpg	appendix
Բարիզ			Paris.	dict-814.png	https://archive.org/download/ANewDictionaryArmenian-english/page/leaf405.jpg	appendix
Բարձր Հայք			Upper Armenia.	dict-814.png	https://archive.org/download/ANewDictionaryArmenian-english/page/leaf405.jpg	appendix
Բարմա			Parma.	dict-814.png	https://archive.org/download/ANewDictionaryArmenian-english/page/leaf405.jpg	appendix
Բարշամին			Barsamina.	dict-801.png	https://archive.org/download/ANewDictionaryArmenian-english/page/leaf398.jpg	appendix
Բաւիա			Pavia.	dict-814.png	https://archive.org/download/ANewDictionaryArmenian-english/page/leaf405.jpg	appendix
Բեեղզեբուղ			Beelzebub.	dict-801.png	https://archive.org/download/ANewDictionaryArmenian-english/page/leaf398.jpg	appendix
Բեթղեհէմ			Beth-lehem.	dict-814.png	https://archive.org/download/ANewDictionaryArmenian-english/page/leaf405.jpg	appendix
Բեթսայիդա			Bethsaida.	dict-814.png	https://archive.org/download/ANewDictionaryArmenian-english/page/leaf405.jpg	appendix
Բելգիա			Belgium.	dict-814.png	https://archive.org/download/ANewDictionaryArmenian-english/page/leaf405.jpg	appendix
Բելիսար			Belisarius.	dict-801.png	https://archive.org/download/ANewDictionaryArmenian-english/page/leaf398.jpg	appendix
Բեկենտ			Vincent.	dict-801.png	https://archive.org/download/ANewDictionaryArmenian-english/page/leaf398.jpg	appendix
Բենեւէնդ			Benevento.	dict-814.png	https://archive.org/download/ANewDictionaryArmenian-english/page/leaf405.jpg	appendix
Բեշտ			Pesth.	dict-814.png	https://archive.org/download/ANewDictionaryArmenian-english/page/leaf405.jpg	appendix
Բեռնարդ			Bernardus, Bernard.	dict-801.png	https://archive.org/download/ANewDictionaryArmenian-english/page/leaf398.jpg	appendix
Բերթա		f.	Bertha.	dict-801.png	https://archive.org/download/ANewDictionaryArmenian-english/page/leaf398.jpg	appendix
Բերիա			Haleb; Aleppo.; Haleb, Aleppo.	dict-814.png	https://archive.org/download/ANewDictionaryArmenian-english/page/leaf405.jpg	appendix
Բերուճիա			Perugia.	dict-814.png	https://archive.org/download/ANewDictionaryArmenian-english/page/leaf405.jpg	appendix
Բէգին			Pekin.	dict-814.png	https://archive.org/download/ANewDictionaryArmenian-english/page/leaf405.jpg	appendix
Բէթէլ			Bethel.	dict-814.png	https://archive.org/download/ANewDictionaryArmenian-english/page/leaf405.jpg	appendix
Բէթսաբէ		f.	Bathsheba.	dict-801.png	https://archive.org/download/ANewDictionaryArmenian-english/page/leaf398.jpg	appendix
Բէովտիա			Beotia.	dict-814.png	https://archive.org/download/ANewDictionaryArmenian-english/page/leaf405.jpg	appendix
Բիաչէնցա			Piacenza.	dict-814.png	https://archive.org/download/ANewDictionaryArmenian-english/page/leaf405.jpg	appendix
Բիբի		f.	Bibiana.	dict-801.png	https://archive.org/download/ANewDictionaryArmenian-english/page/leaf398.jpg	appendix
Բիզա			Pisa.	dict-814.png	https://archive.org/download/ANewDictionaryArmenian-english/page/leaf405.jpg	appendix
Բիէմոնդ			Piedmont.	dict-814.png	https://archive.org/download/ANewDictionaryArmenian-english/page/leaf405.jpg	appendix
Բիւզանդացի			Byzantin	dict-814.png	https://archive.org/download/ANewDictionaryArmenian-english/page/leaf405.jpg	appendix
Բիւթանիա			Bithynia.	dict-814.png	https://archive.org/download/ANewDictionaryArmenian-english/page/leaf405.jpg	appendix
Բոնոնիա			Bologna.	dict-814.png	https://archive.org/download/ANewDictionaryArmenian-english/page/leaf405.jpg	appendix
Բոսփորոս			the Bosphorus.	dict-814.png	https://archive.org/download/ANewDictionaryArmenian-english/page/leaf405.jpg	appendix
Բորդուգալ				dict-814.png	https://archive.org/download/ANewDictionaryArmenian-english/page/leaf405.jpg	appendix
Բորիսթենէս			the Borysthenes.	dict-814.png	https://archive.org/download/ANewDictionaryArmenian-english/page/leaf405.jpg	appendix
Բուբուլ		f.	Bubula.	dict-801.png	https://archive.org/download/ANewDictionaryArmenian-english/page/leaf398.jpg	appendix
Բուզանդ			Byzant.	dict-801.png	https://archive.org/download/ANewDictionaryArmenian-english/page/leaf398.jpg	appendix
Բուլղարք			Bulgaria.	dict-814.png	https://archive.org/download/ANewDictionaryArmenian-english/page/leaf405.jpg	appendix
Բրանդեբուրգ			Brandenburgh.	dict-814.png	https://archive.org/download/ANewDictionaryArmenian-english/page/leaf405.jpg	appendix
Բրեդոն			Briton.	dict-814.png	https://archive.org/download/ANewDictionaryArmenian-english/page/leaf405.jpg	appendix
Բրիարէ			Briareus.	dict-801.png	https://archive.org/download/ANewDictionaryArmenian-english/page/leaf398.jpg	appendix
Բրիտանիա			Britain	dict-814.png	https://archive.org/download/ANewDictionaryArmenian-english/page/leaf405.jpg	appendix
Բրիտաննիկոս			Britannicus.; Britannicus	dict-801.png	https://archive.org/download/ANewDictionaryArmenian-english/page/leaf398.jpg	appendix
Բրուսիա			Prussia; Preussen.; Prussia, Preussen.	dict-814.png	https://archive.org/download/ANewDictionaryArmenian-english/page/leaf405.jpg	appendix
Գաբելլեդդի			(Տէր Յ.) Cappelletti.	dict-801.png	https://archive.org/download/ANewDictionaryArmenian-english/page/leaf398.jpg	appendix
Գագիկ			Kakig.	dict-801.png	https://archive.org/download/ANewDictionaryArmenian-english/page/leaf398.jpg	appendix
Գազա			Gaza.	dict-814.png	https://archive.org/download/ANewDictionaryArmenian-english/page/leaf405.jpg	appendix
Գազմիր			Casimir.	dict-801.png	https://archive.org/download/ANewDictionaryArmenian-english/page/leaf398.jpg	appendix
Գալիլիա			Galilee	dict-814.png	https://archive.org/download/ANewDictionaryArmenian-english/page/leaf405.jpg	appendix
Գաղաադ			Galaad.	dict-814.png	https://archive.org/download/ANewDictionaryArmenian-english/page/leaf405.jpg	appendix
Գաղատիա			Galatia	dict-814.png	https://archive.org/download/ANewDictionaryArmenian-english/page/leaf405.jpg	appendix
Գաղերիոս			Galerius.	dict-801.png	https://archive.org/download/ANewDictionaryArmenian-english/page/leaf398.jpg	appendix
Գաղղիա			Gallia; France; Gaul; Gallia, France, Gaul	dict-814.png	https://archive.org/download/ANewDictionaryArmenian-english/page/leaf405.jpg	appendix
Գամիրք			Cappadocia.	dict-814.png	https://archive.org/download/ANewDictionaryArmenian-english/page/leaf405.jpg	appendix
Գայետան			Gajetan.	dict-801.png	https://archive.org/download/ANewDictionaryArmenian-english/page/leaf398.jpg	appendix
Գայիրէ			Cairo.	dict-814.png	https://archive.org/download/ANewDictionaryArmenian-english/page/leaf405.jpg	appendix
Գանգէս			Ganges.	dict-814.png	https://archive.org/download/ANewDictionaryArmenian-english/page/leaf405.jpg	appendix
Գառնի			Garny.	dict-814.png	https://archive.org/download/ANewDictionaryArmenian-english/page/leaf405.jpg	appendix
Գարդման			Guardman.	dict-814.png	https://archive.org/download/ANewDictionaryArmenian-english/page/leaf405.jpg	appendix
Գեթսեմանի			Gethsemane.	dict-814.png	https://archive.org/download/ANewDictionaryArmenian-english/page/leaf405.jpg	appendix
Գեհոն			Gihon.	dict-814.png	https://archive.org/download/ANewDictionaryArmenian-english/page/leaf405.jpg	appendix
Գեննատիոս			Gennatius.	dict-802.png	https://archive.org/download/ANewDictionaryArmenian-english/page/leaf399.jpg	appendix
Գեննարիոս			Gennarius; Januarius.; Gennarius, Januarius.	dict-802.png	https://archive.org/download/ANewDictionaryArmenian-english/page/leaf399.jpg	appendix
Գեննեսարէթ			Gennesareth.	dict-814.png	https://archive.org/download/ANewDictionaryArmenian-english/page/leaf405.jpg	appendix
Գենուա			Genoa.	dict-814.png	https://archive.org/download/ANewDictionaryArmenian-english/page/leaf405.jpg	appendix
Գերմանիա			Germany	dict-814.png	https://archive.org/download/ANewDictionaryArmenian-english/page/leaf405.jpg	appendix
Գերտրուդա		f.	Gertrude.	dict-802.png	https://archive.org/download/ANewDictionaryArmenian-english/page/leaf399.jpg	appendix
Գիարա				dict-802.png	https://archive.org/download/ANewDictionaryArmenian-english/page/leaf399.jpg	appendix
Գլակ			Kelace.	dict-802.png	https://archive.org/download/ANewDictionaryArmenian-english/page/leaf399.jpg	appendix
Գլոդիլտէ		f.	Clotilda.	dict-802.png	https://archive.org/download/ANewDictionaryArmenian-english/page/leaf399.jpg	appendix
Գլուխ Բարեյուսոյ			the Cape of Good Hope.	dict-814.png	https://archive.org/download/ANewDictionaryArmenian-english/page/leaf405.jpg	appendix
Գնել			Kenél.	dict-802.png	https://archive.org/download/ANewDictionaryArmenian-english/page/leaf399.jpg	appendix
Գոբենհակէն			Copenhagen.	dict-814.png	https://archive.org/download/ANewDictionaryArmenian-english/page/leaf405.jpg	appendix
Գոդարգոս			Godard.	dict-802.png	https://archive.org/download/ANewDictionaryArmenian-english/page/leaf399.jpg	appendix
Գոթ			Goth.	dict-802.png	https://archive.org/download/ANewDictionaryArmenian-english/page/leaf399.jpg	appendix
Գոթլանտիա			Gothland.	dict-814.png	https://archive.org/download/ANewDictionaryArmenian-english/page/leaf405.jpg	appendix
Գոհարինէ		f.	Gemma.	dict-802.png	https://archive.org/download/ANewDictionaryArmenian-english/page/leaf399.jpg	appendix
Գողգոթա			Golgotha.	dict-814.png	https://archive.org/download/ANewDictionaryArmenian-english/page/leaf405.jpg	appendix
Գողթն			Colthen.	dict-814.png	https://archive.org/download/ANewDictionaryArmenian-english/page/leaf405.jpg	appendix
Գողիաթ			Goliath; Goliah.; Goliath, Goliah.	dict-802.png	https://archive.org/download/ANewDictionaryArmenian-english/page/leaf399.jpg	appendix
Գոմոյի լիճ			the Lake of Como.	dict-814.png	https://archive.org/download/ANewDictionaryArmenian-english/page/leaf405.jpg	appendix
Գոնրատ			Conrad.	dict-802.png	https://archive.org/download/ANewDictionaryArmenian-english/page/leaf399.jpg	appendix
Գոպլէնց			Coblentz.	dict-814.png	https://archive.org/download/ANewDictionaryArmenian-english/page/leaf405.jpg	appendix
Գորգոն			Gorgo, -n.	dict-802.png	https://archive.org/download/ANewDictionaryArmenian-english/page/leaf399.jpg	appendix
Գորդիոս			Gortius.	dict-802.png	https://archive.org/download/ANewDictionaryArmenian-english/page/leaf399.jpg	appendix
Գուգարք			Gugaria.	dict-814.png	https://archive.org/download/ANewDictionaryArmenian-english/page/leaf405.jpg	appendix
Գոթ, Գութ, Գութք			Goths.	dict-814.png	https://archive.org/download/ANewDictionaryArmenian-english/page/leaf405.jpg	appendix
Գուշար			Gooshar.	dict-802.png	https://archive.org/download/ANewDictionaryArmenian-english/page/leaf399.jpg	appendix
Գուրգէն			Koorken.	dict-802.png	https://archive.org/download/ANewDictionaryArmenian-english/page/leaf399.jpg	appendix
Գուրիաս			Gurias.	dict-802.png	https://archive.org/download/ANewDictionaryArmenian-english/page/leaf399.jpg	appendix
Գրակքեանք			the Gracchi.	dict-814.png	https://archive.org/download/ANewDictionaryArmenian-english/page/leaf405.jpg	appendix
Գրակքոս			Gracchus.	dict-802.png	https://archive.org/download/ANewDictionaryArmenian-english/page/leaf399.jpg	appendix
Գրանատա			Granada.	dict-814.png	https://archive.org/download/ANewDictionaryArmenian-english/page/leaf405.jpg	appendix
Գրատիա		f.	Grace.	dict-802.png	https://archive.org/download/ANewDictionaryArmenian-english/page/leaf399.jpg	appendix
Գրեմոնա			Cremona.	dict-814.png	https://archive.org/download/ANewDictionaryArmenian-english/page/leaf405.jpg	appendix
Գրոտիոս			Grotius.	dict-802.png	https://archive.org/download/ANewDictionaryArmenian-english/page/leaf399.jpg	appendix
Դալիլա		f.	Dalilah.	dict-802.png	https://archive.org/download/ANewDictionaryArmenian-english/page/leaf399.jpg	appendix
Դակիա			Dacia; Transylvania.; Dacia, Transylvania.	dict-814.png	https://archive.org/download/ANewDictionaryArmenian-english/page/leaf405.jpg	appendix
Դաղմատիա			Dalmatia.	dict-814.png	https://archive.org/download/ANewDictionaryArmenian-english/page/leaf405.jpg	appendix
Դամասկոս			Damascus (Sham-el-Kebeer).	dict-814.png	https://archive.org/download/ANewDictionaryArmenian-english/page/leaf405.jpg	appendix
Դամարիս		f.	Damaris.	dict-802.png	https://archive.org/download/ANewDictionaryArmenian-english/page/leaf399.jpg	appendix
Դամիանոս			Damianus.	dict-802.png	https://archive.org/download/ANewDictionaryArmenian-english/page/leaf399.jpg	appendix
Դամոկլէս			Damocles.	dict-802.png	https://archive.org/download/ANewDictionaryArmenian-english/page/leaf399.jpg	appendix
Դանայիտք		f.	the Danaides.	dict-814.png	https://archive.org/download/ANewDictionaryArmenian-english/page/leaf405.jpg	appendix
Դանեցի			Dane.	dict-814.png	https://archive.org/download/ANewDictionaryArmenian-english/page/leaf405.jpg	appendix
Դանիա			Denmark; Danemark.; Denmark, Danemark.	dict-814.png	https://archive.org/download/ANewDictionaryArmenian-english/page/leaf405.jpg	appendix
Դանուբ			the Danube.	dict-814.png	https://archive.org/download/ANewDictionaryArmenian-english/page/leaf405.jpg	appendix
Դարանաղի			Daranalia.	dict-814.png	https://archive.org/download/ANewDictionaryArmenian-english/page/leaf405.jpg	appendix
Դարբանդ			Derbent.	dict-814.png	https://archive.org/download/ANewDictionaryArmenian-english/page/leaf405.jpg	appendix
Դաւրէժ			Tauris.	dict-814.png	https://archive.org/download/ANewDictionaryArmenian-english/page/leaf405.jpg	appendix
Դեբորա		f.	Deborah; Deb; Debby.; Deborah, Deb, Debby.	dict-802.png	https://archive.org/download/ANewDictionaryArmenian-english/page/leaf399.jpg	appendix
Դելտայ			Delta.	dict-814.png	https://archive.org/download/ANewDictionaryArmenian-english/page/leaf405.jpg	appendix
Դեկապոլիս			Decapolis.	dict-814.png	https://archive.org/download/ANewDictionaryArmenian-english/page/leaf405.jpg	appendix
Դեկիոս			Decius.	dict-802.png	https://archive.org/download/ANewDictionaryArmenian-english/page/leaf399.jpg	appendix
Դեկոս			Decius.	dict-802.png	https://archive.org/download/ANewDictionaryArmenian-english/page/leaf399.jpg	appendix
Դեղփէ			Delphi; Delphos.; Delphi, Delphos.	dict-814.png	https://archive.org/download/ANewDictionaryArmenian-english/page/leaf405.jpg	appendix
Դերենիկ			Derenice.	dict-802.png	https://archive.org/download/ANewDictionaryArmenian-english/page/leaf399.jpg	appendix
Դերջան			Dertchian.	dict-814.png	https://archive.org/download/ANewDictionaryArmenian-english/page/leaf405.jpg	appendix
Դէովկիս			Deioces.	dict-802.png	https://archive.org/download/ANewDictionaryArmenian-english/page/leaf399.jpg	appendix
Դիդոն			Dido.	dict-802.png	https://archive.org/download/ANewDictionaryArmenian-english/page/leaf399.jpg	appendix
Դիդով			Dido.	dict-802.png	https://archive.org/download/ANewDictionaryArmenian-english/page/leaf399.jpg	appendix
Դիկտէ			Dicte.	dict-815.png	https://archive.org/download/ANewDictionaryArmenian-english/page/leaf405.jpg	appendix
Դիմոկրատէս			Democrates.	dict-802.png	https://archive.org/download/ANewDictionaryArmenian-english/page/leaf399.jpg	appendix
Դիմոկրիտոս			Democritus.	dict-802.png	https://archive.org/download/ANewDictionaryArmenian-english/page/leaf399.jpg	appendix
Դինա		f.	Dinah.	dict-802.png	https://archive.org/download/ANewDictionaryArmenian-english/page/leaf399.jpg	appendix
Դինդորէդդոյ			Tintoretto.	dict-802.png	https://archive.org/download/ANewDictionaryArmenian-english/page/leaf399.jpg	appendix
Դիոմիդէս			Diomedes; Diomed.; Diomedes, Diomed.	dict-802.png	https://archive.org/download/ANewDictionaryArmenian-english/page/leaf399.jpg	appendix
Դիոնեսիոս			Dionysius; Denis.; Dionysius, Denis.	dict-802.png	https://archive.org/download/ANewDictionaryArmenian-english/page/leaf399.jpg	appendix
Դիոսպոլիս			Diospolis.	dict-814.png	https://archive.org/download/ANewDictionaryArmenian-english/page/leaf405.jpg	appendix
Դիրոլ			the Tyrol.	dict-815.png	https://archive.org/download/ANewDictionaryArmenian-english/page/leaf405.jpg	appendix
Դիցիանոս			Tiziano.	dict-802.png	https://archive.org/download/ANewDictionaryArmenian-english/page/leaf399.jpg	appendix
Դկլաթ				dict-815.png	https://archive.org/download/ANewDictionaryArmenian-english/page/leaf405.jpg	appendix
Դոդովնա			Dodona.	dict-815.png	https://archive.org/download/ANewDictionaryArmenian-english/page/leaf405.jpg	appendix
Դոլաբելլա			Dolabella.	dict-802.png	https://archive.org/download/ANewDictionaryArmenian-english/page/leaf399.jpg	appendix
Դոմետ			Domitianus; Domitian.; Domitianus, Domitian.	dict-802.png	https://archive.org/download/ANewDictionaryArmenian-english/page/leaf399.jpg	appendix
Դոմնա		f.	Domna; Dolly.; Domna.	dict-802.png	https://archive.org/download/ANewDictionaryArmenian-english/page/leaf399.jpg	appendix
Դորիա			Doris.	dict-815.png	https://archive.org/download/ANewDictionaryArmenian-english/page/leaf405.jpg	appendix
Դորոթէա		f.	Dorothea; Dorothy; Doll; Dolly.; Dorothea, Dorothy, Doll, Dolly.	dict-802.png	https://archive.org/download/ANewDictionaryArmenian-english/page/leaf399.jpg	appendix
Դուին			Dwin.	dict-815.png	https://archive.org/download/ANewDictionaryArmenian-english/page/leaf405.jpg	appendix
Վարդենի, -դուհի		f.	Rose.	dict-811.png	https://archive.org/download/ANewDictionaryArmenian-english/page/leaf403.jpg	appendix
Դուրին			Turin, Augustus Taurinorum.	dict-815.png	https://archive.org/download/ANewDictionaryArmenian-english/page/leaf405.jpg	appendix
Դրակոն			Draco; Dracon.; Draco, Dracon.	dict-802.png	https://archive.org/download/ANewDictionaryArmenian-english/page/leaf399.jpg	appendix
Դրուսիլլա		f.	Drusilla.	dict-802.png	https://archive.org/download/ANewDictionaryArmenian-english/page/leaf399.jpg	appendix
Դրուսոս			Druso; Drusus.; Druso, Drusus.	dict-802.png	https://archive.org/download/ANewDictionaryArmenian-english/page/leaf399.jpg	appendix
Եբէ		f.	Hebe.	dict-802.png	https://archive.org/download/ANewDictionaryArmenian-english/page/leaf399.jpg	appendix
Եբորա			Ebora.	dict-802.png	https://archive.org/download/ANewDictionaryArmenian-english/page/leaf399.jpg	appendix
Եբրոս			Ebro, Hebrus.	dict-815.png	https://archive.org/download/ANewDictionaryArmenian-english/page/leaf405.jpg	appendix
Եգեան ծով			the Ægean sea.	dict-815.png	https://archive.org/download/ANewDictionaryArmenian-english/page/leaf405.jpg	appendix
Եգերիա		f.	Egeria.	dict-802.png	https://archive.org/download/ANewDictionaryArmenian-english/page/leaf399.jpg	appendix
Եդեսիա			Edessa, Urfah.	dict-815.png	https://archive.org/download/ANewDictionaryArmenian-english/page/leaf405.jpg	appendix
Եդիթ		f.	Edith.	dict-802.png	https://archive.org/download/ANewDictionaryArmenian-english/page/leaf399.jpg	appendix
Եդոմ			Idume, Idumæa; -այեցի, Idumean.; Idume, Idumæa	dict-815.png	https://archive.org/download/ANewDictionaryArmenian-english/page/leaf405.jpg	appendix
Եթովպիա			Ethiopia; -ցի, -ո.; Ethiopia	dict-815.png	https://archive.org/download/ANewDictionaryArmenian-english/page/leaf405.jpg	appendix
Ելեանովրա		f.	Eleanor; Eleonora.; Eleanor, Eleonora.	dict-802.png	https://archive.org/download/ANewDictionaryArmenian-english/page/leaf399.jpg	appendix
Ելեկտրա		f.	Electra.	dict-802.png	https://archive.org/download/ANewDictionaryArmenian-english/page/leaf399.jpg	appendix
Ելեւսիս			Eleusis.	dict-815.png	https://archive.org/download/ANewDictionaryArmenian-english/page/leaf405.jpg	appendix
Ելիզա		f.	Eliza.	dict-802.png	https://archive.org/download/ANewDictionaryArmenian-english/page/leaf399.jpg	appendix
Ելլադա				dict-815.png	https://archive.org/download/ANewDictionaryArmenian-english/page/leaf405.jpg	appendix
Ելլեսպոնտոս			Hellespont.	dict-815.png	https://archive.org/download/ANewDictionaryArmenian-english/page/leaf405.jpg	appendix
Ելոյիզա		f.	Eloisa; Heloisa.; Eloisa, Heloisa.	dict-802.png	https://archive.org/download/ANewDictionaryArmenian-english/page/leaf399.jpg	appendix
Ելպիս		f.	Elpis.	dict-802.png	https://archive.org/download/ANewDictionaryArmenian-english/page/leaf399.jpg	appendix
Եկբատան			Ecpatan.; Ecbatan.	dict-815.png	https://archive.org/download/ANewDictionaryArmenian-english/page/leaf405.jpg	appendix
Եմեսա			Emessa.	dict-815.png	https://archive.org/download/ANewDictionaryArmenian-english/page/leaf405.jpg	appendix
Եմիլիա		f.	Emilia; Emily.; Emilia, Emily.	dict-803.png	https://archive.org/download/ANewDictionaryArmenian-english/page/leaf399.jpg	appendix
Եմիլիոս			Emilius.	dict-803.png	https://archive.org/download/ANewDictionaryArmenian-english/page/leaf399.jpg	appendix
Եմմա		f.	Emma.	dict-803.png	https://archive.org/download/ANewDictionaryArmenian-english/page/leaf399.jpg	appendix
Եմպետոկլէս			Empedocles.	dict-803.png	https://archive.org/download/ANewDictionaryArmenian-english/page/leaf399.jpg	appendix
Եուդլանտ			Jutland.	dict-815.png	https://archive.org/download/ANewDictionaryArmenian-english/page/leaf405.jpg	appendix
Եպամինոնդ			Epaminondas.	dict-803.png	https://archive.org/download/ANewDictionaryArmenian-english/page/leaf399.jpg	appendix
Եպիդաւրոս			Epidaurus.	dict-815.png	https://archive.org/download/ANewDictionaryArmenian-english/page/leaf405.jpg	appendix
Եպիւռոս			Epirus.	dict-815.png	https://archive.org/download/ANewDictionaryArmenian-english/page/leaf405.jpg	appendix
Եռնեստ			Ernest.	dict-803.png	https://archive.org/download/ANewDictionaryArmenian-english/page/leaf399.jpg	appendix
Եսկուլապ			Æsculapius.	dict-803.png	https://archive.org/download/ANewDictionaryArmenian-english/page/leaf399.jpg	appendix
Եսքիլոս			Æschylus.	dict-803.png	https://archive.org/download/ANewDictionaryArmenian-english/page/leaf399.jpg	appendix
Ետկար			Edgar.	dict-803.png	https://archive.org/download/ANewDictionaryArmenian-english/page/leaf399.jpg	appendix
Ետնա			the Ætna.	dict-815.png	https://archive.org/download/ANewDictionaryArmenian-english/page/leaf405.jpg	appendix
Ետրուրիա			Etruria.	dict-815.png	https://archive.org/download/ANewDictionaryArmenian-english/page/leaf405.jpg	appendix
Երասխ			Araxes, Aras.	dict-815.png	https://archive.org/download/ANewDictionaryArmenian-english/page/leaf405.jpg	appendix
Երատով		f.	Erato.	dict-803.png	https://archive.org/download/ANewDictionaryArmenian-english/page/leaf399.jpg	appendix
Երզնկա			Arzingian, Erzinga.	dict-815.png	https://archive.org/download/ANewDictionaryArmenian-english/page/leaf405.jpg	appendix
Երիդանոս			Eridanus.	dict-803.png	https://archive.org/download/ANewDictionaryArmenian-english/page/leaf399.jpg	appendix
Երինէ		f.	Irene.	dict-803.png	https://archive.org/download/ANewDictionaryArmenian-english/page/leaf399.jpg	appendix
Երիննայք		f.	Erinnys.	dict-815.png	https://archive.org/download/ANewDictionaryArmenian-english/page/leaf405.jpg	appendix
Երինոս			Erinius.	dict-803.png	https://archive.org/download/ANewDictionaryArmenian-english/page/leaf399.jpg	appendix
Երիքով			Jericho.	dict-815.png	https://archive.org/download/ANewDictionaryArmenian-english/page/leaf405.jpg	appendix
Երմինիա		f.	Herminia.	dict-803.png	https://archive.org/download/ANewDictionaryArmenian-english/page/leaf399.jpg	appendix
Երմինիոս			Herminius.	dict-803.png	https://archive.org/download/ANewDictionaryArmenian-english/page/leaf399.jpg	appendix
Երմոգենէս			Hermogenes.	dict-803.png	https://archive.org/download/ANewDictionaryArmenian-english/page/leaf399.jpg	appendix
Երմողայոս			Ermolaus.	dict-803.png	https://archive.org/download/ANewDictionaryArmenian-english/page/leaf399.jpg	appendix
Երմոնէ		f.	Hermiona.	dict-803.png	https://archive.org/download/ANewDictionaryArmenian-english/page/leaf399.jpg	appendix
Երոստրատոս			Herostratus.	dict-803.png	https://archive.org/download/ANewDictionaryArmenian-english/page/leaf399.jpg	appendix
Երուանդակերտ			Erwantacerta.	dict-815.png	https://archive.org/download/ANewDictionaryArmenian-english/page/leaf405.jpg	appendix
Երուանդաշատ			Erwantaxata.	dict-815.png	https://archive.org/download/ANewDictionaryArmenian-english/page/leaf405.jpg	appendix
Երուսաղէմ			Jerusalem.	dict-815.png	https://archive.org/download/ANewDictionaryArmenian-english/page/leaf405.jpg	appendix
Երսիլիա		f.	Hersilia.	dict-803.png	https://archive.org/download/ANewDictionaryArmenian-english/page/leaf399.jpg	appendix
Եւա		f.	Eva.	dict-803.png	https://archive.org/download/ANewDictionaryArmenian-english/page/leaf399.jpg	appendix
Եւագորաս			Evagoras.	dict-803.png	https://archive.org/download/ANewDictionaryArmenian-english/page/leaf399.jpg	appendix
Եւանդր			Evander.	dict-803.png	https://archive.org/download/ANewDictionaryArmenian-english/page/leaf399.jpg	appendix
Եւբիա			Eubœa, Negroponte.; Eubæa, Negroponte.	dict-815.png	https://archive.org/download/ANewDictionaryArmenian-english/page/leaf405.jpg	appendix
Եւգինէ		f.	Eugenia.	dict-803.png	https://archive.org/download/ANewDictionaryArmenian-english/page/leaf399.jpg	appendix
Եւգինէոս			Eugenius.	dict-803.png	https://archive.org/download/ANewDictionaryArmenian-english/page/leaf399.jpg	appendix
Եւդոկիա			Eutochia, Tokat.	dict-815.png	https://archive.org/download/ANewDictionaryArmenian-english/page/leaf405.jpg	appendix
Եւլալիա		f.	Eulalia.	dict-803.png	https://archive.org/download/ANewDictionaryArmenian-english/page/leaf399.jpg	appendix
Եւկլիդէս			Euclides; Euclid.; Euclides, Euclid.	dict-803.png	https://archive.org/download/ANewDictionaryArmenian-english/page/leaf399.jpg	appendix
Եւնիկէ		f.	Eunice.	dict-803.png	https://archive.org/download/ANewDictionaryArmenian-english/page/leaf399.jpg	appendix
Եւոլիա			Æolia.	dict-815.png	https://archive.org/download/ANewDictionaryArmenian-english/page/leaf405.jpg	appendix
Եւպրաքսիա		f.	Eupraxia.	dict-803.png	https://archive.org/download/ANewDictionaryArmenian-english/page/leaf399.jpg	appendix
Եւսեբիա		f.	Eusebia.	dict-803.png	https://archive.org/download/ANewDictionaryArmenian-english/page/leaf399.jpg	appendix
Եւստաթէոս			Eustathius.	dict-803.png	https://archive.org/download/ANewDictionaryArmenian-english/page/leaf399.jpg	appendix
Եւստաքէոս			Eustachius; Eustace.; Eustachius, Eustace.	dict-803.png	https://archive.org/download/ANewDictionaryArmenian-english/page/leaf399.jpg	appendix
Եւստրատիոս			Eustratius.	dict-803.png	https://archive.org/download/ANewDictionaryArmenian-english/page/leaf399.jpg	appendix
Եւտիքականք			Eutychians.	dict-815.png	https://archive.org/download/ANewDictionaryArmenian-english/page/leaf405.jpg	appendix
Եւտիքոս			Eutychus.	dict-803.png	https://archive.org/download/ANewDictionaryArmenian-english/page/leaf399.jpg	appendix
Եւրիդիկէ		f.	Eurydice.	dict-803.png	https://archive.org/download/ANewDictionaryArmenian-english/page/leaf399.jpg	appendix
Եւփիմէ		f.	Eupheme.	dict-803.png	https://archive.org/download/ANewDictionaryArmenian-english/page/leaf399.jpg	appendix
Եւփրոսինէ		f.	Euphrosyna or ne.	dict-803.png	https://archive.org/download/ANewDictionaryArmenian-english/page/leaf399.jpg	appendix
Եւքսինեան			Euxine.	dict-815.png	https://archive.org/download/ANewDictionaryArmenian-english/page/leaf405.jpg	appendix
Եփեսացի			Ephesian; -սոս Ephesus.; Ephesian	dict-815.png	https://archive.org/download/ANewDictionaryArmenian-english/page/leaf405.jpg	appendix
Եփրատ			Euphrates.	dict-815.png	https://archive.org/download/ANewDictionaryArmenian-english/page/leaf405.jpg	appendix
Զաբուղոն			Zabulon.	dict-803.png	https://archive.org/download/ANewDictionaryArmenian-english/page/leaf399.jpg	appendix
Զակինթոս			Zacynthus, Zante.	dict-815.png	https://archive.org/download/ANewDictionaryArmenian-english/page/leaf405.jpg	appendix
Զանկիպար			Zanguibar.	dict-815.png	https://archive.org/download/ANewDictionaryArmenian-english/page/leaf405.jpg	appendix
Զարեհաւան			Zarehawan.	dict-815.png	https://archive.org/download/ANewDictionaryArmenian-english/page/leaf405.jpg	appendix
Զարմանդուխտ		f.	Zarmandookhd.	dict-803.png	https://archive.org/download/ANewDictionaryArmenian-english/page/leaf399.jpg	appendix
Զարուհի		f.	Zaroohy.	dict-803.png	https://archive.org/download/ANewDictionaryArmenian-english/page/leaf399.jpg	appendix
Զաւէն			Savinus.	dict-803.png	https://archive.org/download/ANewDictionaryArmenian-english/page/leaf399.jpg	appendix
Զաւինա		f.	Savina.	dict-803.png	https://archive.org/download/ANewDictionaryArmenian-english/page/leaf399.jpg	appendix
Զեբեդէոս			Zebediah.	dict-803.png	https://archive.org/download/ANewDictionaryArmenian-english/page/leaf399.jpg	appendix
Զելանդիա			Zealand.	dict-815.png	https://archive.org/download/ANewDictionaryArmenian-english/page/leaf405.jpg	appendix
Զենոբիա		f.	Zenobia.	dict-803.png	https://archive.org/download/ANewDictionaryArmenian-english/page/leaf399.jpg	appendix
Զեւքսիս			Zeuxis.	dict-803.png	https://archive.org/download/ANewDictionaryArmenian-english/page/leaf399.jpg	appendix
Զմիւռնիա			Smyrna.	dict-815.png	https://archive.org/download/ANewDictionaryArmenian-english/page/leaf405.jpg	appendix
Զոյէ		f.	Zoe.	dict-803.png	https://archive.org/download/ANewDictionaryArmenian-english/page/leaf399.jpg	appendix
Զոսիմոս			Zosimus.	dict-803.png	https://archive.org/download/ANewDictionaryArmenian-english/page/leaf399.jpg	appendix
Զուիտերզէ			Zuyderzee.	dict-815.png	https://archive.org/download/ANewDictionaryArmenian-english/page/leaf405.jpg	appendix
Զուիցերի				dict-815.png	https://archive.org/download/ANewDictionaryArmenian-english/page/leaf405.jpg	appendix
Զօրայ			Zorah.	dict-803.png	https://archive.org/download/ANewDictionaryArmenian-english/page/leaf399.jpg	appendix
Էակոս			Æacus.	dict-803.png	https://archive.org/download/ANewDictionaryArmenian-english/page/leaf399.jpg	appendix
Էաս				dict-803.png	https://archive.org/download/ANewDictionaryArmenian-english/page/leaf399.jpg	appendix
Էթիլ			Volga.	dict-815.png	https://archive.org/download/ANewDictionaryArmenian-english/page/leaf405.jpg	appendix
Էլպա			Elba.	dict-815.png	https://archive.org/download/ANewDictionaryArmenian-english/page/leaf405.jpg	appendix
Էջմիածին			Echmiadzin.	dict-815.png	https://archive.org/download/ANewDictionaryArmenian-english/page/leaf405.jpg	appendix
Էտիմպուրկ			Edinburg.	dict-815.png	https://archive.org/download/ANewDictionaryArmenian-english/page/leaf405.jpg	appendix
Էրզիւրիւմ, Էրզրում			Erzroom, Erzeroum, Arsdroom.	dict-815.png	https://archive.org/download/ANewDictionaryArmenian-english/page/leaf405.jpg	appendix
Էրզիւրիւմ, Էրզրում			Erzroom, Erzeroum, Arsdroom.	dict-815.png	https://archive.org/download/ANewDictionaryArmenian-english/page/leaf405.jpg	appendix
Թաբոր			Tabor.	dict-815.png	https://archive.org/download/ANewDictionaryArmenian-english/page/leaf405.jpg	appendix
Թաթարաց աշխարհ			Tartary.	dict-815.png	https://archive.org/download/ANewDictionaryArmenian-english/page/leaf405.jpg	appendix
Թալիլէոս			Thalileus.	dict-803.png	https://archive.org/download/ANewDictionaryArmenian-english/page/leaf399.jpg	appendix
Թամար		f.	Thamar.	dict-803.png	https://archive.org/download/ANewDictionaryArmenian-english/page/leaf399.jpg	appendix
Թամիզ			Thames.	dict-815.png	https://archive.org/download/ANewDictionaryArmenian-english/page/leaf405.jpg	appendix
Թասսոյ			Tasso.	dict-803.png	https://archive.org/download/ANewDictionaryArmenian-english/page/leaf399.jpg	appendix
Թարա			Terah.	dict-803.png	https://archive.org/download/ANewDictionaryArmenian-english/page/leaf399.jpg	appendix
Թարաւթայ			Tharatha.	dict-803.png	https://archive.org/download/ANewDictionaryArmenian-english/page/leaf399.jpg	appendix
Թեբայիդ			Thebais.	dict-815.png	https://archive.org/download/ANewDictionaryArmenian-english/page/leaf405.jpg	appendix
Թեբէ			Thebæ.	dict-815.png	https://archive.org/download/ANewDictionaryArmenian-english/page/leaf405.jpg	appendix
Թեկղ		f.	Tecle; Thecle.; Tecle, Thecle.	dict-803.png	https://archive.org/download/ANewDictionaryArmenian-english/page/leaf399.jpg	appendix
Թեսաղոնիկէ			Thessalonica, Salonichi.	dict-815.png	https://archive.org/download/ANewDictionaryArmenian-english/page/leaf405.jpg	appendix
Թեսէոս			Theseus.	dict-803.png	https://archive.org/download/ANewDictionaryArmenian-english/page/leaf399.jpg	appendix
Թեսպիս			Thespis.	dict-803.png	https://archive.org/download/ANewDictionaryArmenian-english/page/leaf399.jpg	appendix
Թեսսաղիա			Thessaly; -ցի, Thessalian.; Thessaly	dict-815.png	https://archive.org/download/ANewDictionaryArmenian-english/page/leaf405.jpg	appendix
Թետիս		f.	Thetis.	dict-803.png	https://archive.org/download/ANewDictionaryArmenian-english/page/leaf399.jpg	appendix
Թերեզա		f.	Theresa; Tit.; Theresa, Tit.	dict-803.png	https://archive.org/download/ANewDictionaryArmenian-english/page/leaf399.jpg	appendix
Թերմոպիլէ			Thermopylæ.	dict-815.png	https://archive.org/download/ANewDictionaryArmenian-english/page/leaf405.jpg	appendix
Թէմիստոկլէս			Themistocles.	dict-804.png	https://archive.org/download/ANewDictionaryArmenian-english/page/leaf400.jpg	appendix
Թէոդոսիա		f.	Theodosia.	dict-804.png	https://archive.org/download/ANewDictionaryArmenian-english/page/leaf400.jpg	appendix
Թէոդոսուպոլիս, Թէոդուպոլիս			Theodosiopolis	dict-815.png	https://archive.org/download/ANewDictionaryArmenian-english/page/leaf405.jpg	appendix
Թէոդորա		f.	Theodora.	dict-804.png	https://archive.org/download/ANewDictionaryArmenian-english/page/leaf400.jpg	appendix
Թէոդոսուպոլիս, Թէոդուպոլիս			Theodosiopolis	dict-815.png	https://archive.org/download/ANewDictionaryArmenian-english/page/leaf405.jpg	appendix
Թէոկրիտոս			Theocritus.	dict-804.png	https://archive.org/download/ANewDictionaryArmenian-english/page/leaf400.jpg	appendix
Թէոփիլա		f.	Theophila.	dict-804.png	https://archive.org/download/ANewDictionaryArmenian-english/page/leaf400.jpg	appendix
Թէոփիլոս			Theophilus.	dict-804.png	https://archive.org/download/ANewDictionaryArmenian-english/page/leaf400.jpg	appendix
Թէոփրաստ			Theophrastus.	dict-804.png	https://archive.org/download/ANewDictionaryArmenian-english/page/leaf400.jpg	appendix
Թոլետոյ			Toledo.	dict-815.png	https://archive.org/download/ANewDictionaryArmenian-english/page/leaf405.jpg	appendix
Թոլովսա			Tolosa; Toulouse.	dict-815.png	https://archive.org/download/ANewDictionaryArmenian-english/page/leaf405.jpg	appendix
Թոմազէոյ			Tommaséo.	dict-804.png	https://archive.org/download/ANewDictionaryArmenian-english/page/leaf400.jpg	appendix
Թոմաճան			Thomagian.	dict-804.png	https://archive.org/download/ANewDictionaryArmenian-english/page/leaf400.jpg	appendix
Թոմսըն			Thompson.	dict-804.png	https://archive.org/download/ANewDictionaryArmenian-english/page/leaf400.jpg	appendix
Թոսքանա			Toscan, Tuscany.	dict-815.png	https://archive.org/download/ANewDictionaryArmenian-english/page/leaf405.jpg	appendix
Թորգոմեանք			Descendants of Thorgoma, Armenians.	dict-815.png	https://archive.org/download/ANewDictionaryArmenian-english/page/leaf405.jpg	appendix
Թորդան			Thordan.	dict-815.png	https://archive.org/download/ANewDictionaryArmenian-english/page/leaf405.jpg	appendix
Թորոս				dict-804.png	https://archive.org/download/ANewDictionaryArmenian-english/page/leaf400.jpg	appendix
Թուկիդիտէս			Thucydites.	dict-804.png	https://archive.org/download/ANewDictionaryArmenian-english/page/leaf400.jpg	appendix
Թունէտոն			Tunis.	dict-815.png	https://archive.org/download/ANewDictionaryArmenian-english/page/leaf405.jpg	appendix
Թուրին				dict-815.png	https://archive.org/download/ANewDictionaryArmenian-english/page/leaf405.jpg	appendix
Թուրքաստան			Turkey, Turkestan.	dict-815.png	https://archive.org/download/ANewDictionaryArmenian-english/page/leaf405.jpg	appendix
Թրակիա			Thrace.	dict-815.png	https://archive.org/download/ANewDictionaryArmenian-english/page/leaf405.jpg	appendix
Թրանսիլվանիա			Transylvania.	dict-815.png	https://archive.org/download/ANewDictionaryArmenian-english/page/leaf405.jpg	appendix
Թրասիմենոս			Trasimenus.	dict-815.png	https://archive.org/download/ANewDictionaryArmenian-english/page/leaf405.jpg	appendix
Թրեստ, Թրիեսդ			Triest.	dict-815.png	https://archive.org/download/ANewDictionaryArmenian-english/page/leaf405.jpg	appendix
Թրեստ, Թրիեսդ			Triest.	dict-815.png	https://archive.org/download/ANewDictionaryArmenian-english/page/leaf405.jpg	appendix
Ժընըվիեւ		f.	Genevieve.	dict-804.png	https://archive.org/download/ANewDictionaryArmenian-english/page/leaf400.jpg	appendix
Իբերիա			Iberia.	dict-815.png	https://archive.org/download/ANewDictionaryArmenian-english/page/leaf405.jpg	appendix
Իդա		f.	Ida.	dict-804.png	https://archive.org/download/ANewDictionaryArmenian-english/page/leaf400.jpg	appendix
Իդիպոս			Œdipus.	dict-804.png	https://archive.org/download/ANewDictionaryArmenian-english/page/leaf400.jpg	appendix
Իդումէա			Idumea.	dict-815.png	https://archive.org/download/ANewDictionaryArmenian-english/page/leaf405.jpg	appendix
Իզապէլ				dict-804.png	https://archive.org/download/ANewDictionaryArmenian-english/page/leaf400.jpg	appendix
Իթակէ			Ithace.	dict-815.png	https://archive.org/download/ANewDictionaryArmenian-english/page/leaf405.jpg	appendix
Իլիոն			Ilion, Ilium, Troy.	dict-815.png	https://archive.org/download/ANewDictionaryArmenian-english/page/leaf405.jpg	appendix
Իկարիա			Icaria.	dict-815.png	https://archive.org/download/ANewDictionaryArmenian-english/page/leaf405.jpg	appendix
Իկարոս			Icarius; Icarus; Icarion.; Icarius, Icarus, Icarion.	dict-804.png	https://archive.org/download/ANewDictionaryArmenian-english/page/leaf400.jpg	appendix
Ինճիճեան			Ingigian.	dict-804.png	https://archive.org/download/ANewDictionaryArmenian-english/page/leaf400.jpg	appendix
Իննովկենտ			Innocent.	dict-804.png	https://archive.org/download/ANewDictionaryArmenian-english/page/leaf400.jpg	appendix
Վլաս, -իոս			Blase; Blasius.; Blase, Blasius.	dict-811.png	https://archive.org/download/ANewDictionaryArmenian-english/page/leaf403.jpg	appendix
Իռլանտա			Ireland; -ցի, Irish.; Ireland	dict-815.png	https://archive.org/download/ANewDictionaryArmenian-english/page/leaf405.jpg	appendix
Իսիս			Isis.	dict-804.png	https://archive.org/download/ANewDictionaryArmenian-english/page/leaf400.jpg	appendix
Իսլանտա			Iceland.	dict-815.png	https://archive.org/download/ANewDictionaryArmenian-english/page/leaf405.jpg	appendix
Իստրիա			Istria, Histria.	dict-815.png	https://archive.org/download/ANewDictionaryArmenian-english/page/leaf405.jpg	appendix
Իսրայէլացի			Israelite.	dict-815.png	https://archive.org/download/ANewDictionaryArmenian-english/page/leaf405.jpg	appendix
Իվերնիա			Hibernia	dict-815.png	https://archive.org/download/ANewDictionaryArmenian-english/page/leaf405.jpg	appendix
Իտալացի			Italian; -լիա Italy.; Italian	dict-815.png	https://archive.org/download/ANewDictionaryArmenian-english/page/leaf405.jpg	appendix
Իրաւափառ				dict-804.png	https://archive.org/download/ANewDictionaryArmenian-english/page/leaf400.jpg	appendix
Իրենէ		f.	Irene.	dict-804.png	https://archive.org/download/ANewDictionaryArmenian-english/page/leaf400.jpg	appendix
Իփիգենի		f.	Iphigenia.	dict-804.png	https://archive.org/download/ANewDictionaryArmenian-english/page/leaf400.jpg	appendix
Լակեդեմոն			Lacedæmon, Sparta, Mistra.; Lacedæmon,Sparta,Mistra.	dict-815.png	https://archive.org/download/ANewDictionaryArmenian-english/page/leaf405.jpg	appendix
Լակոնիա			Laconia.	dict-815.png	https://archive.org/download/ANewDictionaryArmenian-english/page/leaf405.jpg	appendix
Լամարդին			Lamartine.	dict-804.png	https://archive.org/download/ANewDictionaryArmenian-english/page/leaf400.jpg	appendix
Լամբսակոն			Lampsacus.	dict-815.png	https://archive.org/download/ANewDictionaryArmenian-english/page/leaf405.jpg	appendix
Լամբրոն			Lambron; -ացի Lambronese.; Lambron	dict-815.png	https://archive.org/download/ANewDictionaryArmenian-english/page/leaf405.jpg	appendix
Լամբրոնացի				dict-804.png	https://archive.org/download/ANewDictionaryArmenian-english/page/leaf400.jpg	appendix
Լայոկովն			Laocoon.	dict-804.png	https://archive.org/download/ANewDictionaryArmenian-english/page/leaf400.jpg	appendix
Լարունդաս			Larunda.	dict-804.png	https://archive.org/download/ANewDictionaryArmenian-english/page/leaf400.jpg	appendix
Լաւինիա		f.	Lavinia.	dict-804.png	https://archive.org/download/ANewDictionaryArmenian-english/page/leaf400.jpg	appendix
Լաւոդիկէ			Laodicia, Latakia.	dict-815.png	https://archive.org/download/ANewDictionaryArmenian-english/page/leaf405.jpg	appendix
Լաւրետոն			Loretto.	dict-815.png	https://archive.org/download/ANewDictionaryArmenian-english/page/leaf405.jpg	appendix
Լափոնիա			Lapland.	dict-815.png	https://archive.org/download/ANewDictionaryArmenian-english/page/leaf405.jpg	appendix
Լեբանդոյ ծոց			the Gulf of Lepanto.	dict-815.png	https://archive.org/download/ANewDictionaryArmenian-english/page/leaf405.jpg	appendix
Լեհաստան			Poland.	dict-815.png	https://archive.org/download/ANewDictionaryArmenian-english/page/leaf405.jpg	appendix
Լեմնոս			Lempos, Stalimene.	dict-815.png	https://archive.org/download/ANewDictionaryArmenian-english/page/leaf405.jpg	appendix
Լեմպերկ			Lemberg.	dict-815.png	https://archive.org/download/ANewDictionaryArmenian-english/page/leaf405.jpg	appendix
Լեսբոս			Lesbos.	dict-815.png	https://archive.org/download/ANewDictionaryArmenian-english/page/leaf405.jpg	appendix
Լետտիկէ		f.	Lettice.	dict-804.png	https://archive.org/download/ANewDictionaryArmenian-english/page/leaf400.jpg	appendix
Լեւկադիա			Leucadia, Santa Maura.	dict-815.png	https://archive.org/download/ANewDictionaryArmenian-english/page/leaf405.jpg	appendix
Լէոբոլտ			Leopold.	dict-804.png	https://archive.org/download/ANewDictionaryArmenian-english/page/leaf400.jpg	appendix
Լէոնորա		f.	Leonora.	dict-804.png	https://archive.org/download/ANewDictionaryArmenian-english/page/leaf400.jpg	appendix
Լըպրէօն			Lebrun.	dict-804.png	https://archive.org/download/ANewDictionaryArmenian-english/page/leaf400.jpg	appendix
Լիբանան			Libanus; Mount -.; Libanus, Mount -.	dict-816.png	https://archive.org/download/ANewDictionaryArmenian-english/page/leaf406.jpg	appendix
Լիբիա			Libya; Africa.; Libya, Africa.	dict-816.png	https://archive.org/download/ANewDictionaryArmenian-english/page/leaf406.jpg	appendix
Լիբսիա			Leipsic.	dict-816.png	https://archive.org/download/ANewDictionaryArmenian-english/page/leaf406.jpg	appendix
Լիգուռնա			Leghorn.	dict-816.png	https://archive.org/download/ANewDictionaryArmenian-english/page/leaf406.jpg	appendix
Լիթուանիա			Lithuania.	dict-816.png	https://archive.org/download/ANewDictionaryArmenian-english/page/leaf406.jpg	appendix
Լիկիա			Lycia.	dict-816.png	https://archive.org/download/ANewDictionaryArmenian-english/page/leaf406.jpg	appendix
Լիմ			Lim.	dict-816.png	https://archive.org/download/ANewDictionaryArmenian-english/page/leaf406.jpg	appendix
Լիոն			Lyons.	dict-816.png	https://archive.org/download/ANewDictionaryArmenian-english/page/leaf406.jpg	appendix
Լիսպոնա			Lisbon.	dict-816.png	https://archive.org/download/ANewDictionaryArmenian-english/page/leaf406.jpg	appendix
Լիվըրբուլ			Liverpool.	dict-816.png	https://archive.org/download/ANewDictionaryArmenian-english/page/leaf406.jpg	appendix
Լիվոնիա			Livonia.	dict-816.png	https://archive.org/download/ANewDictionaryArmenian-english/page/leaf406.jpg	appendix
Լիւդիա		f.	Lydia; Lydy.; Lydia, Lydy.	dict-804.png	https://archive.org/download/ANewDictionaryArmenian-english/page/leaf400.jpg	appendix
Լիւիա		f.	Livia.	dict-804.png	https://archive.org/download/ANewDictionaryArmenian-english/page/leaf400.jpg	appendix
Լիւիոս			Livius; Livy.; Livius, Livy.	dict-804.png	https://archive.org/download/ANewDictionaryArmenian-english/page/leaf400.jpg	appendix
Լիւսիաս			Lysias.	dict-804.png	https://archive.org/download/ANewDictionaryArmenian-english/page/leaf400.jpg	appendix
Լիւրիկէ			Illyria; Illyria; -կեցի, -n.	dict-816.png	https://archive.org/download/ANewDictionaryArmenian-english/page/leaf406.jpg	appendix
Լոբէ		f.	Love.	dict-804.png	https://archive.org/download/ANewDictionaryArmenian-english/page/leaf400.jpg	appendix
Լոկրիս			Locris.	dict-816.png	https://archive.org/download/ANewDictionaryArmenian-english/page/leaf406.jpg	appendix
Լոմպարտիա			Lombardy.; or Լոնգոբարդիա Lom- [bardy.	dict-816.png	https://archive.org/download/ANewDictionaryArmenian-english/page/leaf406.jpg	appendix
Լոնգոբարդիա			Lombardy.	dict-816.png	https://archive.org/download/ANewDictionaryArmenian-english/page/leaf406.jpg	appendix
Լոնդինոն			London.; Լոնդոն, Լոնտրա London.	dict-816.png	https://archive.org/download/ANewDictionaryArmenian-english/page/leaf406.jpg	appendix
Լոնդոն			London.	dict-816.png	https://archive.org/download/ANewDictionaryArmenian-english/page/leaf406.jpg	appendix
Լոնտրա			London.	dict-816.png	https://archive.org/download/ANewDictionaryArmenian-english/page/leaf406.jpg	appendix
Լորէն			Lorain.	dict-816.png	https://archive.org/download/ANewDictionaryArmenian-english/page/leaf406.jpg	appendix
Լուգդոն			Lyons.; Լիոն Lyons.	dict-816.png	https://archive.org/download/ANewDictionaryArmenian-english/page/leaf406.jpg	appendix
Լուդովիկ			Louis; Lewis; Ludovicus.; Louis, Lewis, Ludovicus.	dict-804.png	https://archive.org/download/ANewDictionaryArmenian-english/page/leaf400.jpg	appendix
Լուիզա		f.	Louisa; Luigia; Lou.; Louisa, Luigia, Lou.	dict-804.png	https://archive.org/download/ANewDictionaryArmenian-english/page/leaf400.jpg	appendix
Լուկանոս			Lucan.	dict-804.png	https://archive.org/download/ANewDictionaryArmenian-english/page/leaf400.jpg	appendix
Լուկիա				dict-804.png	https://archive.org/download/ANewDictionaryArmenian-english/page/leaf400.jpg	appendix
Լուկինա		f.	Lucina.	dict-804.png	https://archive.org/download/ANewDictionaryArmenian-english/page/leaf400.jpg	appendix
Լուկուլլոս			Lucullus.	dict-804.png	https://archive.org/download/ANewDictionaryArmenian-english/page/leaf400.jpg	appendix
Լուկրետիա		f.	Lucretia.	dict-804.png	https://archive.org/download/ANewDictionaryArmenian-english/page/leaf400.jpg	appendix
Լուչերնա			Lucerne.	dict-816.png	https://archive.org/download/ANewDictionaryArmenian-english/page/leaf406.jpg	appendix
Լուպիանա			Laybach; Lublana.; Laybach, Lublana.	dict-816.png	https://archive.org/download/ANewDictionaryArmenian-english/page/leaf406.jpg	appendix
Լուսիա		f.	Lucy.	dict-804.png	https://archive.org/download/ANewDictionaryArmenian-english/page/leaf400.jpg	appendix
Լուսիտանիա			Lusitania; Portugal; Lusitania, Portugal; -ցի [Portuguese.	dict-816.png	https://archive.org/download/ANewDictionaryArmenian-english/page/leaf406.jpg	appendix
Լուտետիա			Paris.	dict-816.png	https://archive.org/download/ANewDictionaryArmenian-english/page/leaf406.jpg	appendix
Լուքսէմպուրկ			Luxemburg.	dict-816.png	https://archive.org/download/ANewDictionaryArmenian-english/page/leaf406.jpg	appendix
Լուքքա			Lucca.	dict-816.png	https://archive.org/download/ANewDictionaryArmenian-english/page/leaf406.jpg	appendix
Լօրենցիոս				dict-804.png	https://archive.org/download/ANewDictionaryArmenian-english/page/leaf400.jpg	appendix
Խադ			Khat.	dict-804.png	https://archive.org/download/ANewDictionaryArmenian-english/page/leaf400.jpg	appendix
Խազախ			Cossack.	dict-816.png	https://archive.org/download/ANewDictionaryArmenian-english/page/leaf406.jpg	appendix
Խարբերդ			Kharpurt.	dict-816.png	https://archive.org/download/ANewDictionaryArmenian-english/page/leaf406.jpg	appendix
Խարիթա		f.	Charity.	dict-804.png	https://archive.org/download/ANewDictionaryArmenian-english/page/leaf400.jpg	appendix
Խափշիկք				dict-816.png	https://archive.org/download/ANewDictionaryArmenian-english/page/leaf406.jpg	appendix
Խլաթ			Khelath.	dict-816.png	https://archive.org/download/ANewDictionaryArmenian-english/page/leaf406.jpg	appendix
Խոսրովանոյշ		f.	Khosrovanoosh.	dict-804.png	https://archive.org/download/ANewDictionaryArmenian-english/page/leaf400.jpg	appendix
Խորասան			Khorassan.	dict-816.png	https://archive.org/download/ANewDictionaryArmenian-english/page/leaf406.jpg	appendix
Խորեան			Khorny.; Խոռնի Khorny.	dict-816.png	https://archive.org/download/ANewDictionaryArmenian-english/page/leaf406.jpg	appendix
Խորնի			Khorny.	dict-816.png	https://archive.org/download/ANewDictionaryArmenian-english/page/leaf406.jpg	appendix
Խուժաստան			Khousistan.	dict-816.png	https://archive.org/download/ANewDictionaryArmenian-english/page/leaf406.jpg	appendix
Խրուաթ			Croat; Croat; -ք, Croatia.	dict-816.png	https://archive.org/download/ANewDictionaryArmenian-english/page/leaf406.jpg	appendix
Ծաղկոտն			Dzalgoten.	dict-816.png	https://archive.org/download/ANewDictionaryArmenian-english/page/leaf406.jpg	appendix
Ծոփք			Sophene.	dict-816.png	https://archive.org/download/ANewDictionaryArmenian-english/page/leaf406.jpg	appendix
Կալաբրիա			Calabria.	dict-816.png	https://archive.org/download/ANewDictionaryArmenian-english/page/leaf406.jpg	appendix
Կալեդոնիա			Caledonia.	dict-816.png	https://archive.org/download/ANewDictionaryArmenian-english/page/leaf406.jpg	appendix
Կալիգուլա			Caligula.	dict-804.png	https://archive.org/download/ANewDictionaryArmenian-english/page/leaf400.jpg	appendix
Կալիմաքոս			Callimachus.	dict-804.png	https://archive.org/download/ANewDictionaryArmenian-english/page/leaf400.jpg	appendix
Կալինիկէ		f.	Calinice.	dict-804.png	https://archive.org/download/ANewDictionaryArmenian-english/page/leaf400.jpg	appendix
Կալիստոս			Callisto.	dict-804.png	https://archive.org/download/ANewDictionaryArmenian-english/page/leaf400.jpg	appendix
Կալիստրատոս			Calistratus.	dict-804.png	https://archive.org/download/ANewDictionaryArmenian-english/page/leaf400.jpg	appendix
Կալիցիա			Galicia.	dict-816.png	https://archive.org/download/ANewDictionaryArmenian-english/page/leaf406.jpg	appendix
Կալիքսոյ		f.	Calypso.	dict-804.png	https://archive.org/download/ANewDictionaryArmenian-english/page/leaf400.jpg	appendix
Կալլիոպէ		f.	Calliope.	dict-804.png	https://archive.org/download/ANewDictionaryArmenian-english/page/leaf400.jpg	appendix
Կալլիպոլիս			Callipolis; Gallipoli.; Callipolis, Gallipoli.	dict-816.png	https://archive.org/download/ANewDictionaryArmenian-english/page/leaf406.jpg	appendix
Կալկադա			Calcutta.	dict-816.png	https://archive.org/download/ANewDictionaryArmenian-english/page/leaf406.jpg	appendix
Կալպուռնիա		f.	Calpurnia.	dict-804.png	https://archive.org/download/ANewDictionaryArmenian-english/page/leaf400.jpg	appendix
Կակոս			Cacus.	dict-804.png	https://archive.org/download/ANewDictionaryArmenian-english/page/leaf400.jpg	appendix
Կամբիւս			Cambyses.	dict-804.png	https://archive.org/download/ANewDictionaryArmenian-english/page/leaf400.jpg	appendix
Կամենից			Kamenetz.	dict-816.png	https://archive.org/download/ANewDictionaryArmenian-english/page/leaf406.jpg	appendix
Կամիլլա		f.	Camille.	dict-804.png	https://archive.org/download/ANewDictionaryArmenian-english/page/leaf400.jpg	appendix
Կամիլլոս			Camillus.	dict-804.png	https://archive.org/download/ANewDictionaryArmenian-english/page/leaf400.jpg	appendix
Կամպանիա			Campania.	dict-816.png	https://archive.org/download/ANewDictionaryArmenian-english/page/leaf406.jpg	appendix
Կայիոս			Caius.	dict-805.png	https://archive.org/download/ANewDictionaryArmenian-english/page/leaf400.jpg	appendix
Կանդակէ		f.	Candace.	dict-805.png	https://archive.org/download/ANewDictionaryArmenian-english/page/leaf400.jpg	appendix
Կանդիտոս			Candidus.	dict-805.png	https://archive.org/download/ANewDictionaryArmenian-english/page/leaf400.jpg	appendix
Կապադովկիա			Cappadocia.	dict-816.png	https://archive.org/download/ANewDictionaryArmenian-english/page/leaf406.jpg	appendix
Կապուա			Capua.; Capua. [pian sea.	dict-816.png	https://archive.org/download/ANewDictionaryArmenian-english/page/leaf406.jpg	appendix
Կասանդրա		f.	Cassandra.	dict-805.png	https://archive.org/download/ANewDictionaryArmenian-english/page/leaf400.jpg	appendix
Կասպիական ծով			the Caspian sea.	dict-816.png	https://archive.org/download/ANewDictionaryArmenian-english/page/leaf406.jpg	appendix
Կասպից			the Caspian sea.; or Կասպիական ծով the Cas-	dict-816.png	https://archive.org/download/ANewDictionaryArmenian-english/page/leaf406.jpg	appendix
Կաստիլիա			Castile.	dict-816.png	https://archive.org/download/ANewDictionaryArmenian-english/page/leaf406.jpg	appendix
Կատանիա			Catana.	dict-816.png	https://archive.org/download/ANewDictionaryArmenian-english/page/leaf406.jpg	appendix
Կատուլլոս			Catullus.	dict-805.png	https://archive.org/download/ANewDictionaryArmenian-english/page/leaf400.jpg	appendix
Կարթագինէ			Carthage.	dict-816.png	https://archive.org/download/ANewDictionaryArmenian-english/page/leaf406.jpg	appendix
Կարթուսեանք			Certusian.	dict-816.png	https://archive.org/download/ANewDictionaryArmenian-english/page/leaf406.jpg	appendix
Կարին			Garin; Erzrum; Garin, Erzrum;	dict-816.png	https://archive.org/download/ANewDictionaryArmenian-english/page/leaf406.jpg	appendix
Կարլոտտա		f.	Charlotte.	dict-805.png	https://archive.org/download/ANewDictionaryArmenian-english/page/leaf400.jpg	appendix
Կարմելոս			the Carmel.	dict-816.png	https://archive.org/download/ANewDictionaryArmenian-english/page/leaf406.jpg	appendix
Կարմիր ծով			the Red-Sea.	dict-816.png	https://archive.org/download/ANewDictionaryArmenian-english/page/leaf406.jpg	appendix
Կարոլինէ		f.	Carolina.	dict-805.png	https://archive.org/download/ANewDictionaryArmenian-english/page/leaf400.jpg	appendix
Կարս			Cars.	dict-816.png	https://archive.org/download/ANewDictionaryArmenian-english/page/leaf406.jpg	appendix
Կարքեդոն			Carthage.	dict-816.png	https://archive.org/download/ANewDictionaryArmenian-english/page/leaf406.jpg	appendix
Կափառնաում			Capernaum.	dict-816.png	https://archive.org/download/ANewDictionaryArmenian-english/page/leaf406.jpg	appendix
Կաֆա			Caffa.	dict-816.png	https://archive.org/download/ANewDictionaryArmenian-english/page/leaf406.jpg	appendix
Կելեսիւրիա			Cœlesyria.; Cælesyria.	dict-816.png	https://archive.org/download/ANewDictionaryArmenian-english/page/leaf406.jpg	appendix
Կելեստինէ		f.	Celestina.	dict-805.png	https://archive.org/download/ANewDictionaryArmenian-english/page/leaf400.jpg	appendix
Կեկիլիա		f.	Cicely, Cecil, Cis.	dict-805.png	https://archive.org/download/ANewDictionaryArmenian-english/page/leaf400.jpg	appendix
Կենտաւրոսք			Centauri.	dict-816.png	https://archive.org/download/ANewDictionaryArmenian-english/page/leaf406.jpg	appendix
Կեսարիա			Cæsarea; Mazaca.; Cæsarea, Mazaca.	dict-816.png	https://archive.org/download/ANewDictionaryArmenian-english/page/leaf406.jpg	appendix
Կերբերոս			Cerberus.	dict-805.png	https://archive.org/download/ANewDictionaryArmenian-english/page/leaf400.jpg	appendix
Կեփալոնիա			Cephalonia.	dict-816.png	https://archive.org/download/ANewDictionaryArmenian-english/page/leaf406.jpg	appendix
Կեփաս			Cephas.	dict-805.png	https://archive.org/download/ANewDictionaryArmenian-english/page/leaf400.jpg	appendix
Կիզիկոն			Cyzicus.	dict-816.png	https://archive.org/download/ANewDictionaryArmenian-english/page/leaf406.jpg	appendix
Կիթերոն			Cithæron.	dict-816.png	https://archive.org/download/ANewDictionaryArmenian-english/page/leaf406.jpg	appendix
Կիլիկիա			Cilicia; Karamania.; Cilicia, Karamania.	dict-816.png	https://archive.org/download/ANewDictionaryArmenian-english/page/leaf406.jpg	appendix
Կինկիննատոս			Cincinnatus.	dict-805.png	https://archive.org/download/ANewDictionaryArmenian-english/page/leaf400.jpg	appendix
Կիննա			Cinna.	dict-805.png	https://archive.org/download/ANewDictionaryArmenian-english/page/leaf400.jpg	appendix
Կիպրոս			Cyprus; Cyprus; -րացի, Cyprian.	dict-816.png	https://archive.org/download/ANewDictionaryArmenian-english/page/leaf406.jpg	appendix
Կիւբեղէ		f.	Cybele.	dict-805.png	https://archive.org/download/ANewDictionaryArmenian-english/page/leaf400.jpg	appendix
Կիւկլադայք			Cyclades.	dict-816.png	https://archive.org/download/ANewDictionaryArmenian-english/page/leaf406.jpg	appendix
Կիւրենէ			Cyrene.	dict-816.png	https://archive.org/download/ANewDictionaryArmenian-english/page/leaf406.jpg	appendix
Կլայեցի				dict-805.png	https://archive.org/download/ANewDictionaryArmenian-english/page/leaf400.jpg	appendix
Կլարա				dict-805.png	https://archive.org/download/ANewDictionaryArmenian-english/page/leaf400.jpg	appendix
Կլելիա		f.	Clœlia.	dict-805.png	https://archive.org/download/ANewDictionaryArmenian-english/page/leaf400.jpg	appendix
Կլէմէնտինա		f.	Clementina.	dict-805.png	https://archive.org/download/ANewDictionaryArmenian-english/page/leaf400.jpg	appendix
Կլէոպատրա		f.	Cleopatra.	dict-805.png	https://archive.org/download/ANewDictionaryArmenian-english/page/leaf400.jpg	appendix
Կլիմաքոս			Climachus.	dict-805.png	https://archive.org/download/ANewDictionaryArmenian-english/page/leaf400.jpg	appendix
Կղէոբուլ			Cleopulus.	dict-805.png	https://archive.org/download/ANewDictionaryArmenian-english/page/leaf400.jpg	appendix
Կղէոպա			Cleophas.	dict-805.png	https://archive.org/download/ANewDictionaryArmenian-english/page/leaf400.jpg	appendix
Կղոդիա		f.	Claudia.	dict-805.png	https://archive.org/download/ANewDictionaryArmenian-english/page/leaf400.jpg	appendix
Կոլտոնի			Goldoni.	dict-805.png	https://archive.org/download/ANewDictionaryArmenian-english/page/leaf400.jpg	appendix
Կոլտսմիթ			Goldsmith.	dict-805.png	https://archive.org/download/ANewDictionaryArmenian-english/page/leaf400.jpg	appendix
Կոծծի			Gozzi.	dict-805.png	https://archive.org/download/ANewDictionaryArmenian-english/page/leaf400.jpg	appendix
Կոկիտոս			Cocytus.	dict-816.png	https://archive.org/download/ANewDictionaryArmenian-english/page/leaf406.jpg	appendix
Կողոնիա			Cologne; Coln; Köln.; Cologne, Coln, Köln.	dict-816.png	https://archive.org/download/ANewDictionaryArmenian-english/page/leaf406.jpg	appendix
Կողքիս			Colchis.	dict-816.png	https://archive.org/download/ANewDictionaryArmenian-english/page/leaf406.jpg	appendix
Կոմնենոս			Comnenus.	dict-805.png	https://archive.org/download/ANewDictionaryArmenian-english/page/leaf400.jpg	appendix
Կոմպոստելլա			Compostella.	dict-816.png	https://archive.org/download/ANewDictionaryArmenian-english/page/leaf406.jpg	appendix
Կոնդոպրէ			Godfrey.	dict-805.png	https://archive.org/download/ANewDictionaryArmenian-english/page/leaf400.jpg	appendix
Կոպեռնիկոս			Copernicus.	dict-805.png	https://archive.org/download/ANewDictionaryArmenian-english/page/leaf400.jpg	appendix
Կոստանդիա		f.	Constance.; Constance. [tantine.	dict-805.png	https://archive.org/download/ANewDictionaryArmenian-english/page/leaf400.jpg	appendix
Կոստանդինա		f.	Constantine.	dict-805.png	https://archive.org/download/ANewDictionaryArmenian-english/page/leaf400.jpg	appendix
Կոստանդնուպօլիս			Constantinople	dict-816.png	https://archive.org/download/ANewDictionaryArmenian-english/page/leaf406.jpg	appendix
Կոստանդոս			Constant.	dict-805.png	https://archive.org/download/ANewDictionaryArmenian-english/page/leaf400.jpg	appendix
Կոստանցա			Costance.	dict-816.png	https://archive.org/download/ANewDictionaryArmenian-english/page/leaf406.jpg	appendix
Կովկաս			Caucasus.	dict-816.png	https://archive.org/download/ANewDictionaryArmenian-english/page/leaf406.jpg	appendix
Կորբուլոն			Corbulo.	dict-805.png	https://archive.org/download/ANewDictionaryArmenian-english/page/leaf400.jpg	appendix
Կորդուք			Corduene; Gordyene.; Corduene, Gordyene.	dict-816.png	https://archive.org/download/ANewDictionaryArmenian-english/page/leaf406.jpg	appendix
Կորիննա		f.	Corinna.	dict-805.png	https://archive.org/download/ANewDictionaryArmenian-english/page/leaf400.jpg	appendix
Կորկիւրա			Corcyra; Corfu.; Corcyra, Corfu.	dict-816.png	https://archive.org/download/ANewDictionaryArmenian-english/page/leaf406.jpg	appendix
Կորճայք			Corgia.	dict-816.png	https://archive.org/download/ANewDictionaryArmenian-english/page/leaf406.jpg	appendix
Կորնթոս			Corinth; Corinth; -թացի, -ian.	dict-816.png	https://archive.org/download/ANewDictionaryArmenian-english/page/leaf406.jpg	appendix
Կուդոնիա			Copenhagen; Kjöbenhavn.; Copenhagen, Kjöbenhavn.	dict-816.png	https://archive.org/download/ANewDictionaryArmenian-english/page/leaf406.jpg	appendix
Կուէնտոլին		f.	Gwendolen.	dict-805.png	https://archive.org/download/ANewDictionaryArmenian-english/page/leaf400.jpg	appendix
Կուինէա			Guinea.	dict-816.png	https://archive.org/download/ANewDictionaryArmenian-english/page/leaf406.jpg	appendix
Կուիտոյ			Guy; Guy;	dict-805.png	https://archive.org/download/ANewDictionaryArmenian-english/page/leaf400.jpg	appendix
Կուպիդոն			Cupid.	dict-805.png	https://archive.org/download/ANewDictionaryArmenian-english/page/leaf400.jpg	appendix
Կուռնելիա		f.	Cornelia.	dict-805.png	https://archive.org/download/ANewDictionaryArmenian-english/page/leaf400.jpg	appendix
Կուստաւոս			Gustavus.	dict-805.png	https://archive.org/download/ANewDictionaryArmenian-english/page/leaf400.jpg	appendix
Կուր գետ			Cyrus; Goor; Kour.	dict-816.png	https://archive.org/download/ANewDictionaryArmenian-english/page/leaf406.jpg	appendix
Կրետէ			Creta; Candia.; Creta, Candia.	dict-816.png	https://archive.org/download/ANewDictionaryArmenian-english/page/leaf406.jpg	appendix
Կրիտիաս			Critias.	dict-805.png	https://archive.org/download/ANewDictionaryArmenian-english/page/leaf400.jpg	appendix
Կրման			Carmania; Kirman.; Carmania, Kirman.	dict-816.png	https://archive.org/download/ANewDictionaryArmenian-english/page/leaf406.jpg	appendix
Հաբանդ			Hapante	dict-813.png	https://archive.org/download/ANewDictionaryArmenian-english/page/leaf404.jpg	appendix
Հալէպ			Haleb; Aleppo.; Haleb, Aleppo.	dict-816.png	https://archive.org/download/ANewDictionaryArmenian-english/page/leaf406.jpg	appendix
Հաղբատ			Halbat.	dict-816.png	https://archive.org/download/ANewDictionaryArmenian-english/page/leaf406.jpg	appendix
Համազասպուհի		f.	Hamazaspe, -zaspoohy.; Hamazaspe, -zas	dict-805.png	https://archive.org/download/ANewDictionaryArmenian-english/page/leaf400.jpg	appendix
Համբարձում			Hambartzoom.	dict-805.png	https://archive.org/download/ANewDictionaryArmenian-english/page/leaf400.jpg	appendix
Համլէդ			Hamlet.	dict-805.png	https://archive.org/download/ANewDictionaryArmenian-english/page/leaf400.jpg	appendix
Համպուրկ			Hamburg.	dict-816.png	https://archive.org/download/ANewDictionaryArmenian-english/page/leaf406.jpg	appendix
Հայկանոյշ		f.	Haïganoosh.	dict-805.png	https://archive.org/download/ANewDictionaryArmenian-english/page/leaf400.jpg	appendix
Հայկավան			Haïgawan.	dict-816.png	https://archive.org/download/ANewDictionaryArmenian-english/page/leaf406.jpg	appendix
Հայք			Armenia; Armenia; մեծ -, Armenia Ma- jor; փոքր -, Armenia Minor.	dict-816.png	https://archive.org/download/ANewDictionaryArmenian-english/page/leaf406.jpg	appendix
Հաննովէր			Hannover.	dict-816.png	https://archive.org/download/ANewDictionaryArmenian-english/page/leaf406.jpg	appendix
Հապէշ			Abyssinia; the -ns.; Abyssinia; the -ns.	dict-816.png	https://archive.org/download/ANewDictionaryArmenian-english/page/leaf406.jpg	appendix
Հասսիա			Hesse.	dict-816.png	https://archive.org/download/ANewDictionaryArmenian-english/page/leaf406.jpg	appendix
Հավանա			the Havana; Havannah.	dict-816.png	https://archive.org/download/ANewDictionaryArmenian-english/page/leaf406.jpg	appendix
Հարման			Hermann.	dict-805.png	https://archive.org/download/ANewDictionaryArmenian-english/page/leaf400.jpg	appendix
Հարոլտ			Harold.	dict-805.png	https://archive.org/download/ANewDictionaryArmenian-english/page/leaf400.jpg	appendix
Հարպեայք			Harpiæ.	dict-816.png	https://archive.org/download/ANewDictionaryArmenian-english/page/leaf406.jpg	appendix
Հարք			Hark.; Hark. [Dardanelles.	dict-816.png	https://archive.org/download/ANewDictionaryArmenian-english/page/leaf406.jpg	appendix
Հելլեսպոնտոս			the Hellespont; the Dardanelles.; the Hellespont, the	dict-816.png	https://archive.org/download/ANewDictionaryArmenian-english/page/leaf406.jpg	appendix
Հելվետիա			Helvetia; Switzerland; Helvetia, Switzerland,	dict-816.png	https://archive.org/download/ANewDictionaryArmenian-english/page/leaf406.jpg	appendix
Հեղի			Eli.	dict-805.png	https://archive.org/download/ANewDictionaryArmenian-english/page/leaf400.jpg	appendix
Հեմմա				dict-805.png	https://archive.org/download/ANewDictionaryArmenian-english/page/leaf400.jpg	appendix
Հենրիկեդդա		f.	Henrietta, Harryot.	dict-805.png	https://archive.org/download/ANewDictionaryArmenian-english/page/leaf400.jpg	appendix
Հերակլեան արձանք			Hercules' Pillars.	dict-817.png	https://archive.org/download/ANewDictionaryArmenian-english/page/leaf406.jpg	appendix
Հերակլէա			Heraclea.	dict-817.png	https://archive.org/download/ANewDictionaryArmenian-english/page/leaf406.jpg	appendix
Հերակլիդէս			Heraclides.	dict-805.png	https://archive.org/download/ANewDictionaryArmenian-english/page/leaf400.jpg	appendix
Հերակլիդոս			Heraclitus.	dict-806.png	https://archive.org/download/ANewDictionaryArmenian-english/page/leaf401.jpg	appendix
Հերդուլանոն			Herculaneum.	dict-817.png	https://archive.org/download/ANewDictionaryArmenian-english/page/leaf406.jpg	appendix
Հերձեկովինա			Herzegovina.	dict-817.png	https://archive.org/download/ANewDictionaryArmenian-english/page/leaf406.jpg	appendix
Հերշէլ			Herschel.	dict-806.png	https://archive.org/download/ANewDictionaryArmenian-english/page/leaf401.jpg	appendix
Հերովդիադա		f.	Herodias.	dict-806.png	https://archive.org/download/ANewDictionaryArmenian-english/page/leaf401.jpg	appendix
Հերքիւլէս			Hercules.	dict-806.png	https://archive.org/download/ANewDictionaryArmenian-english/page/leaf401.jpg	appendix
Հիլարիոն			Hilary; Hilarius.; Hilary, Hilarius.	dict-806.png	https://archive.org/download/ANewDictionaryArmenian-english/page/leaf401.jpg	appendix
Հիմալայա			Himalaya.	dict-817.png	https://archive.org/download/ANewDictionaryArmenian-english/page/leaf406.jpg	appendix
Հիմիլկոն			Himilco.	dict-806.png	https://archive.org/download/ANewDictionaryArmenian-english/page/leaf401.jpg	appendix
Հիպերիքոս			Hiperichius.	dict-806.png	https://archive.org/download/ANewDictionaryArmenian-english/page/leaf401.jpg	appendix
Հիպպողիտոս			Hippolytus.	dict-806.png	https://archive.org/download/ANewDictionaryArmenian-english/page/leaf401.jpg	appendix
Հիւսիքոս			Hesychius.	dict-806.png	https://archive.org/download/ANewDictionaryArmenian-english/page/leaf401.jpg	appendix
Հիւրկանիա			Hyrcania.	dict-817.png	https://archive.org/download/ANewDictionaryArmenian-english/page/leaf406.jpg	appendix
Հիւրմիւզ			(Գեր. Գ. եւ Ե.) Hürmüz.	dict-806.png	https://archive.org/download/ANewDictionaryArmenian-english/page/leaf401.jpg	appendix
Հոլանտա			Holland; -ցի, Dutch, Hol- [lander.; Holland	dict-817.png	https://archive.org/download/ANewDictionaryArmenian-english/page/leaf406.jpg	appendix
Հոհէնլոյէ			Hohenlohe.	dict-806.png	https://archive.org/download/ANewDictionaryArmenian-english/page/leaf401.jpg	appendix
Հողոփեռնէս			Holophernes.	dict-806.png	https://archive.org/download/ANewDictionaryArmenian-english/page/leaf401.jpg	appendix
Հոնգարիա			Hungary.	dict-817.png	https://archive.org/download/ANewDictionaryArmenian-english/page/leaf406.jpg	appendix
Հոշիոս			Hoschius (Sidonius).	dict-806.png	https://archive.org/download/ANewDictionaryArmenian-english/page/leaf401.jpg	appendix
Հումպոլդ			Humbolt.	dict-806.png	https://archive.org/download/ANewDictionaryArmenian-english/page/leaf401.jpg	appendix
Հռամեսէս			Ramesses; Ramses.; Ramesses, Ramses.	dict-806.png	https://archive.org/download/ANewDictionaryArmenian-english/page/leaf401.jpg	appendix
Հռենոս			Rhine.	dict-817.png	https://archive.org/download/ANewDictionaryArmenian-english/page/leaf406.jpg	appendix
Հռիքարտոս			Richard; Dick.; Richard, Dick.	dict-806.png	https://archive.org/download/ANewDictionaryArmenian-english/page/leaf401.jpg	appendix
Հռոդանոս			Rhône.	dict-817.png	https://archive.org/download/ANewDictionaryArmenian-english/page/leaf406.jpg	appendix
Հռոդոս			Rhodes.	dict-817.png	https://archive.org/download/ANewDictionaryArmenian-english/page/leaf406.jpg	appendix
Հռոդուլփոս			Rudolphus.	dict-806.png	https://archive.org/download/ANewDictionaryArmenian-english/page/leaf401.jpg	appendix
Հռոմկլայ			Room-Kaley.	dict-817.png	https://archive.org/download/ANewDictionaryArmenian-english/page/leaf406.jpg	appendix
Ձորափոր			Tzoraphor.	dict-817.png	https://archive.org/download/ANewDictionaryArmenian-english/page/leaf406.jpg	appendix
Ղարալամպոս			Charalambus.	dict-806.png	https://archive.org/download/ANewDictionaryArmenian-english/page/leaf401.jpg	appendix
Ղետովա		f.	Latona.	dict-806.png	https://archive.org/download/ANewDictionaryArmenian-english/page/leaf401.jpg	appendix
Ղերուբնա			Lerupna.	dict-806.png	https://archive.org/download/ANewDictionaryArmenian-english/page/leaf401.jpg	appendix
Ղուկուլլոս				dict-806.png	https://archive.org/download/ANewDictionaryArmenian-english/page/leaf401.jpg	appendix
Ճաբոն				dict-817.png	https://archive.org/download/ANewDictionaryArmenian-english/page/leaf406.jpg	appendix
Ճաւա			Java, Jahva.	dict-817.png	https://archive.org/download/ANewDictionaryArmenian-english/page/leaf406.jpg	appendix
Ճենովա			Genoa.	dict-817.png	https://archive.org/download/ANewDictionaryArmenian-english/page/leaf406.jpg	appendix
Ճինեւրա			Geneva.	dict-817.png	https://archive.org/download/ANewDictionaryArmenian-english/page/leaf406.jpg	appendix
Ճիպրալդար			Gibraltar.	dict-817.png	https://archive.org/download/ANewDictionaryArmenian-english/page/leaf406.jpg	appendix
Ճոնսըն			Johnson.	dict-806.png	https://archive.org/download/ANewDictionaryArmenian-english/page/leaf401.jpg	appendix
Ճորոխ				dict-817.png	https://archive.org/download/ANewDictionaryArmenian-english/page/leaf406.jpg	appendix
Մաբէլ		f.	Mabel.	dict-806.png	https://archive.org/download/ANewDictionaryArmenian-english/page/leaf401.jpg	appendix
Մագդաղինէ		f.	Magdalene; Madeline; [Maudlin,Maud.; Magdalene, Madeline,	dict-806.png	https://archive.org/download/ANewDictionaryArmenian-english/page/leaf401.jpg	appendix
Մադիլտէ		f.	Matilda.	dict-806.png	https://archive.org/download/ANewDictionaryArmenian-english/page/leaf401.jpg	appendix
Մազանդարան			Mazandaran.	dict-817.png	https://archive.org/download/ANewDictionaryArmenian-english/page/leaf406.jpg	appendix
Մաժակ				dict-817.png	https://archive.org/download/ANewDictionaryArmenian-english/page/leaf406.jpg	appendix
Մաժան			Majan.	dict-806.png	https://archive.org/download/ANewDictionaryArmenian-english/page/leaf401.jpg	appendix
Մալակա			Malaga.	dict-817.png	https://archive.org/download/ANewDictionaryArmenian-english/page/leaf406.jpg	appendix
Մալդա			Malta.	dict-817.png	https://archive.org/download/ANewDictionaryArmenian-english/page/leaf406.jpg	appendix
Մակաբէ			Macchabæus; Maccabi.; Macchabæus, Maccabi.	dict-806.png	https://archive.org/download/ANewDictionaryArmenian-english/page/leaf401.jpg	appendix
Մակբէթ			Machbeth.	dict-806.png	https://archive.org/download/ANewDictionaryArmenian-english/page/leaf401.jpg	appendix
Մակեդոնիա			Macedonia.	dict-817.png	https://archive.org/download/ANewDictionaryArmenian-english/page/leaf406.jpg	appendix
Մակոնցա				dict-817.png	https://archive.org/download/ANewDictionaryArmenian-english/page/leaf406.jpg	appendix
Մակուրան			Magooran, Mekeran.	dict-817.png	https://archive.org/download/ANewDictionaryArmenian-english/page/leaf406.jpg	appendix
Մակտեպուրկ			Magdeburg.	dict-817.png	https://archive.org/download/ANewDictionaryArmenian-english/page/leaf406.jpg	appendix
Մամաս			Mamas.	dict-806.png	https://archive.org/download/ANewDictionaryArmenian-english/page/leaf401.jpg	appendix
Մամիկոնեան			Mamigonian J.	dict-806.png	https://archive.org/download/ANewDictionaryArmenian-english/page/leaf401.jpg	appendix
Մայորիքա			Majorca.	dict-817.png	https://archive.org/download/ANewDictionaryArmenian-english/page/leaf406.jpg	appendix
Մանազկերտ			Manazcerta.	dict-817.png	https://archive.org/download/ANewDictionaryArmenian-english/page/leaf406.jpg	appendix
Մանդակունի			Mantagoony J.	dict-806.png	https://archive.org/download/ANewDictionaryArmenian-english/page/leaf401.jpg	appendix
Մանդուա			Mantua; -ցի, -n.	dict-817.png	https://archive.org/download/ANewDictionaryArmenian-english/page/leaf406.jpg	appendix
Մանեթոն			Manetho.	dict-806.png	https://archive.org/download/ANewDictionaryArmenian-english/page/leaf401.jpg	appendix
Մանէ		f.	Mane.	dict-806.png	https://archive.org/download/ANewDictionaryArmenian-english/page/leaf401.jpg	appendix
Մանլիոս			Manlius.	dict-806.png	https://archive.org/download/ANewDictionaryArmenian-english/page/leaf401.jpg	appendix
Մանծոնի			Manzoni.	dict-806.png	https://archive.org/download/ANewDictionaryArmenian-english/page/leaf401.jpg	appendix
Մանփրետ			Manfred.	dict-806.png	https://archive.org/download/ANewDictionaryArmenian-english/page/leaf401.jpg	appendix
Մապիլեոն			Mabillon.	dict-806.png	https://archive.org/download/ANewDictionaryArmenian-english/page/leaf401.jpg	appendix
Մասիլեոն			Massillon.	dict-806.png	https://archive.org/download/ANewDictionaryArmenian-english/page/leaf401.jpg	appendix
Մասինիսսա			Masinissa.	dict-806.png	https://archive.org/download/ANewDictionaryArmenian-english/page/leaf401.jpg	appendix
Մասիս			Masis, Ararat.	dict-817.png	https://archive.org/download/ANewDictionaryArmenian-english/page/leaf406.jpg	appendix
Մատակասգար			Madagascar.	dict-817.png	https://archive.org/download/ANewDictionaryArmenian-english/page/leaf406.jpg	appendix
Մատերա			Madeira.	dict-817.png	https://archive.org/download/ANewDictionaryArmenian-english/page/leaf406.jpg	appendix
Մատրաս			Madras.	dict-817.png	https://archive.org/download/ANewDictionaryArmenian-english/page/leaf406.jpg	appendix
Մատրիտ			Madrid.	dict-817.png	https://archive.org/download/ANewDictionaryArmenian-english/page/leaf406.jpg	appendix
Մարաթոն			Marathon.	dict-817.png	https://archive.org/download/ANewDictionaryArmenian-english/page/leaf406.jpg	appendix
Մարանդ			Marant.	dict-817.png	https://archive.org/download/ANewDictionaryArmenian-english/page/leaf406.jpg	appendix
Մարգաստան			Marcastan.	dict-817.png	https://archive.org/download/ANewDictionaryArmenian-english/page/leaf406.jpg	appendix
Մարթա		f.	Martha; Matty; Patty.; Martha, Matty, Patty.	dict-806.png	https://archive.org/download/ANewDictionaryArmenian-english/page/leaf401.jpg	appendix
Մարիամիկ		f.	Poll; Polly.; Poll, Polly.	dict-806.png	https://archive.org/download/ANewDictionaryArmenian-english/page/leaf401.jpg	appendix
Մարիանէ		f.	Marian.	dict-806.png	https://archive.org/download/ANewDictionaryArmenian-english/page/leaf401.jpg	appendix
Մարիաննա		f.	Marianne.	dict-806.png	https://archive.org/download/ANewDictionaryArmenian-english/page/leaf401.jpg	appendix
Մարիոս			Marius.	dict-806.png	https://archive.org/download/ANewDictionaryArmenian-english/page/leaf401.jpg	appendix
Մարկեղոս			Marcellus.	dict-806.png	https://archive.org/download/ANewDictionaryArmenian-english/page/leaf401.jpg	appendix
Մարկիանոս			Marcian; –us.; Marcian, -us.	dict-806.png	https://archive.org/download/ANewDictionaryArmenian-english/page/leaf401.jpg	appendix
Մարկիոն			Marcion.	dict-806.png	https://archive.org/download/ANewDictionaryArmenian-english/page/leaf401.jpg	appendix
Մարկիոնացիք			Marcionites.	dict-817.png	https://archive.org/download/ANewDictionaryArmenian-english/page/leaf406.jpg	appendix
Մարմարա			Marmara.	dict-817.png	https://archive.org/download/ANewDictionaryArmenian-english/page/leaf406.jpg	appendix
Մարովկ			Marocco.	dict-817.png	https://archive.org/download/ANewDictionaryArmenian-english/page/leaf406.jpg	appendix
Մարսիլեա			Marseilles.	dict-817.png	https://archive.org/download/ANewDictionaryArmenian-english/page/leaf406.jpg	appendix
Մարտիալէս			Martial.	dict-806.png	https://archive.org/download/ANewDictionaryArmenian-english/page/leaf401.jpg	appendix
Մարտինոս			Martin.	dict-806.png	https://archive.org/download/ANewDictionaryArmenian-english/page/leaf401.jpg	appendix
Մաւրիկիոս				dict-806.png	https://archive.org/download/ANewDictionaryArmenian-english/page/leaf401.jpg	appendix
Մաւրիտանիա			Mauritania; -ցի, Moor.; Mauritania	dict-817.png	https://archive.org/download/ANewDictionaryArmenian-english/page/leaf406.jpg	appendix
Մաքիավէլի			Machiavel, -li.	dict-806.png	https://archive.org/download/ANewDictionaryArmenian-english/page/leaf401.jpg	appendix
Մաքսիմիլիանոս			Maximilian.	dict-806.png	https://archive.org/download/ANewDictionaryArmenian-english/page/leaf401.jpg	appendix
Մաքրուհի		f.	Clara; Macrian.	dict-807.png	https://archive.org/download/ANewDictionaryArmenian-english/page/leaf401.jpg	appendix
Մեդաստազիոյ			Metastasio.	dict-807.png	https://archive.org/download/ANewDictionaryArmenian-english/page/leaf401.jpg	appendix
Մեդիոլան				dict-817.png	https://archive.org/download/ANewDictionaryArmenian-english/page/leaf406.jpg	appendix
Մելիտինացի			Maltese; -նէ Malta.; Maltese	dict-817.png	https://archive.org/download/ANewDictionaryArmenian-english/page/leaf406.jpg	appendix
Մելքոն			Melchior.	dict-807.png	https://archive.org/download/ANewDictionaryArmenian-english/page/leaf401.jpg	appendix
Մեհենդակ			Mehentace.	dict-807.png	https://archive.org/download/ANewDictionaryArmenian-english/page/leaf401.jpg	appendix
Մեհրուժան			S. Մէրուժան.	dict-807.png	https://archive.org/download/ANewDictionaryArmenian-english/page/leaf401.jpg	appendix
Մեղքոզ		f.	Milcah.	dict-807.png	https://archive.org/download/ANewDictionaryArmenian-english/page/leaf401.jpg	appendix
Մեմնոն			Memnon.	dict-807.png	https://archive.org/download/ANewDictionaryArmenian-english/page/leaf401.jpg	appendix
Մենանդր			Menander.	dict-807.png	https://archive.org/download/ANewDictionaryArmenian-english/page/leaf401.jpg	appendix
Մեռկիւռիոս			Mercurius; Mercury.	dict-807.png	https://archive.org/download/ANewDictionaryArmenian-english/page/leaf401.jpg	appendix
Մեսինա			Messina.	dict-817.png	https://archive.org/download/ANewDictionaryArmenian-english/page/leaf406.jpg	appendix
Մեսսալինա		f.	Messalina.	dict-807.png	https://archive.org/download/ANewDictionaryArmenian-english/page/leaf401.jpg	appendix
Մետելլա		f.	Metella.	dict-807.png	https://archive.org/download/ANewDictionaryArmenian-english/page/leaf401.jpg	appendix
Մետելլոս			Metellus.	dict-807.png	https://archive.org/download/ANewDictionaryArmenian-english/page/leaf401.jpg	appendix
Մետրոփանոս			Metrophanes.	dict-807.png	https://archive.org/download/ANewDictionaryArmenian-english/page/leaf401.jpg	appendix
Մերովպէ		f.	Merope.	dict-807.png	https://archive.org/download/ANewDictionaryArmenian-english/page/leaf401.jpg	appendix
Մեփիստոփէլ			Mephistopheles.	dict-807.png	https://archive.org/download/ANewDictionaryArmenian-english/page/leaf401.jpg	appendix
Մեքսիկոյ			Mexico.	dict-817.png	https://archive.org/download/ANewDictionaryArmenian-english/page/leaf406.jpg	appendix
Մէդէա		f.	Medea.	dict-807.png	https://archive.org/download/ANewDictionaryArmenian-english/page/leaf401.jpg	appendix
Մէմփիս			Memphis.	dict-817.png	https://archive.org/download/ANewDictionaryArmenian-english/page/leaf406.jpg	appendix
Մէնչըսդըր			Manchester.	dict-817.png	https://archive.org/download/ANewDictionaryArmenian-english/page/leaf406.jpg	appendix
Մէոնիա			Mæonia.	dict-817.png	https://archive.org/download/ANewDictionaryArmenian-english/page/leaf406.jpg	appendix
Մէտինէ			Medina.	dict-817.png	https://archive.org/download/ANewDictionaryArmenian-english/page/leaf406.jpg	appendix
Մէրուժան			Meroosean.	dict-807.png	https://archive.org/download/ANewDictionaryArmenian-english/page/leaf401.jpg	appendix
Մէրտին			Merdin.	dict-817.png	https://archive.org/download/ANewDictionaryArmenian-english/page/leaf406.jpg	appendix
Մէքքէ			Mecca.	dict-817.png	https://archive.org/download/ANewDictionaryArmenian-english/page/leaf406.jpg	appendix
Միդաս			Midas.	dict-807.png	https://archive.org/download/ANewDictionaryArmenian-english/page/leaf401.jpg	appendix
Միլան			Mediolanum, Milan.	dict-817.png	https://archive.org/download/ANewDictionaryArmenian-english/page/leaf406.jpg	appendix
Միլտիադէս			Miltiades.	dict-807.png	https://archive.org/download/ANewDictionaryArmenian-english/page/leaf401.jpg	appendix
Միլտոն			Milton.	dict-807.png	https://archive.org/download/ANewDictionaryArmenian-english/page/leaf401.jpg	appendix
Միհրշապուհ			Mihrsapore.	dict-807.png	https://archive.org/download/ANewDictionaryArmenian-english/page/leaf401.jpg	appendix
Միսայէլ			Mishael.	dict-807.png	https://archive.org/download/ANewDictionaryArmenian-english/page/leaf401.jpg	appendix
Միսաք			Mishach.	dict-807.png	https://archive.org/download/ANewDictionaryArmenian-english/page/leaf401.jpg	appendix
Միրրա		f.	Myrrha.	dict-807.png	https://archive.org/download/ANewDictionaryArmenian-english/page/leaf401.jpg	appendix
Միքէլ–Անճէլոյ			Michael-Angelo.	dict-807.png	https://archive.org/download/ANewDictionaryArmenian-english/page/leaf401.jpg	appendix
Մծբին			Nisibin.	dict-817.png	https://archive.org/download/ANewDictionaryArmenian-english/page/leaf406.jpg	appendix
Մնեմոսինէ		f.	Mnemosyne.	dict-807.png	https://archive.org/download/ANewDictionaryArmenian-english/page/leaf401.jpg	appendix
Մոգոնտիա			Mayence, Maintz, Mentz.	dict-817.png	https://archive.org/download/ANewDictionaryArmenian-english/page/leaf406.jpg	appendix
Մոլտաւիա			Moldavia.; Moldavia	dict-817.png	https://archive.org/download/ANewDictionaryArmenian-english/page/leaf406.jpg	appendix
Մողոք			Moloch.	dict-807.png	https://archive.org/download/ANewDictionaryArmenian-english/page/leaf401.jpg	appendix
Մոնագոյ			Munich, München.	dict-817.png	https://archive.org/download/ANewDictionaryArmenian-english/page/leaf406.jpg	appendix
Մոնդի			Monti V.	dict-807.png	https://archive.org/download/ANewDictionaryArmenian-english/page/leaf401.jpg	appendix
Մոնիգա		f.	Monnica.	dict-807.png	https://archive.org/download/ANewDictionaryArmenian-english/page/leaf401.jpg	appendix
Մոսքա			Moscow.	dict-817.png	https://archive.org/download/ANewDictionaryArmenian-english/page/leaf406.jpg	appendix
Մոտենա, Մուտինա			Modena.	dict-817.png	https://archive.org/download/ANewDictionaryArmenian-english/page/leaf406.jpg	appendix
Մորաւիա			Moravia.	dict-817.png	https://archive.org/download/ANewDictionaryArmenian-english/page/leaf406.jpg	appendix
Մորփէոս			Morpheus.	dict-807.png	https://archive.org/download/ANewDictionaryArmenian-english/page/leaf401.jpg	appendix
Մուկիոս Սկեւոլա			Mucius Scævola.	dict-807.png	https://archive.org/download/ANewDictionaryArmenian-english/page/leaf401.jpg	appendix
Մուշ			Moosh.	dict-817.png	https://archive.org/download/ANewDictionaryArmenian-english/page/leaf406.jpg	appendix
Մուսայք			Musæ, Muses.	dict-817.png	https://archive.org/download/ANewDictionaryArmenian-english/page/leaf406.jpg	appendix
Մուսէոս			Musæus.	dict-807.png	https://archive.org/download/ANewDictionaryArmenian-english/page/leaf401.jpg	appendix
Մուսուլ			Mossoul.	dict-817.png	https://archive.org/download/ANewDictionaryArmenian-english/page/leaf406.jpg	appendix
Մուստաֆա			Moustapha.	dict-807.png	https://archive.org/download/ANewDictionaryArmenian-english/page/leaf401.jpg	appendix
Մոտենա, Մուտինա			Modena.	dict-817.png	https://archive.org/download/ANewDictionaryArmenian-english/page/leaf406.jpg	appendix
Յաբեթ			Japetus; Japheth.	dict-807.png	https://archive.org/download/ANewDictionaryArmenian-english/page/leaf401.jpg	appendix
Յաբոն			Japan; -ացի, -ese.; Japan	dict-817.png	https://archive.org/download/ANewDictionaryArmenian-english/page/leaf406.jpg	appendix
Յակովբիա		f.	Jaquet; Joan.	dict-807.png	https://archive.org/download/ANewDictionaryArmenian-english/page/leaf401.jpg	appendix
Յաշտիշատ			Jastishat.	dict-817.png	https://archive.org/download/ANewDictionaryArmenian-english/page/leaf406.jpg	appendix
Յաւա				dict-817.png	https://archive.org/download/ANewDictionaryArmenian-english/page/leaf406.jpg	appendix
Յաւերժուհի		f.	Perpetua.	dict-807.png	https://archive.org/download/ANewDictionaryArmenian-english/page/leaf401.jpg	appendix
Յեզանդուխտ		f.	Jezandookhd.	dict-807.png	https://archive.org/download/ANewDictionaryArmenian-english/page/leaf401.jpg	appendix
Յեսսէ			Jesse.	dict-807.png	https://archive.org/download/ANewDictionaryArmenian-english/page/leaf401.jpg	appendix
Յոբիանոս			Jovian.	dict-807.png	https://archive.org/download/ANewDictionaryArmenian-english/page/leaf401.jpg	appendix
Յովիդայէ			Jehoiada.	dict-807.png	https://archive.org/download/ANewDictionaryArmenian-english/page/leaf401.jpg	appendix
Յովհաննա		f.	Johanna; Jane; Jinny.	dict-807.png	https://archive.org/download/ANewDictionaryArmenian-english/page/leaf401.jpg	appendix
Յովհաննէս Մկրտիչ			John Baptist.	dict-807.png	https://archive.org/download/ANewDictionaryArmenian-english/page/leaf401.jpg	appendix
Յովհաննիհա		f.	Joan; Jin; Jennet; Jenny.	dict-807.png	https://archive.org/download/ANewDictionaryArmenian-english/page/leaf401.jpg	appendix
Յովսափատու Ձոր			The Valley of Jo- [sapath.; The Valley of Jo	dict-817.png	https://archive.org/download/ANewDictionaryArmenian-english/page/leaf406.jpg	appendix
Յորդանան			Jordan.	dict-817.png	https://archive.org/download/ANewDictionaryArmenian-english/page/leaf406.jpg	appendix
Յուդայաստան			Judæa.	dict-817.png	https://archive.org/download/ANewDictionaryArmenian-english/page/leaf406.jpg	appendix
Յուլիա		f.	Julia.	dict-807.png	https://archive.org/download/ANewDictionaryArmenian-english/page/leaf401.jpg	appendix
Յուլիանէ		f.	Juliana.	dict-807.png	https://archive.org/download/ANewDictionaryArmenian-english/page/leaf401.jpg	appendix
Յուղիտա		f.	Julietta, Julia.	dict-808.png	https://archive.org/download/ANewDictionaryArmenian-english/page/leaf402.jpg	appendix
Նաբոլէոն			Napoleon.	dict-808.png	https://archive.org/download/ANewDictionaryArmenian-english/page/leaf402.jpg	appendix
Նաբունասար			Nabonassar.	dict-808.png	https://archive.org/download/ANewDictionaryArmenian-english/page/leaf402.jpg	appendix
Նաբուպաղասար			Nabopalasar.	dict-808.png	https://archive.org/download/ANewDictionaryArmenian-english/page/leaf402.jpg	appendix
Նազար			Nazarius.	dict-808.png	https://archive.org/download/ANewDictionaryArmenian-english/page/leaf402.jpg	appendix
Նազարէթ			Nazareth.	dict-817.png	https://archive.org/download/ANewDictionaryArmenian-english/page/leaf406.jpg	appendix
Նազովրացի			Nazarite, Nazarene.	dict-817.png	https://archive.org/download/ANewDictionaryArmenian-english/page/leaf406.jpg	appendix
Նաթանայէլ			Nathaniel, Nat, Natty.	dict-808.png	https://archive.org/download/ANewDictionaryArmenian-english/page/leaf402.jpg	appendix
Նախջուան			Naxuana, Nakhchivan.	dict-817.png	https://archive.org/download/ANewDictionaryArmenian-english/page/leaf406.jpg	appendix
Նայադք		f.	the Naiades or ds.	dict-817.png	https://archive.org/download/ANewDictionaryArmenian-english/page/leaf406.jpg	appendix
Նանսի			Nancy.	dict-817.png	https://archive.org/download/ANewDictionaryArmenian-english/page/leaf406.jpg	appendix
Նարեկ			Nareg.	dict-817.png	https://archive.org/download/ANewDictionaryArmenian-english/page/leaf406.jpg	appendix
Նարեկացի				dict-808.png	https://archive.org/download/ANewDictionaryArmenian-english/page/leaf402.jpg	appendix
Նաւառա			Navarra.	dict-817.png	https://archive.org/download/ANewDictionaryArmenian-english/page/leaf406.jpg	appendix
Նաքսոս			Naxos, Naxia.	dict-817.png	https://archive.org/download/ANewDictionaryArmenian-english/page/leaf406.jpg	appendix
Նեմեսիս		f.	Nemesis.	dict-808.png	https://archive.org/download/ANewDictionaryArmenian-english/page/leaf402.jpg	appendix
Նեպոս			Nepos.	dict-808.png	https://archive.org/download/ANewDictionaryArmenian-english/page/leaf402.jpg	appendix
Նեւտոն			Newton.	dict-808.png	https://archive.org/download/ANewDictionaryArmenian-english/page/leaf402.jpg	appendix
Նեքտառինէ				dict-808.png	https://archive.org/download/ANewDictionaryArmenian-english/page/leaf402.jpg	appendix
Նէապոլիս			Naples ; -պոլսեցի Napo- [litan.; Naples	dict-817.png	https://archive.org/download/ANewDictionaryArmenian-english/page/leaf406.jpg	appendix
Նէարխոն			Nearkus.	dict-808.png	https://archive.org/download/ANewDictionaryArmenian-english/page/leaf402.jpg	appendix
Նէմէա			Nemea.	dict-817.png	https://archive.org/download/ANewDictionaryArmenian-english/page/leaf406.jpg	appendix
Նէոկլէս			Neocles.	dict-808.png	https://archive.org/download/ANewDictionaryArmenian-english/page/leaf402.jpg	appendix
Նէոպտղոմէոս			Neoptolemus.	dict-808.png	https://archive.org/download/ANewDictionaryArmenian-english/page/leaf402.jpg	appendix
Նիակարա			Niagara.	dict-817.png	https://archive.org/download/ANewDictionaryArmenian-english/page/leaf406.jpg	appendix
Նիծծա			Nice.	dict-817.png	https://archive.org/download/ANewDictionaryArmenian-english/page/leaf406.jpg	appendix
Նիկիա			Nicæa, Ixnik.	dict-817.png	https://archive.org/download/ANewDictionaryArmenian-english/page/leaf406.jpg	appendix
Նիկիաս			Nicias.	dict-808.png	https://archive.org/download/ANewDictionaryArmenian-english/page/leaf402.jpg	appendix
Նիկոմեդէս			Nicomedes.	dict-808.png	https://archive.org/download/ANewDictionaryArmenian-english/page/leaf402.jpg	appendix
Նիկոմիդիա			Nicomedia, Iznimid.	dict-817.png	https://archive.org/download/ANewDictionaryArmenian-english/page/leaf406.jpg	appendix
Նինուէ			Nineveh.	dict-817.png	https://archive.org/download/ANewDictionaryArmenian-english/page/leaf406.jpg	appendix
Նոյեմի		f.	Naomi.	dict-808.png	https://archive.org/download/ANewDictionaryArmenian-english/page/leaf402.jpg	appendix
Նովկորոտ			Naxogorod.; Novogorod.	dict-817.png	https://archive.org/download/ANewDictionaryArmenian-english/page/leaf406.jpg	appendix
Նոր-Եորք			New York.	dict-818.png	https://archive.org/download/ANewDictionaryArmenian-english/page/leaf407.jpg	appendix
Նոր-Զելանտա			New Zealand.	dict-818.png	https://archive.org/download/ANewDictionaryArmenian-english/page/leaf407.jpg	appendix
Նորմանտիա			Normandy.	dict-818.png	https://archive.org/download/ANewDictionaryArmenian-english/page/leaf407.jpg	appendix
Նորվեգիա			Norway	dict-818.png	https://archive.org/download/ANewDictionaryArmenian-english/page/leaf407.jpg	appendix
Նուարդ		f.	Nooward.	dict-808.png	https://archive.org/download/ANewDictionaryArmenian-english/page/leaf402.jpg	appendix
Նուբիա			Nubia.	dict-818.png	https://archive.org/download/ANewDictionaryArmenian-english/page/leaf407.jpg	appendix
Նումանտիա			Numantia.	dict-818.png	https://archive.org/download/ANewDictionaryArmenian-english/page/leaf407.jpg	appendix
Նումիդիա			Numidia.	dict-818.png	https://archive.org/download/ANewDictionaryArmenian-english/page/leaf407.jpg	appendix
Նուշիրվան			Nushirwan.	dict-808.png	https://archive.org/download/ANewDictionaryArmenian-english/page/leaf402.jpg	appendix
Նպատ			Nepat, Nephates.	dict-818.png	https://archive.org/download/ANewDictionaryArmenian-english/page/leaf407.jpg	appendix
Շադոպրիան			Chateaubriand.	dict-808.png	https://archive.org/download/ANewDictionaryArmenian-english/page/leaf402.jpg	appendix
Շահնշահ			Shahenshah.	dict-808.png	https://archive.org/download/ANewDictionaryArmenian-english/page/leaf402.jpg	appendix
Շամ			Sham	dict-818.png	https://archive.org/download/ANewDictionaryArmenian-english/page/leaf407.jpg	appendix
Շամրին			Samaria.	dict-818.png	https://archive.org/download/ANewDictionaryArmenian-english/page/leaf407.jpg	appendix
Շարտէն			Chardin.	dict-808.png	https://archive.org/download/ANewDictionaryArmenian-english/page/leaf402.jpg	appendix
Շէքսբիր			Shakspeare.	dict-808.png	https://archive.org/download/ANewDictionaryArmenian-english/page/leaf402.jpg	appendix
Շիլլէր			Schiller.	dict-808.png	https://archive.org/download/ANewDictionaryArmenian-english/page/leaf402.jpg	appendix
Շիղայ			Silas.	dict-808.png	https://archive.org/download/ANewDictionaryArmenian-english/page/leaf402.jpg	appendix
Շիրազ			Shiras.	dict-818.png	https://archive.org/download/ANewDictionaryArmenian-english/page/leaf407.jpg	appendix
Շիրակ			Sirace.	dict-818.png	https://archive.org/download/ANewDictionaryArmenian-english/page/leaf407.jpg	appendix
Շիրակաւան			Sciragawan.	dict-818.png	https://archive.org/download/ANewDictionaryArmenian-english/page/leaf407.jpg	appendix
Շիրվան			Shirvan.	dict-818.png	https://archive.org/download/ANewDictionaryArmenian-english/page/leaf407.jpg	appendix
Շմաւոն				dict-808.png	https://archive.org/download/ANewDictionaryArmenian-english/page/leaf402.jpg	appendix
Շուշանիկ		f.	Sue, Sukey.	dict-808.png	https://archive.org/download/ANewDictionaryArmenian-english/page/leaf402.jpg	appendix
Շօշ			Susiana.	dict-818.png	https://archive.org/download/ANewDictionaryArmenian-english/page/leaf407.jpg	appendix
Ոգիգէս			Ogyges.	dict-808.png	https://archive.org/download/ANewDictionaryArmenian-english/page/leaf402.jpg	appendix
Ոթելլոյ			Othello.	dict-808.png	https://archive.org/download/ANewDictionaryArmenian-english/page/leaf402.jpg	appendix
Ոթոն			Otho.	dict-808.png	https://archive.org/download/ANewDictionaryArmenian-english/page/leaf402.jpg	appendix
Ոլիբեր			Oliver.	dict-808.png	https://archive.org/download/ANewDictionaryArmenian-english/page/leaf402.jpg	appendix
Ոլիմպիա, Ոլիմպիադա		f.	Olympia.	dict-808.png	https://archive.org/download/ANewDictionaryArmenian-english/page/leaf402.jpg	appendix
Ոլիմպիա, Ոլիմպիադա		f.	Olympia.	dict-808.png	https://archive.org/download/ANewDictionaryArmenian-english/page/leaf402.jpg	appendix
Ոլիմպիոդորոս			Olympiodorus.	dict-808.png	https://archive.org/download/ANewDictionaryArmenian-english/page/leaf402.jpg	appendix
Ոլինթոս			Olynthus.	dict-818.png	https://archive.org/download/ANewDictionaryArmenian-english/page/leaf407.jpg	appendix
Ոկտաւիա		f.	Octavia.	dict-808.png	https://archive.org/download/ANewDictionaryArmenian-english/page/leaf402.jpg	appendix
Ոնուփրիոս			Onuphrius.	dict-808.png	https://archive.org/download/ANewDictionaryArmenian-english/page/leaf402.jpg	appendix
Ոռլէան			Orleans.	dict-818.png	https://archive.org/download/ANewDictionaryArmenian-english/page/leaf407.jpg	appendix
Փրեդերիկ, -ոս			Frederic, Fred.	dict-812.png	https://archive.org/download/ANewDictionaryArmenian-english/page/leaf404.jpg	appendix
Ոսիան			Ossian.	dict-808.png	https://archive.org/download/ANewDictionaryArmenian-english/page/leaf402.jpg	appendix
Ոսիրիս			Osiris.	dict-808.png	https://archive.org/download/ANewDictionaryArmenian-english/page/leaf402.jpg	appendix
Ոսկան			Wosgan.	dict-808.png	https://archive.org/download/ANewDictionaryArmenian-english/page/leaf402.jpg	appendix
Ոսկար			Oscar.	dict-808.png	https://archive.org/download/ANewDictionaryArmenian-english/page/leaf402.jpg	appendix
Ոստրոգոթք			the Ostrogoths.	dict-818.png	https://archive.org/download/ANewDictionaryArmenian-english/page/leaf407.jpg	appendix
Ովկիան			Ocean.	dict-818.png	https://archive.org/download/ANewDictionaryArmenian-english/page/leaf407.jpg	appendix
Ովկիանիա			Oceania.	dict-818.png	https://archive.org/download/ANewDictionaryArmenian-english/page/leaf407.jpg	appendix
Ովսէ			Hosea.	dict-808.png	https://archive.org/download/ANewDictionaryArmenian-english/page/leaf402.jpg	appendix
Ոտին			Odin.	dict-808.png	https://archive.org/download/ANewDictionaryArmenian-english/page/leaf402.jpg	appendix
Որատիոս			Horatius, Horace.	dict-808.png	https://archive.org/download/ANewDictionaryArmenian-english/page/leaf402.jpg	appendix
Որդենսիա		f.	Hortensia.	dict-808.png	https://archive.org/download/ANewDictionaryArmenian-english/page/leaf402.jpg	appendix
Որեստէս			Orestes.	dict-808.png	https://archive.org/download/ANewDictionaryArmenian-english/page/leaf402.jpg	appendix
Որիբասիոս			Oribasius.	dict-808.png	https://archive.org/download/ANewDictionaryArmenian-english/page/leaf402.jpg	appendix
Որիոն			Orion.	dict-808.png	https://archive.org/download/ANewDictionaryArmenian-english/page/leaf402.jpg	appendix
Որլանդոս			Orlando.	dict-808.png	https://archive.org/download/ANewDictionaryArmenian-english/page/leaf402.jpg	appendix
Որմզդան			Hormisdan.; [(god).	dict-808.png	https://archive.org/download/ANewDictionaryArmenian-english/page/leaf402.jpg	appendix
Որմի			Oormiah, Wormy.	dict-818.png	https://archive.org/download/ANewDictionaryArmenian-english/page/leaf407.jpg	appendix
Որոտն			Woroten.	dict-818.png	https://archive.org/download/ANewDictionaryArmenian-english/page/leaf407.jpg	appendix
Որսոլա		f.	Ursula.	dict-808.png	https://archive.org/download/ANewDictionaryArmenian-english/page/leaf402.jpg	appendix
Ուաշինկդըն			Washington.	dict-808.png	https://archive.org/download/ANewDictionaryArmenian-english/page/leaf402.jpg	appendix
Ուդրեխդ			Utrecht.	dict-818.png	https://archive.org/download/ANewDictionaryArmenian-english/page/leaf407.jpg	appendix
Ուէսդֆալիա			Westphalia.	dict-818.png	https://archive.org/download/ANewDictionaryArmenian-english/page/leaf407.jpg	appendix
Ումբրիա			Umbria.	dict-818.png	https://archive.org/download/ANewDictionaryArmenian-english/page/leaf407.jpg	appendix
Ուտիկէ			Utica.	dict-818.png	https://archive.org/download/ANewDictionaryArmenian-english/page/leaf407.jpg	appendix
Ուտինոն			Utinum, Udine.	dict-818.png	https://archive.org/download/ANewDictionaryArmenian-english/page/leaf407.jpg	appendix
Ուրալ			Oural.	dict-818.png	https://archive.org/download/ANewDictionaryArmenian-english/page/leaf407.jpg	appendix
Ուրանիա		f.	Urania.	dict-809.png	https://archive.org/download/ANewDictionaryArmenian-english/page/leaf402.jpg	appendix
Ուրիա			Uriah.	dict-809.png	https://archive.org/download/ANewDictionaryArmenian-english/page/leaf402.jpg	appendix
Ուրիէլ			Huriel.	dict-809.png	https://archive.org/download/ANewDictionaryArmenian-english/page/leaf402.jpg	appendix
Ուրհայ				dict-818.png	https://archive.org/download/ANewDictionaryArmenian-english/page/leaf407.jpg	appendix
Չամչեան			Chamich.; (Հ. Մ.) Chamich.	dict-809.png	https://archive.org/download/ANewDictionaryArmenian-english/page/leaf402.jpg	appendix
Չինաստան			China.	dict-818.png	https://archive.org/download/ANewDictionaryArmenian-english/page/leaf407.jpg	appendix
Չինաց աշխարհ			China.	dict-818.png	https://archive.org/download/ANewDictionaryArmenian-english/page/leaf407.jpg	appendix
Չիչիլիա				dict-809.png	https://archive.org/download/ANewDictionaryArmenian-english/page/leaf402.jpg	appendix
Պադաւիա			Batavia.	dict-818.png	https://archive.org/download/ANewDictionaryArmenian-english/page/leaf407.jpg	appendix
Պադոս			Padus (Po).	dict-818.png	https://archive.org/download/ANewDictionaryArmenian-english/page/leaf407.jpg	appendix
Պալատինատ			Palatinate.	dict-818.png	https://archive.org/download/ANewDictionaryArmenian-english/page/leaf407.jpg	appendix
Պալդիկ			the Baltic.	dict-818.png	https://archive.org/download/ANewDictionaryArmenian-english/page/leaf407.jpg	appendix
Պալդիմոր			Baltimore.	dict-818.png	https://archive.org/download/ANewDictionaryArmenian-english/page/leaf407.jpg	appendix
Պալէոլոգ			Palæologus.	dict-809.png	https://archive.org/download/ANewDictionaryArmenian-english/page/leaf402.jpg	appendix
Պալլադիոս			Palladius.	dict-809.png	https://archive.org/download/ANewDictionaryArmenian-english/page/leaf402.jpg	appendix
Պալմիրա		f.	Palmyra.	dict-809.png	https://archive.org/download/ANewDictionaryArmenian-english/page/leaf402.jpg	appendix
Պաղեստին			Palestina.	dict-818.png	https://archive.org/download/ANewDictionaryArmenian-english/page/leaf407.jpg	appendix
Պաղտասար				dict-809.png	https://archive.org/download/ANewDictionaryArmenian-english/page/leaf402.jpg	appendix
Պամփիւլիա			Pamphylia.	dict-818.png	https://archive.org/download/ANewDictionaryArmenian-english/page/leaf407.jpg	appendix
Պայազիտ			Bayazid.	dict-818.png	https://archive.org/download/ANewDictionaryArmenian-english/page/leaf407.jpg	appendix
Պայրն			Lord Byron.; (Լօրտ) Lord Byron.	dict-809.png	https://archive.org/download/ANewDictionaryArmenian-english/page/leaf402.jpg	appendix
Պանդորա		f.	Pandora.	dict-809.png	https://archive.org/download/ANewDictionaryArmenian-english/page/leaf402.jpg	appendix
Պաննոնիա			Pannonia.	dict-818.png	https://archive.org/download/ANewDictionaryArmenian-english/page/leaf407.jpg	appendix
Պանորմոն			Panormus, Palermo.	dict-818.png	https://archive.org/download/ANewDictionaryArmenian-english/page/leaf407.jpg	appendix
Պատաւիոն			Patavium, Padua.	dict-818.png	https://archive.org/download/ANewDictionaryArmenian-english/page/leaf407.jpg	appendix
Պատէն			Baden.	dict-818.png	https://archive.org/download/ANewDictionaryArmenian-english/page/leaf407.jpg	appendix
Պատրոկլէս			Patrocles.	dict-809.png	https://archive.org/download/ANewDictionaryArmenian-english/page/leaf402.jpg	appendix
Պարթենոպէ		f.	Parthenope.	dict-809.png	https://archive.org/download/ANewDictionaryArmenian-english/page/leaf402.jpg	appendix
Պարթէն			Parthen.; or Թեր Parthen.	dict-809.png	https://archive.org/download/ANewDictionaryArmenian-english/page/leaf402.jpg	appendix
Պարմենիդէս			Parmenides.	dict-809.png	https://archive.org/download/ANewDictionaryArmenian-english/page/leaf402.jpg	appendix
Պարչելոնա			Barcelona.	dict-818.png	https://archive.org/download/ANewDictionaryArmenian-english/page/leaf407.jpg	appendix
Պարպարոսսա			Barbarossa.	dict-809.png	https://archive.org/download/ANewDictionaryArmenian-english/page/leaf402.jpg	appendix
Պարսկահայք			Persarmenia.	dict-818.png	https://archive.org/download/ANewDictionaryArmenian-english/page/leaf407.jpg	appendix
Պաւիերա			Bavaria.	dict-818.png	https://archive.org/download/ANewDictionaryArmenian-english/page/leaf407.jpg	appendix
Պաւղինէ			-նա f. Paulina.	dict-809.png	https://archive.org/download/ANewDictionaryArmenian-english/page/leaf402.jpg	appendix
Պափլագոնիա			Paphlagonia.	dict-818.png	https://archive.org/download/ANewDictionaryArmenian-english/page/leaf407.jpg	appendix
Պեգասոս			Pegasus.	dict-809.png	https://archive.org/download/ANewDictionaryArmenian-english/page/leaf402.jpg	appendix
Պելկրատ			Belgrade.	dict-818.png	https://archive.org/download/ANewDictionaryArmenian-english/page/leaf407.jpg	appendix
Պեղասգեանք			Pelasgians.	dict-818.png	https://archive.org/download/ANewDictionaryArmenian-english/page/leaf407.jpg	appendix
Պեղասգոս			Pelasgus.	dict-809.png	https://archive.org/download/ANewDictionaryArmenian-english/page/leaf402.jpg	appendix
Պեղոպոնէս			Peloponessus, Morea.	dict-818.png	https://archive.org/download/ANewDictionaryArmenian-english/page/leaf407.jpg	appendix
Պենկալ			Bengal.	dict-818.png	https://archive.org/download/ANewDictionaryArmenian-english/page/leaf407.jpg	appendix
Պեռլին			Berlin.	dict-818.png	https://archive.org/download/ANewDictionaryArmenian-english/page/leaf407.jpg	appendix
Պեսարապիա			Bessarabia.	dict-818.png	https://archive.org/download/ANewDictionaryArmenian-english/page/leaf407.jpg	appendix
Պետրպուրկ			Petersburg.	dict-818.png	https://archive.org/download/ANewDictionaryArmenian-english/page/leaf407.jpg	appendix
Պերսեփոնէ		f.	Proserpine.	dict-809.png	https://archive.org/download/ANewDictionaryArmenian-english/page/leaf402.jpg	appendix
Պէյրութ			Beyrout.	dict-818.png	https://archive.org/download/ANewDictionaryArmenian-english/page/leaf407.jpg	appendix
Պիա		f.	Pia.	dict-809.png	https://archive.org/download/ANewDictionaryArmenian-english/page/leaf402.jpg	appendix
Պիգոս			Picus.	dict-809.png	https://archive.org/download/ANewDictionaryArmenian-english/page/leaf402.jpg	appendix
Պիթլիզ			Bidlis.	dict-818.png	https://archive.org/download/ANewDictionaryArmenian-english/page/leaf407.jpg	appendix
Պիոն			Pionius.	dict-809.png	https://archive.org/download/ANewDictionaryArmenian-english/page/leaf402.jpg	appendix
Պիսիդիա			Pisidia.	dict-818.png	https://archive.org/download/ANewDictionaryArmenian-english/page/leaf407.jpg	appendix
Պիսիստրատոս			Pisistratus.	dict-809.png	https://archive.org/download/ANewDictionaryArmenian-english/page/leaf402.jpg	appendix
Պիստոս		f.	Pistis.	dict-809.png	https://archive.org/download/ANewDictionaryArmenian-english/page/leaf402.jpg	appendix
Պիրենեանք			Pyreneens.	dict-818.png	https://archive.org/download/ANewDictionaryArmenian-english/page/leaf407.jpg	appendix
Պիրման			Birman.	dict-818.png	https://archive.org/download/ANewDictionaryArmenian-english/page/leaf407.jpg	appendix
Պիւթիաս			Pythias.	dict-809.png	https://archive.org/download/ANewDictionaryArmenian-english/page/leaf402.jpg	appendix
Պիւֆոն			Buffon.	dict-809.png	https://archive.org/download/ANewDictionaryArmenian-english/page/leaf402.jpg	appendix
Պլակենտիա			Placentia, Piacenza.	dict-818.png	https://archive.org/download/ANewDictionaryArmenian-english/page/leaf407.jpg	appendix
Պլատէա			Platea.	dict-818.png	https://archive.org/download/ANewDictionaryArmenian-english/page/leaf407.jpg	appendix
Պոլոնեա			Bologna.	dict-818.png	https://archive.org/download/ANewDictionaryArmenian-english/page/leaf407.jpg	appendix
Պոհեմիա			Bohemia.	dict-818.png	https://archive.org/download/ANewDictionaryArmenian-english/page/leaf407.jpg	appendix
Պողիկեւտիս			Pollux.	dict-809.png	https://archive.org/download/ANewDictionaryArmenian-english/page/leaf402.jpg	appendix
Պոմերանիա			Pomerania.	dict-818.png	https://archive.org/download/ANewDictionaryArmenian-english/page/leaf407.jpg	appendix
Պոմպէ			Bombay.	dict-818.png	https://archive.org/download/ANewDictionaryArmenian-english/page/leaf407.jpg	appendix
Պոմպիլիոս			Pompilius.	dict-809.png	https://archive.org/download/ANewDictionaryArmenian-english/page/leaf402.jpg	appendix
Պոնավենդուրա			Bonadventure.	dict-809.png	https://archive.org/download/ANewDictionaryArmenian-english/page/leaf402.jpg	appendix
Պոպպէա		f.	Poppæa.; Poppœa.	dict-809.png	https://archive.org/download/ANewDictionaryArmenian-english/page/leaf402.jpg	appendix
Պոսդըն			Boston.	dict-818.png	https://archive.org/download/ANewDictionaryArmenian-english/page/leaf407.jpg	appendix
Պոսիւէ			Bossuet.	dict-809.png	https://archive.org/download/ANewDictionaryArmenian-english/page/leaf402.jpg	appendix
Պոսնիա			Bosnia.	dict-818.png	https://archive.org/download/ANewDictionaryArmenian-english/page/leaf407.jpg	appendix
Պոտիդէա			Potidæa.	dict-818.png	https://archive.org/download/ANewDictionaryArmenian-english/page/leaf407.jpg	appendix
Պորկիա		f.	Portia, Porcia.	dict-809.png	https://archive.org/download/ANewDictionaryArmenian-english/page/leaf402.jpg	appendix
Պորտոյ			Bordeaux.	dict-818.png	https://archive.org/download/ANewDictionaryArmenian-english/page/leaf407.jpg	appendix
Պուալոյ			Boileau.	dict-809.png	https://archive.org/download/ANewDictionaryArmenian-english/page/leaf402.jpg	appendix
Պուլքերիա		f.	Pulcheria.	dict-809.png	https://archive.org/download/ANewDictionaryArmenian-english/page/leaf402.jpg	appendix
Պուխարա			Bukharia.	dict-818.png	https://archive.org/download/ANewDictionaryArmenian-english/page/leaf407.jpg	appendix
Պրազիլ			Brazil.	dict-818.png	https://archive.org/download/ANewDictionaryArmenian-english/page/leaf407.jpg	appendix
Պրիամոս			Priamus.	dict-809.png	https://archive.org/download/ANewDictionaryArmenian-english/page/leaf402.jpg	appendix
Պրիճիդա		f.	Bridget, Biddy.	dict-809.png	https://archive.org/download/ANewDictionaryArmenian-english/page/leaf402.jpg	appendix
Պրինտիզի			Brindisi.	dict-818.png	https://archive.org/download/ANewDictionaryArmenian-english/page/leaf407.jpg	appendix
Պրիսկիլլա		f.	Priscilla.	dict-809.png	https://archive.org/download/ANewDictionaryArmenian-english/page/leaf402.jpg	appendix
Պրիւսէլ			Bruxelles.	dict-818.png	https://archive.org/download/ANewDictionaryArmenian-english/page/leaf407.jpg	appendix
Պրոբոս			Probus.	dict-809.png	https://archive.org/download/ANewDictionaryArmenian-english/page/leaf402.jpg	appendix
Պրոպոնտիս			Propontis.	dict-818.png	https://archive.org/download/ANewDictionaryArmenian-english/page/leaf407.jpg	appendix
Պրուսա			Bursa.; Bursa	dict-818.png	https://archive.org/download/ANewDictionaryArmenian-english/page/leaf407.jpg	appendix
Պօղ			Paul.	dict-809.png	https://archive.org/download/ANewDictionaryArmenian-english/page/leaf402.jpg	appendix
Պօղիկարպոս			Polycarp, -us.	dict-809.png	https://archive.org/download/ANewDictionaryArmenian-english/page/leaf402.jpg	appendix
Պօքքաչիոյ			Boccaccio.	dict-809.png	https://archive.org/download/ANewDictionaryArmenian-english/page/leaf402.jpg	appendix
Ջախջախեան			Chakhchakh.; (Հ. Մ.) Chakhchakh.	dict-809.png	https://archive.org/download/ANewDictionaryArmenian-english/page/leaf402.jpg	appendix
Ջեռոնիմոս				dict-809.png	https://archive.org/download/ANewDictionaryArmenian-english/page/leaf402.jpg	appendix
Ջուղայ			Zulpha.	dict-818.png	https://archive.org/download/ANewDictionaryArmenian-english/page/leaf407.jpg	appendix
Ռագիսպոնա			Ratisbon.	dict-818.png	https://archive.org/download/ANewDictionaryArmenian-english/page/leaf407.jpg	appendix
Ռակուսա			Ragusa.	dict-818.png	https://archive.org/download/ANewDictionaryArmenian-english/page/leaf407.jpg	appendix
Ռաւեննա			Ravenna.	dict-818.png	https://archive.org/download/ANewDictionaryArmenian-english/page/leaf407.jpg	appendix
Ռէա		f.	Rhea.	dict-809.png	https://archive.org/download/ANewDictionaryArmenian-english/page/leaf402.jpg	appendix
Ռէթէոս			Retheus.	dict-809.png	https://archive.org/download/ANewDictionaryArmenian-english/page/leaf402.jpg	appendix
Ռէօմիւռ			Reaumur.	dict-809.png	https://archive.org/download/ANewDictionaryArmenian-english/page/leaf402.jpg	appendix
Ռընեար			Regnard.	dict-809.png	https://archive.org/download/ANewDictionaryArmenian-english/page/leaf402.jpg	appendix
Ռիփեան			Riphean.	dict-818.png	https://archive.org/download/ANewDictionaryArmenian-english/page/leaf407.jpg	appendix
Ռոբերտ			Robert, Rob.; -ոս Robert, Rob.	dict-809.png	https://archive.org/download/ANewDictionaryArmenian-english/page/leaf402.jpg	appendix
Ռոզա				dict-809.png	https://archive.org/download/ANewDictionaryArmenian-english/page/leaf402.jpg	appendix
Ռոզալիա		f.	Rosalia.	dict-810.png	https://archive.org/download/ANewDictionaryArmenian-english/page/leaf403.jpg	appendix
Ռոմանիա			Romagna.	dict-818.png	https://archive.org/download/ANewDictionaryArmenian-english/page/leaf407.jpg	appendix
Ռոմելոս			Romelus.	dict-810.png	https://archive.org/download/ANewDictionaryArmenian-english/page/leaf403.jpg	appendix
Ռոմէոյ			Romeo.	dict-810.png	https://archive.org/download/ANewDictionaryArmenian-english/page/leaf403.jpg	appendix
Ռուպէնս			Rubens.	dict-810.png	https://archive.org/download/ANewDictionaryArmenian-english/page/leaf403.jpg	appendix
Ռուս			Russian; Russia.	dict-818.png	https://archive.org/download/ANewDictionaryArmenian-english/page/leaf407.jpg	appendix
Ռուսաստան			Russia.	dict-818.png	https://archive.org/download/ANewDictionaryArmenian-english/page/leaf407.jpg	appendix
Ռուսսոյ			Rousseau.	dict-810.png	https://archive.org/download/ANewDictionaryArmenian-english/page/leaf403.jpg	appendix
Ռստակէս				dict-810.png	https://archive.org/download/ANewDictionaryArmenian-english/page/leaf403.jpg	appendix
Ռօսսինի			Rossini.	dict-810.png	https://archive.org/download/ANewDictionaryArmenian-english/page/leaf403.jpg	appendix
Սաբաւդիա			Saubadia, Savoy.	dict-818.png	https://archive.org/download/ANewDictionaryArmenian-english/page/leaf407.jpg	appendix
Սաբինա		f.	Sabina.	dict-810.png	https://archive.org/download/ANewDictionaryArmenian-english/page/leaf403.jpg	appendix
Սագաստան			Segestan.	dict-818.png	https://archive.org/download/ANewDictionaryArmenian-english/page/leaf407.jpg	appendix
Սադուկեցիք			Sadducee.	dict-818.png	https://archive.org/download/ANewDictionaryArmenian-english/page/leaf407.jpg	appendix
Սալեռնոյ			Salerno.	dict-818.png	https://archive.org/download/ANewDictionaryArmenian-english/page/leaf407.jpg	appendix
Սակսոնիա			Saxony.	dict-818.png	https://archive.org/download/ANewDictionaryArmenian-english/page/leaf407.jpg	appendix
Սահականոյշ		f.	Sahaganoosh.	dict-810.png	https://archive.org/download/ANewDictionaryArmenian-english/page/leaf403.jpg	appendix
Սահարա			Sahara.	dict-818.png	https://archive.org/download/ANewDictionaryArmenian-english/page/leaf407.jpg	appendix
Սաղամինա			Salamis.	dict-818.png	https://archive.org/download/ANewDictionaryArmenian-english/page/leaf407.jpg	appendix
Սաղիմ			Salem.	dict-818.png	https://archive.org/download/ANewDictionaryArmenian-english/page/leaf407.jpg	appendix
Սաղմոնէոս			Salmoneus.	dict-810.png	https://archive.org/download/ANewDictionaryArmenian-english/page/leaf403.jpg	appendix
Սաղոմէ		f.	Salome.	dict-810.png	https://archive.org/download/ANewDictionaryArmenian-english/page/leaf403.jpg	appendix
Սամոթրակէ			Samothrace.	dict-818.png	https://archive.org/download/ANewDictionaryArmenian-english/page/leaf407.jpg	appendix
Սամոնաս			Samonas.	dict-810.png	https://archive.org/download/ANewDictionaryArmenian-english/page/leaf403.jpg	appendix
Սամոս			Samos, Samus.	dict-818.png	https://archive.org/download/ANewDictionaryArmenian-english/page/leaf407.jpg	appendix
Սամսոն, Սամփսոն			Sampson; Samson.; Sampson, Samson.	dict-810.png	https://archive.org/download/ANewDictionaryArmenian-english/page/leaf403.jpg	appendix
Սասուն			Sassoon.	dict-819.png	https://archive.org/download/ANewDictionaryArmenian-english/page/leaf407.jpg	appendix
Սատուռնոս			Saturn.	dict-810.png	https://archive.org/download/ANewDictionaryArmenian-english/page/leaf403.jpg	appendix
Սարակինոսք			Saracens.	dict-819.png	https://archive.org/download/ANewDictionaryArmenian-english/page/leaf407.jpg	appendix
Սարակոսա			Saragossa.	dict-819.png	https://archive.org/download/ANewDictionaryArmenian-english/page/leaf407.jpg	appendix
Սարդիկէ			Sardis.	dict-819.png	https://archive.org/download/ANewDictionaryArmenian-english/page/leaf407.jpg	appendix
Սարդոնիա			Sardinia.	dict-819.png	https://archive.org/download/ANewDictionaryArmenian-english/page/leaf407.jpg	appendix
Սաւոեա			Savoy.	dict-819.png	https://archive.org/download/ANewDictionaryArmenian-english/page/leaf407.jpg	appendix
Սաքսոնիա			Saxony.	dict-819.png	https://archive.org/download/ANewDictionaryArmenian-english/page/leaf407.jpg	appendix
Սդուարդ			Stuart; Stewart.; Stuart, Stewart.	dict-810.png	https://archive.org/download/ANewDictionaryArmenian-english/page/leaf403.jpg	appendix
Սդուդկարտ			Stuttgard.	dict-819.png	https://archive.org/download/ANewDictionaryArmenian-english/page/leaf407.jpg	appendix
Սդոքհոլմ			Stockholm.	dict-819.png	https://archive.org/download/ANewDictionaryArmenian-english/page/leaf407.jpg	appendix
Սդրազպուրկ			Strasburg.	dict-819.png	https://archive.org/download/ANewDictionaryArmenian-english/page/leaf407.jpg	appendix
Սեաւ ծով			the Black Sea.	dict-819.png	https://archive.org/download/ANewDictionaryArmenian-english/page/leaf407.jpg	appendix
Սեբաստիա			Sivas, Sebaste.; Sebaste.	dict-819.png	https://archive.org/download/ANewDictionaryArmenian-english/page/leaf407.jpg	appendix
Սեդրակ			Shadrach.	dict-810.png	https://archive.org/download/ANewDictionaryArmenian-english/page/leaf403.jpg	appendix
Սելեւկիա			Seleucia.	dict-819.png	https://archive.org/download/ANewDictionaryArmenian-english/page/leaf407.jpg	appendix
Սեմ			Shem.	dict-810.png	https://archive.org/download/ANewDictionaryArmenian-english/page/leaf403.jpg	appendix
Սենեկա			Seneca.	dict-810.png	https://archive.org/download/ANewDictionaryArmenian-english/page/leaf403.jpg	appendix
Սենեկամպիա			Senegambia.	dict-819.png	https://archive.org/download/ANewDictionaryArmenian-english/page/leaf407.jpg	appendix
Սերգիոս			Sergius.	dict-810.png	https://archive.org/download/ANewDictionaryArmenian-english/page/leaf403.jpg	appendix
Սերենա		f.	Serena.	dict-810.png	https://archive.org/download/ANewDictionaryArmenian-english/page/leaf403.jpg	appendix
Սերոբէ			Seraphin; -us.; Seraphin, -us.	dict-810.png	https://archive.org/download/ANewDictionaryArmenian-english/page/leaf403.jpg	appendix
Սերվիա			Servia.	dict-819.png	https://archive.org/download/ANewDictionaryArmenian-english/page/leaf407.jpg	appendix
Սեւերոս			Severus.	dict-810.png	https://archive.org/download/ANewDictionaryArmenian-english/page/leaf403.jpg	appendix
Սէլիմ			Selim.	dict-810.png	https://archive.org/download/ANewDictionaryArmenian-english/page/leaf403.jpg	appendix
Սէկիւռ			Ségur.	dict-810.png	https://archive.org/download/ANewDictionaryArmenian-english/page/leaf403.jpg	appendix
Սէյլան			Ceylon.	dict-819.png	https://archive.org/download/ANewDictionaryArmenian-english/page/leaf407.jpg	appendix
Սիամ			Siam.	dict-819.png	https://archive.org/download/ANewDictionaryArmenian-english/page/leaf407.jpg	appendix
Սիգիսմունդ			Sigismund.	dict-810.png	https://archive.org/download/ANewDictionaryArmenian-english/page/leaf403.jpg	appendix
Սիդոն			Sidon, Saide.; Saide.	dict-819.png	https://archive.org/download/ANewDictionaryArmenian-english/page/leaf407.jpg	appendix
Սիլեզիա			Silesia.	dict-819.png	https://archive.org/download/ANewDictionaryArmenian-english/page/leaf407.jpg	appendix
Սիլլա			Sylla.	dict-810.png	https://archive.org/download/ANewDictionaryArmenian-english/page/leaf403.jpg	appendix
Սիկիլիա			Sicily; -ցի, -lian.	dict-819.png	https://archive.org/download/ANewDictionaryArmenian-english/page/leaf407.jpg	appendix
Սիկիոն			Sicyon.	dict-819.png	https://archive.org/download/ANewDictionaryArmenian-english/page/leaf407.jpg	appendix
Սիմ			Sim (mount).	dict-819.png	https://archive.org/download/ANewDictionaryArmenian-english/page/leaf407.jpg	appendix
Սիմէոն, Սիմոն			Simeon; Simon.; Simeon, Simon.	dict-810.png	https://archive.org/download/ANewDictionaryArmenian-english/page/leaf403.jpg	appendix
Սիմէոն, Սիմոն			Simeon; Simon.; Simeon, Simon.	dict-810.png	https://archive.org/download/ANewDictionaryArmenian-english/page/leaf403.jpg	appendix
Սինա			Sinai.	dict-819.png	https://archive.org/download/ANewDictionaryArmenian-english/page/leaf407.jpg	appendix
Սինէացի			Chinese; -ցւոց աշխ. China.	dict-819.png	https://archive.org/download/ANewDictionaryArmenian-english/page/leaf407.jpg	appendix
Սինոպ			Sinope.	dict-819.png	https://archive.org/download/ANewDictionaryArmenian-english/page/leaf407.jpg	appendix
Սիոն			Sion or Zion.	dict-819.png	https://archive.org/download/ANewDictionaryArmenian-english/page/leaf407.jpg	appendix
Սիպերիա			Siberia.	dict-819.png	https://archive.org/download/ANewDictionaryArmenian-english/page/leaf407.jpg	appendix
Սիս			Sis.	dict-819.png	https://archive.org/download/ANewDictionaryArmenian-english/page/leaf407.jpg	appendix
Սիւնիք or Սիսական			Sünik or Sissagan.	dict-819.png	https://archive.org/download/ANewDictionaryArmenian-english/page/leaf407.jpg	appendix
Սիսարա			Sisera.	dict-810.png	https://archive.org/download/ANewDictionaryArmenian-english/page/leaf403.jpg	appendix
Սիսիանոս			Sisianus.	dict-810.png	https://archive.org/download/ANewDictionaryArmenian-english/page/leaf403.jpg	appendix
Սիրակուսա			Syracuse.	dict-819.png	https://archive.org/download/ANewDictionaryArmenian-english/page/leaf407.jpg	appendix
Սիւղիանոս			Solianus.	dict-810.png	https://archive.org/download/ANewDictionaryArmenian-english/page/leaf403.jpg	appendix
Սիւնիք or Սիսական			Sünik or Sissagan.	dict-819.png	https://archive.org/download/ANewDictionaryArmenian-english/page/leaf407.jpg	appendix
Սիւրիա			Syria, Soristan.; Soristan.	dict-819.png	https://archive.org/download/ANewDictionaryArmenian-english/page/leaf407.jpg	appendix
Սիւքէմ			Shechem.	dict-819.png	https://archive.org/download/ANewDictionaryArmenian-english/page/leaf407.jpg	appendix
Սկանդինաւիա			Scandinavia.	dict-819.png	https://archive.org/download/ANewDictionaryArmenian-english/page/leaf407.jpg	appendix
Սկեւոլա			Scævola.	dict-810.png	https://archive.org/download/ANewDictionaryArmenian-english/page/leaf403.jpg	appendix
Սկիւթիա			Scythia, Tartary.; Tartary.	dict-819.png	https://archive.org/download/ANewDictionaryArmenian-english/page/leaf407.jpg	appendix
Սկլաւոնիա			Sclavonia.	dict-819.png	https://archive.org/download/ANewDictionaryArmenian-english/page/leaf407.jpg	appendix
Սկովտիա			Scotland.	dict-819.png	https://archive.org/download/ANewDictionaryArmenian-english/page/leaf407.jpg	appendix
Սմբատաւան			Sempadawan.	dict-819.png	https://archive.org/download/ANewDictionaryArmenian-english/page/leaf407.jpg	appendix
Սմոլենսքոյ			Smolensk, -o.	dict-819.png	https://archive.org/download/ANewDictionaryArmenian-english/page/leaf407.jpg	appendix
Սմրղանդ			Samarcand.	dict-819.png	https://archive.org/download/ANewDictionaryArmenian-english/page/leaf407.jpg	appendix
Սոգդիանէ			Sogdiana.	dict-819.png	https://archive.org/download/ANewDictionaryArmenian-english/page/leaf407.jpg	appendix
Սոդոմ			Sodom.	dict-819.png	https://archive.org/download/ANewDictionaryArmenian-english/page/leaf407.jpg	appendix
Սոկինեանք			Socinians.	dict-819.png	https://archive.org/download/ANewDictionaryArmenian-english/page/leaf407.jpg	appendix
Սողոմէ		f.	Solomy.	dict-810.png	https://archive.org/download/ANewDictionaryArmenian-english/page/leaf403.jpg	appendix
Սողոմոն			Solomon; Sol.; Solomon, Sol.	dict-810.png	https://archive.org/download/ANewDictionaryArmenian-english/page/leaf403.jpg	appendix
Սորէնդոյ			Sorrento.	dict-819.png	https://archive.org/download/ANewDictionaryArmenian-english/page/leaf407.jpg	appendix
Սուէզ			Suez.	dict-819.png	https://archive.org/download/ANewDictionaryArmenian-english/page/leaf407.jpg	appendix
Սուէտք			Sweden.	dict-819.png	https://archive.org/download/ANewDictionaryArmenian-english/page/leaf407.jpg	appendix
Սուրաթ			Surat, Soorat.; Soorat.	dict-819.png	https://archive.org/download/ANewDictionaryArmenian-english/page/leaf407.jpg	appendix
Սոփրոնիա		f.	Sophronia.	dict-810.png	https://archive.org/download/ANewDictionaryArmenian-english/page/leaf403.jpg	appendix
Սպահան			Ispahan.	dict-819.png	https://archive.org/download/ANewDictionaryArmenian-english/page/leaf407.jpg	appendix
Սպանիա			Spain; -ցի, Spaniard.	dict-819.png	https://archive.org/download/ANewDictionaryArmenian-english/page/leaf407.jpg	appendix
Սպարտա			Sparta.	dict-819.png	https://archive.org/download/ANewDictionaryArmenian-english/page/leaf407.jpg	appendix
Սպարտակոս			Spartacus.	dict-810.png	https://archive.org/download/ANewDictionaryArmenian-english/page/leaf403.jpg	appendix
Սպինոզա			Spinosa.	dict-810.png	https://archive.org/download/ANewDictionaryArmenian-english/page/leaf403.jpg	appendix
Սպիրիդոն			Spiridion.	dict-810.png	https://archive.org/download/ANewDictionaryArmenian-english/page/leaf403.jpg	appendix
Ստաթէոս				dict-810.png	https://archive.org/download/ANewDictionaryArmenian-english/page/leaf403.jpg	appendix
Ստանիսլաւ			Stanislaus.	dict-810.png	https://archive.org/download/ANewDictionaryArmenian-english/page/leaf403.jpg	appendix
Ստեփանիա		f.	Stephania; Fanny.; Stephania, Fanny.	dict-810.png	https://archive.org/download/ANewDictionaryArmenian-english/page/leaf403.jpg	appendix
Ստեփանոս			Stephen.	dict-810.png	https://archive.org/download/ANewDictionaryArmenian-english/page/leaf403.jpg	appendix
Սփիցպէրկ			Spitzbergen.	dict-819.png	https://archive.org/download/ANewDictionaryArmenian-english/page/leaf407.jpg	appendix
Սքալիկեր			Scaliger.	dict-810.png	https://archive.org/download/ANewDictionaryArmenian-english/page/leaf403.jpg	appendix
Վադերլու			Waterloo.	dict-819.png	https://archive.org/download/ANewDictionaryArmenian-english/page/leaf407.jpg	appendix
Վալաքիա			Wallachia.	dict-819.png	https://archive.org/download/ANewDictionaryArmenian-english/page/leaf407.jpg	appendix
Վախթանգ			Vakhthanges.	dict-810.png	https://archive.org/download/ANewDictionaryArmenian-english/page/leaf403.jpg	appendix
Վաղարշակերտ			Valarsacerta.	dict-819.png	https://archive.org/download/ANewDictionaryArmenian-english/page/leaf407.jpg	appendix
Վաղարշապատ			Valarsapate.	dict-819.png	https://archive.org/download/ANewDictionaryArmenian-english/page/leaf407.jpg	appendix
Վաղարշաւան			Valarsawan.	dict-819.png	https://archive.org/download/ANewDictionaryArmenian-english/page/leaf407.jpg	appendix
Վաղենտիա			Valencia, Valentia.; Valentia.	dict-819.png	https://archive.org/download/ANewDictionaryArmenian-english/page/leaf407.jpg	appendix
Վաղերիա		f.	Valeria.	dict-810.png	https://archive.org/download/ANewDictionaryArmenian-english/page/leaf403.jpg	appendix
Վաղինակ			Valinace.	dict-811.png	https://archive.org/download/ANewDictionaryArmenian-english/page/leaf403.jpg	appendix
Վանանդ			Vanant.	dict-819.png	https://archive.org/download/ANewDictionaryArmenian-english/page/leaf407.jpg	appendix
Վասակաշէն			Vassagashen.	dict-819.png	https://archive.org/download/ANewDictionaryArmenian-english/page/leaf407.jpg	appendix
Վասիլուհի		f.	Vasiloohy; Basilla.; Vasiloohy, Basilla.	dict-811.png	https://archive.org/download/ANewDictionaryArmenian-english/page/leaf403.jpg	appendix
Վարդանակերտ			Vartanacerta.	dict-819.png	https://archive.org/download/ANewDictionaryArmenian-english/page/leaf407.jpg	appendix
Վարշաւիա, Վարսավիա			Warsaw.	dict-819.png	https://archive.org/download/ANewDictionaryArmenian-english/page/leaf407.jpg	appendix
Վարշաւիա, Վարսավիա			Warsaw.	dict-819.png	https://archive.org/download/ANewDictionaryArmenian-english/page/leaf407.jpg	appendix
Վենետիկ			Venice.	dict-819.png	https://archive.org/download/ANewDictionaryArmenian-english/page/leaf407.jpg	appendix
Վեսուվ			Vesuvius.	dict-819.png	https://archive.org/download/ANewDictionaryArmenian-english/page/leaf407.jpg	appendix
Վերոնա			Verona.	dict-819.png	https://archive.org/download/ANewDictionaryArmenian-english/page/leaf407.jpg	appendix
Վերոնիքա		f.	Veronica.	dict-811.png	https://archive.org/download/ANewDictionaryArmenian-english/page/leaf403.jpg	appendix
Վերսայլ			Versailles.	dict-819.png	https://archive.org/download/ANewDictionaryArmenian-english/page/leaf407.jpg	appendix
Վէհ			Superius.	dict-811.png	https://archive.org/download/ANewDictionaryArmenian-english/page/leaf403.jpg	appendix
Վիեննա			Vienne.	dict-819.png	https://archive.org/download/ANewDictionaryArmenian-english/page/leaf407.jpg	appendix
Վիկտորիա		f.	Victoria.	dict-811.png	https://archive.org/download/ANewDictionaryArmenian-english/page/leaf403.jpg	appendix
Վինկենտիոս, Վինչենցիոս			Vincent; Vin.; Vincent, Vin.	dict-811.png	https://archive.org/download/ANewDictionaryArmenian-english/page/leaf403.jpg	appendix
Վինֆրետա		f.	Winifred.	dict-811.png	https://archive.org/download/ANewDictionaryArmenian-english/page/leaf403.jpg	appendix
Վիշապաքաղաք			Vishabacalack.	dict-819.png	https://archive.org/download/ANewDictionaryArmenian-english/page/leaf407.jpg	appendix
Վիչենցա			Vicenza.	dict-819.png	https://archive.org/download/ANewDictionaryArmenian-english/page/leaf407.jpg	appendix
Վիսիգոթք			Visigoths.	dict-819.png	https://archive.org/download/ANewDictionaryArmenian-english/page/leaf407.jpg	appendix
Վիւրդէմպէրկ			Wurtemberg.	dict-819.png	https://archive.org/download/ANewDictionaryArmenian-english/page/leaf407.jpg	appendix
Վիքլիֆ			Wickliff.	dict-811.png	https://archive.org/download/ANewDictionaryArmenian-english/page/leaf403.jpg	appendix
Վոլթէռ			Voltaire.	dict-811.png	https://archive.org/download/ANewDictionaryArmenian-english/page/leaf403.jpg	appendix
Վոլկա			Wolga.	dict-819.png	https://archive.org/download/ANewDictionaryArmenian-english/page/leaf407.jpg	appendix
Վոլսկեանք			Volsci.	dict-819.png	https://archive.org/download/ANewDictionaryArmenian-english/page/leaf407.jpg	appendix
Վուլքանոյ			Volcan.	dict-819.png	https://archive.org/download/ANewDictionaryArmenian-english/page/leaf407.jpg	appendix
Վռամ			Varanes, (Bahram).	dict-811.png	https://archive.org/download/ANewDictionaryArmenian-english/page/leaf403.jpg	appendix
Վրաստան			Georgia.	dict-819.png	https://archive.org/download/ANewDictionaryArmenian-english/page/leaf407.jpg	appendix
Վրկան			Hyrcania; -այ ծով, Hyrcanum Mare.	dict-819.png	https://archive.org/download/ANewDictionaryArmenian-english/page/leaf407.jpg	appendix
Վրոյր			Vruir.	dict-811.png	https://archive.org/download/ANewDictionaryArmenian-english/page/leaf403.jpg	appendix
Տաբիթա		f.	Tabitha.	dict-811.png	https://archive.org/download/ANewDictionaryArmenian-english/page/leaf403.jpg	appendix
Տագէս			Tages.	dict-811.png	https://archive.org/download/ANewDictionaryArmenian-english/page/leaf403.jpg	appendix
Տաճատ			Dagiade, Tagiatius.; Tagiatius.	dict-811.png	https://archive.org/download/ANewDictionaryArmenian-english/page/leaf403.jpg	appendix
Տաճիկք			the Turks.	dict-819.png	https://archive.org/download/ANewDictionaryArmenian-english/page/leaf407.jpg	appendix
Տամիէդ			Damietta.	dict-819.png	https://archive.org/download/ANewDictionaryArmenian-english/page/leaf407.jpg	appendix
Տայք			Daïk (Taocki).	dict-819.png	https://archive.org/download/ANewDictionaryArmenian-english/page/leaf407.jpg	appendix
Տանայիս			Tanaïs.	dict-819.png	https://archive.org/download/ANewDictionaryArmenian-english/page/leaf407.jpg	appendix
Տանգրետ			Tancred.	dict-811.png	https://archive.org/download/ANewDictionaryArmenian-english/page/leaf403.jpg	appendix
Տանձիք			Dantzic.	dict-819.png	https://archive.org/download/ANewDictionaryArmenian-english/page/leaf407.jpg	appendix
Տարագոս			Taracus.	dict-811.png	https://archive.org/download/ANewDictionaryArmenian-english/page/leaf403.jpg	appendix
Տարենտոն			Tarentum.	dict-819.png	https://archive.org/download/ANewDictionaryArmenian-english/page/leaf407.jpg	appendix
Տարկուինիա		f.	Tarquinia.	dict-811.png	https://archive.org/download/ANewDictionaryArmenian-english/page/leaf403.jpg	appendix
Տարկուինոս			Tarquin.	dict-811.png	https://archive.org/download/ANewDictionaryArmenian-english/page/leaf403.jpg	appendix
Տարսոն			Tarsus, Tarsoon.; Tarsoon.	dict-819.png	https://archive.org/download/ANewDictionaryArmenian-english/page/leaf407.jpg	appendix
Տարօն			Taron.	dict-819.png	https://archive.org/download/ANewDictionaryArmenian-english/page/leaf407.jpg	appendix
Տաւալակիր			Dhawalaghiri.	dict-819.png	https://archive.org/download/ANewDictionaryArmenian-english/page/leaf407.jpg	appendix
Տաւրիս			Tauris.	dict-819.png	https://archive.org/download/ANewDictionaryArmenian-english/page/leaf407.jpg	appendix
Տորոս, Տաւրոս			Taurus.	dict-819.png	https://archive.org/download/ANewDictionaryArmenian-english/page/leaf407.jpg	appendix
Տենեդոս			Tenedos.	dict-819.png	https://archive.org/download/ANewDictionaryArmenian-english/page/leaf407.jpg	appendix
Տերենտիա		f.	Terentia.	dict-811.png	https://archive.org/download/ANewDictionaryArmenian-english/page/leaf403.jpg	appendix
Տերենտիոս			Terence.	dict-811.png	https://archive.org/download/ANewDictionaryArmenian-english/page/leaf403.jpg	appendix
Տերէոս			Tereus.	dict-811.png	https://archive.org/download/ANewDictionaryArmenian-english/page/leaf403.jpg	appendix
Տէմիսվարինոն			Themeschwar.	dict-819.png	https://archive.org/download/ANewDictionaryArmenian-english/page/leaf407.jpg	appendix
Տիարպէքիր			Diarbekir.	dict-819.png	https://archive.org/download/ANewDictionaryArmenian-english/page/leaf407.jpg	appendix
Տիբեր, -իոս			Tiberius.	dict-811.png	https://archive.org/download/ANewDictionaryArmenian-english/page/leaf403.jpg	appendix
Տիբերիu			Tiber.	dict-819.png	https://archive.org/download/ANewDictionaryArmenian-english/page/leaf407.jpg	appendix
Տիբուլլոս			Tibullus.	dict-811.png	https://archive.org/download/ANewDictionaryArmenian-english/page/leaf403.jpg	appendix
Տիգրանակերտ			Tigranocerta.	dict-819.png	https://archive.org/download/ANewDictionaryArmenian-english/page/leaf407.jpg	appendix
Տիգրիս			Tigris, Hiddekel.; Hiddekel.	dict-819.png	https://archive.org/download/ANewDictionaryArmenian-english/page/leaf407.jpg	appendix
Տիզբոն			Ctesiphon.	dict-819.png	https://archive.org/download/ANewDictionaryArmenian-english/page/leaf407.jpg	appendix
Տիմոն			Timon.	dict-811.png	https://archive.org/download/ANewDictionaryArmenian-english/page/leaf403.jpg	appendix
Տիսիփոն			Tisiphone.	dict-811.png	https://archive.org/download/ANewDictionaryArmenian-english/page/leaf403.jpg	appendix
Տիտանեանք			the Titans.	dict-819.png	https://archive.org/download/ANewDictionaryArmenian-english/page/leaf407.jpg	appendix
Տիտանիա		f.	Titania.	dict-811.png	https://archive.org/download/ANewDictionaryArmenian-english/page/leaf403.jpg	appendix
Տիրան			Tiranium; Tyrannio (St.).; Tiranium: Tyrannio (St.).	dict-811.png	https://archive.org/download/ANewDictionaryArmenian-english/page/leaf403.jpg	appendix
Տիրտէոս			Tyrtæus.	dict-811.png	https://archive.org/download/ANewDictionaryArmenian-english/page/leaf403.jpg	appendix
Տիւրոն			Tiro.	dict-811.png	https://archive.org/download/ANewDictionaryArmenian-english/page/leaf403.jpg	appendix
Տիւրոս			Tyrus, Sur.; Sur.	dict-819.png	https://archive.org/download/ANewDictionaryArmenian-english/page/leaf407.jpg	appendix
Տնեբեր			Dnieper.	dict-819.png	https://archive.org/download/ANewDictionaryArmenian-english/page/leaf407.jpg	appendix
Տնեսդեր			Dniester.	dict-819.png	https://archive.org/download/ANewDictionaryArmenian-english/page/leaf407.jpg	appendix
Տոմինիքինոյ			Dominichino.	dict-811.png	https://archive.org/download/ANewDictionaryArmenian-english/page/leaf403.jpg	appendix
Տորոս, Տաւրոս			Taurus.	dict-819.png	https://archive.org/download/ANewDictionaryArmenian-english/page/leaf407.jpg	appendix
Տորք			Dork.	dict-811.png	https://archive.org/download/ANewDictionaryArmenian-english/page/leaf403.jpg	appendix
Տուլլիա		f.	Tullia.	dict-811.png	https://archive.org/download/ANewDictionaryArmenian-english/page/leaf403.jpg	appendix
Տուրուբերան			Toorooperan.	dict-819.png	https://archive.org/download/ANewDictionaryArmenian-english/page/leaf407.jpg	appendix
Տրայիանուպօլիս			Trajanopolis.	dict-819.png	https://archive.org/download/ANewDictionaryArmenian-english/page/leaf407.jpg	appendix
Տրապիզոն			Trebizond.	dict-819.png	https://archive.org/download/ANewDictionaryArmenian-english/page/leaf407.jpg	appendix
Տրէզտա			Dresden.	dict-819.png	https://archive.org/download/ANewDictionaryArmenian-english/page/leaf407.jpg	appendix
Տրէվէրի			Trier; Treves.	dict-820.png	https://archive.org/download/ANewDictionaryArmenian-english/page/leaf408.jpg	appendix
Տրիփոն			Tryphon.	dict-811.png	https://archive.org/download/ANewDictionaryArmenian-english/page/leaf403.jpg	appendix
Տրոյիա			Troy	dict-820.png	https://archive.org/download/ANewDictionaryArmenian-english/page/leaf408.jpg	appendix
Տրովադա			Troy	dict-820.png	https://archive.org/download/ANewDictionaryArmenian-english/page/leaf408.jpg	appendix
Տփխիս			Tiflis.	dict-820.png	https://archive.org/download/ANewDictionaryArmenian-english/page/leaf408.jpg	appendix
Ցուրիք			Zurich.	dict-820.png	https://archive.org/download/ANewDictionaryArmenian-english/page/leaf408.jpg	appendix
Փաբիանոս			Fabian.	dict-811.png	https://archive.org/download/ANewDictionaryArmenian-english/page/leaf403.jpg	appendix
Փաբիոլա			Fabiola.	dict-811.png	https://archive.org/download/ANewDictionaryArmenian-english/page/leaf403.jpg	appendix
Փալարիս			Phalaris.	dict-811.png	https://archive.org/download/ANewDictionaryArmenian-english/page/leaf403.jpg	appendix
Փայտակարան			Païdagaran.	dict-820.png	https://archive.org/download/ANewDictionaryArmenian-english/page/leaf408.jpg	appendix
Փառնաս			Pharnas.	dict-811.png	https://archive.org/download/ANewDictionaryArmenian-english/page/leaf403.jpg	appendix
Փառնաւազ			Pharnouas.	dict-811.png	https://archive.org/download/ANewDictionaryArmenian-english/page/leaf403.jpg	appendix
Փասիս			Phasis.	dict-820.png	https://archive.org/download/ANewDictionaryArmenian-english/page/leaf408.jpg	appendix
Փարաւոն			Pharaoh.	dict-811.png	https://archive.org/download/ANewDictionaryArmenian-english/page/leaf403.jpg	appendix
Փարսալիա			Pharsalia.	dict-820.png	https://archive.org/download/ANewDictionaryArmenian-english/page/leaf408.jpg	appendix
Փարսման			Pharasman.	dict-811.png	https://archive.org/download/ANewDictionaryArmenian-english/page/leaf403.jpg	appendix
Փաւստինա		f.	Faustina.	dict-811.png	https://archive.org/download/ANewDictionaryArmenian-english/page/leaf403.jpg	appendix
Փաւստոս			Faust; Faustus.; Faust, Faustus.	dict-811.png	https://archive.org/download/ANewDictionaryArmenian-english/page/leaf403.jpg	appendix
Փեբոս			Phœbus.	dict-811.png	https://archive.org/download/ANewDictionaryArmenian-english/page/leaf403.jpg	appendix
Փեբրոնէ		f.	Phebronia; Febronia.; Phebronia, Febronia.	dict-811.png	https://archive.org/download/ANewDictionaryArmenian-english/page/leaf403.jpg	appendix
Փեդրա		f.	Phædra.	dict-811.png	https://archive.org/download/ANewDictionaryArmenian-english/page/leaf403.jpg	appendix
Փեդրարքա			Petrarca.	dict-811.png	https://archive.org/download/ANewDictionaryArmenian-english/page/leaf403.jpg	appendix
Փեդրոս			Phœdrus.	dict-811.png	https://archive.org/download/ANewDictionaryArmenian-english/page/leaf403.jpg	appendix
Փիբէ		f.	Phœbe.	dict-811.png	https://archive.org/download/ANewDictionaryArmenian-english/page/leaf403.jpg	appendix
Փիդիաս			Phidias.	dict-811.png	https://archive.org/download/ANewDictionaryArmenian-english/page/leaf403.jpg	appendix
Փիլատելփիա			Philadelphia.	dict-820.png	https://archive.org/download/ANewDictionaryArmenian-english/page/leaf408.jpg	appendix
Փիլեմոն			Philemon.	dict-811.png	https://archive.org/download/ANewDictionaryArmenian-english/page/leaf403.jpg	appendix
Փիլիկտիմոն			Philictimon.	dict-811.png	https://archive.org/download/ANewDictionaryArmenian-english/page/leaf403.jpg	appendix
Փիլիպպինա		f.	Philippina.	dict-811.png	https://archive.org/download/ANewDictionaryArmenian-english/page/leaf403.jpg	appendix
Փիլոկտետ			Philoctetes.	dict-811.png	https://archive.org/download/ANewDictionaryArmenian-english/page/leaf403.jpg	appendix
Փիլոմելա		f.	Philomela.	dict-811.png	https://archive.org/download/ANewDictionaryArmenian-english/page/leaf403.jpg	appendix
Փիլոստրատոս			Philostratus.	dict-811.png	https://archive.org/download/ANewDictionaryArmenian-english/page/leaf403.jpg	appendix
Փիսոն			Pison.	dict-820.png	https://archive.org/download/ANewDictionaryArmenian-english/page/leaf408.jpg	appendix
Փիւնիկէ			Phœnice.	dict-820.png	https://archive.org/download/ANewDictionaryArmenian-english/page/leaf408.jpg	appendix
Փիւնիկիա			Phœnice.	dict-820.png	https://archive.org/download/ANewDictionaryArmenian-english/page/leaf408.jpg	appendix
Փլորա		f.	Flora.	dict-811.png	https://archive.org/download/ANewDictionaryArmenian-english/page/leaf403.jpg	appendix
Փլորենտիա		f.	Florence.	dict-811.png	https://archive.org/download/ANewDictionaryArmenian-english/page/leaf403.jpg	appendix
Փոկէա			Phocæa	dict-820.png	https://archive.org/download/ANewDictionaryArmenian-english/page/leaf408.jpg	appendix
Փովկիս			Phocæa	dict-820.png	https://archive.org/download/ANewDictionaryArmenian-english/page/leaf408.jpg	appendix
Փոտինոս			Photinus.	dict-812.png	https://archive.org/download/ANewDictionaryArmenian-english/page/leaf404.jpg	appendix
Փորտունէ		f.	Fortune.	dict-812.png	https://archive.org/download/ANewDictionaryArmenian-english/page/leaf404.jpg	appendix
Փռիւգիա			Phrygia.	dict-820.png	https://archive.org/download/ANewDictionaryArmenian-english/page/leaf408.jpg	appendix
Փռիքսոս			Phryxus.	dict-812.png	https://archive.org/download/ANewDictionaryArmenian-english/page/leaf404.jpg	appendix
Փսիքէ		f.	Psyche.	dict-812.png	https://archive.org/download/ANewDictionaryArmenian-english/page/leaf404.jpg	appendix
Փրանկիսկիա		f.	Frances, Fan.	dict-812.png	https://archive.org/download/ANewDictionaryArmenian-english/page/leaf404.jpg	appendix
Փրեդերիկ, -ոս			Frederic, Fred.	dict-812.png	https://archive.org/download/ANewDictionaryArmenian-english/page/leaf404.jpg	appendix
Քալիֆորնիա			California.	dict-820.png	https://archive.org/download/ANewDictionaryArmenian-english/page/leaf408.jpg	appendix
Քաղդէացւոց աշխարհ			Chaldea.	dict-820.png	https://archive.org/download/ANewDictionaryArmenian-english/page/leaf408.jpg	appendix
Քաղկեդոն			Calcedon.	dict-820.png	https://archive.org/download/ANewDictionaryArmenian-english/page/leaf408.jpg	appendix
Քանանու երկիր			Cananea; Canaan.	dict-820.png	https://archive.org/download/ANewDictionaryArmenian-english/page/leaf408.jpg	appendix
Քանատայ			Canada.	dict-820.png	https://archive.org/download/ANewDictionaryArmenian-english/page/leaf408.jpg	appendix
Քանարեան կղզիք			the Canaries; Fortunate Islands.	dict-820.png	https://archive.org/download/ANewDictionaryArmenian-english/page/leaf408.jpg	appendix
Քանովա			Canova.	dict-812.png	https://archive.org/download/ANewDictionaryArmenian-english/page/leaf404.jpg	appendix
Քանտիա			Candia.	dict-820.png	https://archive.org/download/ANewDictionaryArmenian-english/page/leaf408.jpg	appendix
Քերոբէ			Cherubin, -us.	dict-812.png	https://archive.org/download/ANewDictionaryArmenian-english/page/leaf404.jpg	appendix
Քերոնիա			Chæronea.	dict-820.png	https://archive.org/download/ANewDictionaryArmenian-english/page/leaf408.jpg	appendix
Քէնդէրպրի			Canterbury.	dict-820.png	https://archive.org/download/ANewDictionaryArmenian-english/page/leaf408.jpg	appendix
Քիապրերա			Chiabrera.	dict-812.png	https://archive.org/download/ANewDictionaryArmenian-english/page/leaf404.jpg	appendix
Քիլի			Chili.	dict-820.png	https://archive.org/download/ANewDictionaryArmenian-english/page/leaf408.jpg	appendix
Քիրոն			Chiron.	dict-812.png	https://archive.org/download/ANewDictionaryArmenian-english/page/leaf404.jpg	appendix
Քոչինչին			Cochin China.	dict-820.png	https://archive.org/download/ANewDictionaryArmenian-english/page/leaf408.jpg	appendix
Քոռնէյլ			Corneille.	dict-812.png	https://archive.org/download/ANewDictionaryArmenian-english/page/leaf404.jpg	appendix
Քորեբ			Oreb.	dict-820.png	https://archive.org/download/ANewDictionaryArmenian-english/page/leaf408.jpg	appendix
Քորսիքա			Corsica.	dict-820.png	https://archive.org/download/ANewDictionaryArmenian-english/page/leaf408.jpg	appendix
Քորֆու			Corfu.	dict-820.png	https://archive.org/download/ANewDictionaryArmenian-english/page/leaf408.jpg	appendix
Քուպա			Cuba.	dict-820.png	https://archive.org/download/ANewDictionaryArmenian-english/page/leaf408.jpg	appendix
Քուրլանտիա			Courland.	dict-820.png	https://archive.org/download/ANewDictionaryArmenian-english/page/leaf408.jpg	appendix
Քուրտիստան			Koordistan.	dict-820.png	https://archive.org/download/ANewDictionaryArmenian-english/page/leaf408.jpg	appendix
Քսաւեր, -իոս			Xavier, Xaverius.	dict-812.png	https://archive.org/download/ANewDictionaryArmenian-english/page/leaf404.jpg	appendix
Քրաքովիա			Cracovia.	dict-820.png	https://archive.org/download/ANewDictionaryArmenian-english/page/leaf408.jpg	appendix
Քրիսիպպոս			Chrysippus.	dict-812.png	https://archive.org/download/ANewDictionaryArmenian-english/page/leaf404.jpg	appendix
Քրիստիանիա			Christiania.	dict-820.png	https://archive.org/download/ANewDictionaryArmenian-english/page/leaf408.jpg	appendix
Քրիստինէ		f.	Christina, Christiana.	dict-812.png	https://archive.org/download/ANewDictionaryArmenian-english/page/leaf404.jpg	appendix
Քրոմուէլ			Cromwell.	dict-812.png	https://archive.org/download/ANewDictionaryArmenian-english/page/leaf404.jpg	appendix
Քօրէճճիոյ			Correggio.	dict-812.png	https://archive.org/download/ANewDictionaryArmenian-english/page/leaf404.jpg	appendix
Օթոն			Otho.	dict-812.png	https://archive.org/download/ANewDictionaryArmenian-english/page/leaf404.jpg	appendix
Օտեսսա			Odessa.	dict-820.png	https://archive.org/download/ANewDictionaryArmenian-english/page/leaf408.jpg	appendix
Օքսենտիոս			Auxence, Auxentius.	dict-812.png	https://archive.org/download/ANewDictionaryArmenian-english/page/leaf404.jpg	appendix
Օքսֆորտ			Oxford.	dict-820.png	https://archive.org/download/ANewDictionaryArmenian-english/page/leaf408.jpg	appendix
Ֆանի		f.	Fanny, Fan.	dict-812.png	https://archive.org/download/ANewDictionaryArmenian-english/page/leaf404.jpg	appendix
Ֆարէնհայդ			Fahrenheit.	dict-812.png	https://archive.org/download/ANewDictionaryArmenian-english/page/leaf404.jpg	appendix
Ֆաւստինա				dict-812.png	https://archive.org/download/ANewDictionaryArmenian-english/page/leaf404.jpg	appendix
Ֆերտինանտ, -ոս			Ferdinand.	dict-812.png	https://archive.org/download/ANewDictionaryArmenian-english/page/leaf404.jpg	appendix
Ֆէրրարա			Ferrara.	dict-820.png	https://archive.org/download/ANewDictionaryArmenian-english/page/leaf408.jpg	appendix
Ֆիլոմենա		f.	Filomena.	dict-812.png	https://archive.org/download/ANewDictionaryArmenian-english/page/leaf404.jpg	appendix
Ֆիմի		f.	Euphemia.	dict-812.png	https://archive.org/download/ANewDictionaryArmenian-english/page/leaf404.jpg	appendix
Ֆիրտուսի			Firdoucy.	dict-812.png	https://archive.org/download/ANewDictionaryArmenian-english/page/leaf404.jpg	appendix
Ֆլանտրա			Flanders.	dict-820.png	https://archive.org/download/ANewDictionaryArmenian-english/page/leaf408.jpg	appendix
Ֆլէշիէ			Fléchier.	dict-812.png	https://archive.org/download/ANewDictionaryArmenian-english/page/leaf404.jpg	appendix
Ֆլէօրի			Fleury.	dict-812.png	https://archive.org/download/ANewDictionaryArmenian-english/page/leaf404.jpg	appendix
Ֆլորենցիա				dict-812.png	https://archive.org/download/ANewDictionaryArmenian-english/page/leaf404.jpg	appendix
Ֆռանքֆորդ			Frankfort.	dict-820.png	https://archive.org/download/ANewDictionaryArmenian-english/page/leaf408.jpg	appendix
Ֆռիպուրկ			Freyburg; Friburg.	dict-820.png	https://archive.org/download/ANewDictionaryArmenian-english/page/leaf408.jpg	appendix
Ֆրանչիսկոս			&c.	dict-812.png	https://archive.org/download/ANewDictionaryArmenian-english/page/leaf404.jpg	appendix
Ֆրանքլին			Franklin.	dict-812.png	https://archive.org/download/ANewDictionaryArmenian-english/page/leaf404.jpg	appendix
Ֆօտինէ		f.	Photina.	dict-812.png	https://archive.org/download/ANewDictionaryArmenian-english/page/leaf404.jpg	appendix
Հերակլ, –էս			Heraclius.	dict-805.png	https://archive.org/download/ANewDictionaryArmenian-english/page/leaf400.jpg	appendix
*Աղէթափ		a.	bursten; hernious; ruptured.; bursten, hernious, ruptured.	dict-045.png	https://archive.org/download/ANewDictionaryArmenian-english/page/leaf20.jpg	body
*Առաջնորդարան		s.	residence of a prelate, - presbyter or ordinary.	dict-093.png	https://archive.org/download/ANewDictionaryArmenian-english/page/leaf44.jpg	body
*Բանդակ		s.	jelly.	dict-125.png	https://archive.org/download/ANewDictionaryArmenian-english/page/leaf60.jpg	body
*Բացառական		s. gr.	ablative.	dict-132.png	https://archive.org/download/ANewDictionaryArmenian-english/page/leaf64.jpg	body
*Թաղաթափ		a.	unveiled (female); unveiled (female).	dict-246.png	https://archive.org/download/ANewDictionaryArmenian-english/page/leaf121.jpg	body
*Թթխմոր		s.	leaven,	dict-256.png	https://archive.org/download/ANewDictionaryArmenian-english/page/leaf126.jpg	body
*Թթուարաշ				dict-256.png	https://archive.org/download/ANewDictionaryArmenian-english/page/leaf126.jpg	body
*Թոկ		s.	cord.	dict-261.png	https://archive.org/download/ANewDictionaryArmenian-english/page/leaf128.jpg	body
*Թրթռիչ				dict-265.png	https://archive.org/download/ANewDictionaryArmenian-english/page/leaf130.jpg	body
*Թրմնջամ				dict-265.png	https://archive.org/download/ANewDictionaryArmenian-english/page/leaf130.jpg	body
*Լուսնկայ		S.		dict-299.png	https://archive.org/download/ANewDictionaryArmenian-english/page/leaf147.jpg	body
*Խատեակ		s.	or -տեկ s. fine strong	dict-310.png	https://archive.org/download/ANewDictionaryArmenian-english/page/leaf153.jpg	body
*Ծիրիխտայ				dict-345.png	https://archive.org/download/ANewDictionaryArmenian-english/page/leaf170.jpg	body
*Ծլուլ		s.	snivel, snot.	dict-345.png	https://archive.org/download/ANewDictionaryArmenian-english/page/leaf170.jpg	body
*Ծխերդիք		s.	chimney.	dict-345.png	https://archive.org/download/ANewDictionaryArmenian-english/page/leaf170.jpg	body
*Ծուկամ		vn.	to be obstinate.	dict-350.png	https://archive.org/download/ANewDictionaryArmenian-english/page/leaf173.jpg	body
*Ծուփ		s.	fluctuation; undulation; wave; billow; surge; fig. agitation; trouble; vacillation; wavering; care; anxiety; torment; examination; question; large earthen pot.	dict-350.png	https://archive.org/download/ANewDictionaryArmenian-english/page/leaf173.jpg	body
*Կաղտիկ		s.	pruning-axe.	dict-355.png	https://archive.org/download/ANewDictionaryArmenian-english/page/leaf175.jpg	body
*Կապգլուխ		s.	hock of a ham; tied extremities of sausages.	dict-361.png	https://archive.org/download/ANewDictionaryArmenian-english/page/leaf178.jpg	body
*Կեռլիկ		s.	bucket.	dict-376.png	https://archive.org/download/ANewDictionaryArmenian-english/page/leaf186.jpg	body
*Կիճ		s.	sting of a bee.	dict-379.png	https://archive.org/download/ANewDictionaryArmenian-english/page/leaf187.jpg	body
*Կրակուռոց		a.	fiery, ardent, lively, sprightly, brisk, spirited, high-mettled, active. [flavoured.	dict-397.png	https://archive.org/download/ANewDictionaryArmenian-english/page/leaf196.jpg	body
*Հօտեմ				dict-458.png	https://archive.org/download/ANewDictionaryArmenian-english/page/leaf227.jpg	body
*Ձիմէլք		s.	snow-blindness.	dict-466.png	https://archive.org/download/ANewDictionaryArmenian-english/page/leaf231.jpg	body
*Մամուկ				dict-483.png	https://archive.org/download/ANewDictionaryArmenian-english/page/leaf239.jpg	body
*Շարուած		s.	the setting in order, arranging; marshalling.; the setting in order, arranging; marshalling.	dict-579.png	https://archive.org/download/ANewDictionaryArmenian-english/page/leaf287.jpg	body
*Շաւառ		s.	violin; guitar; violin; guitar	dict-579.png	https://archive.org/download/ANewDictionaryArmenian-english/page/leaf287.jpg	body
*Շուռւ		s. mus.	pipe, reed, willow-reed.	dict-587.png	https://archive.org/download/ANewDictionaryArmenian-english/page/leaf291.jpg	body
*Ողջնութիւն		s.	health, toast.	dict-595.png	https://archive.org/download/ANewDictionaryArmenian-english/page/leaf295.jpg	body
*Չիշխան		s.	green withe; bot. knec-holly, butcher's-broom.; bot. knee-holly, butcher's-broom.	dict-620.png	https://archive.org/download/ANewDictionaryArmenian-english/page/leaf308.jpg	body
*Պոպոկ		s.	walnut-husk	dict-650.png	https://archive.org/download/ANewDictionaryArmenian-english/page/leaf323.jpg	body
*Պռունկ		s.	muzzle, snout.	dict-651.png	https://archive.org/download/ANewDictionaryArmenian-english/page/leaf323.jpg	body
*Պտրտուկ		s.	gig, whipping-top.	dict-652.png	https://archive.org/download/ANewDictionaryArmenian-english/page/leaf324.jpg	body
*Պտրտուր		s.	sheep's dung.	dict-652.png	https://archive.org/download/ANewDictionaryArmenian-english/page/leaf324.jpg	body
*Պօզ, –լախ				dict-653.png	https://archive.org/download/ANewDictionaryArmenian-english/page/leaf324.jpg	body
*Պօտիղ		s.	large louse full of blood; large louse full of blood.	dict-653.png	https://archive.org/download/ANewDictionaryArmenian-english/page/leaf324.jpg	body
*Ջախվ		s.	s. bier, coffin.	dict-654.png	https://archive.org/download/ANewDictionaryArmenian-english/page/leaf325.jpg	body
*Ջրհորդան		s.	gutter; conduit.; gutter, conduit.	dict-659.png	https://archive.org/download/ANewDictionaryArmenian-english/page/leaf327.jpg	body
*Ջրորդան		s.	gutter.	dict-659.png	https://archive.org/download/ANewDictionaryArmenian-english/page/leaf327.jpg	body
*Ջրպանա				dict-659.png	https://archive.org/download/ANewDictionaryArmenian-english/page/leaf327.jpg	body
*Ջրփշեմ		va.	to sprinkle, to spurt water over with the mouth.	dict-659.png	https://archive.org/download/ANewDictionaryArmenian-english/page/leaf327.jpg	body
*Սարդեմ		va.	to make ready.	dict-669.png	https://archive.org/download/ANewDictionaryArmenian-english/page/leaf332.jpg	body
*Սարդոյ				dict-669.png	https://archive.org/download/ANewDictionaryArmenian-english/page/leaf332.jpg	body
*Սլէխ		s.	arms, armour.	dict-677.png	https://archive.org/download/ANewDictionaryArmenian-english/page/leaf336.jpg	body
*Սնկուալ or արք		s.	tandour-eye, stove-eye.	dict-679.png	https://archive.org/download/ANewDictionaryArmenian-english/page/leaf337.jpg	body
*Սոթոտեմ		va.	to turn or tuck up.	dict-680.png	https://archive.org/download/ANewDictionaryArmenian-english/page/leaf338.jpg	body
*Վատուժ		a.	a. weak, debilitated; thin, emaciated, spare, meagre, slender.; thin, emaciated, spare, meagre, slender.	dict-703.png	https://archive.org/download/ANewDictionaryArmenian-english/page/leaf349.jpg	body
*Տապզէ		a.	unchaste, lewd	dict-725.png	https://archive.org/download/ANewDictionaryArmenian-english/page/leaf360.jpg	body
*Տապղեբ		s.	carpenter's plane	dict-725.png	https://archive.org/download/ANewDictionaryArmenian-english/page/leaf360.jpg	body
*Տատա		s.	daddy, dad, papa.	dict-726.png	https://archive.org/download/ANewDictionaryArmenian-english/page/leaf361.jpg	body
*Փարտիչ		s.	oven-cloth or broom.	dict-760.png	https://archive.org/download/ANewDictionaryArmenian-english/page/leaf378.jpg	body
*Փոշիլ				dict-763.png	https://archive.org/download/ANewDictionaryArmenian-english/page/leaf379.jpg	body
*Քեռեկկին		sf.	maternal uncle's wife.	dict-782.png	https://archive.org/download/ANewDictionaryArmenian-english/page/leaf389.jpg	body
*Քիւք			under cover, sheltered	dict-784.png	https://archive.org/download/ANewDictionaryArmenian-english/page/leaf390.jpg	body
*–իմ				dict-763.png	https://archive.org/download/ANewDictionaryArmenian-english/page/leaf379.jpg	body
Դիւցաբան , etc.		etc. S.	S. Դիցաբան , etc.	dict-181.png	https://archive.org/download/ANewDictionaryArmenian-english/page/leaf88.jpg	body
~հոգակ				dict-534.png	https://archive.org/download/ANewDictionaryArmenian-english/page/leaf265.jpg	body
Աբդլմսեհ			Abdulmeseh.	dict-799.png	https://archive.org/download/ANewDictionaryArmenian-english/page/leaf397.jpg	body
Աբեդնագով			Abed-nego.	dict-799.png	https://archive.org/download/ANewDictionaryArmenian-english/page/leaf397.jpg	body
Աբիբաս			Abibas.	dict-799.png	https://archive.org/download/ANewDictionaryArmenian-english/page/leaf397.jpg	body
Աբիգեա		f.	Abigail.	dict-799.png	https://archive.org/download/ANewDictionaryArmenian-english/page/leaf397.jpg	body
Աբիկ		f.	Avice.	dict-799.png	https://archive.org/download/ANewDictionaryArmenian-english/page/leaf397.jpg	body
Աբիմելեք			Abimelech.	dict-799.png	https://archive.org/download/ANewDictionaryArmenian-english/page/leaf397.jpg	body
Աբիոս			Abia, -h.; -h.	dict-799.png	https://archive.org/download/ANewDictionaryArmenian-english/page/leaf397.jpg	body
Աբիրօն			Abiron.	dict-799.png	https://archive.org/download/ANewDictionaryArmenian-english/page/leaf397.jpg	body
Աբիւդենոս			Abydene.	dict-799.png	https://archive.org/download/ANewDictionaryArmenian-english/page/leaf397.jpg	body
Ագապի		f.	Agapy.	dict-799.png	https://archive.org/download/ANewDictionaryArmenian-english/page/leaf397.jpg	body
Ագենովր			Agenor.	dict-799.png	https://archive.org/download/ANewDictionaryArmenian-english/page/leaf397.jpg	body
Ագիս, Ագիտոս			Agis.	dict-799.png	https://archive.org/download/ANewDictionaryArmenian-english/page/leaf397.jpg	body
Ագիս, Ագիտոս			Agis.	dict-799.png	https://archive.org/download/ANewDictionaryArmenian-english/page/leaf397.jpg	body
Ագոնց Գիւվէր (Գեր. Ստ.)			Akontz [Köver.	dict-799.png	https://archive.org/download/ANewDictionaryArmenian-english/page/leaf397.jpg	body
Ագրիկողա			Agricola.	dict-799.png	https://archive.org/download/ANewDictionaryArmenian-english/page/leaf397.jpg	body
Ագրիպպինա		f.	Agrippina.	dict-799.png	https://archive.org/download/ANewDictionaryArmenian-english/page/leaf397.jpg	body
Ադդէ			Addey.	dict-799.png	https://archive.org/download/ANewDictionaryArmenian-english/page/leaf397.jpg	body
Ադոկտոս			Adoctus.	dict-799.png	https://archive.org/download/ANewDictionaryArmenian-english/page/leaf397.jpg	body
Ադոնիբեզեկ			Adonibesech.	dict-799.png	https://archive.org/download/ANewDictionaryArmenian-english/page/leaf397.jpg	body
Ադրամելեք			Adrammelech.	dict-799.png	https://archive.org/download/ANewDictionaryArmenian-english/page/leaf397.jpg	body
Ազգադղրդ		a.	who shakes, overthrows, upsets the nation.	dict-037.png	https://archive.org/download/ANewDictionaryArmenian-english/page/leaf16.jpg	body
Ազգատ առնել		va.	to extirpate a family or race.; to extirpate a fa-	dict-037.png	https://archive.org/download/ANewDictionaryArmenian-english/page/leaf16.jpg	body
Ազդու		a.	efficacious, strong, energetic, penetrative; pathetic, expressive, emphatic, significative; active, vehement, spirituous, violent.	dict-038.png	https://archive.org/download/ANewDictionaryArmenian-english/page/leaf17.jpg	body
Աթանասիա		f.	Athanasia.	dict-799.png	https://archive.org/download/ANewDictionaryArmenian-english/page/leaf397.jpg	body
Աթենագորաս			Athenagoras.	dict-799.png	https://archive.org/download/ANewDictionaryArmenian-english/page/leaf397.jpg	body
Աթենոդոր			Athenodorus.	dict-799.png	https://archive.org/download/ANewDictionaryArmenian-english/page/leaf397.jpg	body
Ալապաստր		s.	alabaster.	dict-038.png	https://archive.org/download/ANewDictionaryArmenian-english/page/leaf17.jpg	body
Ալբինա		f.	Albina.	dict-799.png	https://archive.org/download/ANewDictionaryArmenian-english/page/leaf397.jpg	body
Ալբինոս			Albinus.	dict-799.png	https://archive.org/download/ANewDictionaryArmenian-english/page/leaf397.jpg	body
Ալեքսիոս Կոմնենոս			Alexius Comnenus.	dict-799.png	https://archive.org/download/ANewDictionaryArmenian-english/page/leaf397.jpg	body
Ալէծուփ, Ալէկոծ		a.	subject to tempests, tempest-beaten, floating, agitated, troubled	dict-039.png	https://archive.org/download/ANewDictionaryArmenian-english/page/leaf17.jpg	body
Ալէտանջ, Ալէտատան		a.	floating, swelling, rough.	dict-039.png	https://archive.org/download/ANewDictionaryArmenian-english/page/leaf17.jpg	body
Ալթէա		f.	Althæa.	dict-799.png	https://archive.org/download/ANewDictionaryArmenian-english/page/leaf397.jpg	body
Ալիկ		f.	Alice, Alicia.; Alicia.	dict-799.png	https://archive.org/download/ANewDictionaryArmenian-english/page/leaf397.jpg	body
Ալողիոս			Alwise, Lewis.; Lewis.	dict-799.png	https://archive.org/download/ANewDictionaryArmenian-english/page/leaf397.jpg	body
Ալպերիկ			Alperice.	dict-799.png	https://archive.org/download/ANewDictionaryArmenian-english/page/leaf397.jpg	body
Ալփէոս			Alpheus.	dict-799.png	https://archive.org/download/ANewDictionaryArmenian-english/page/leaf397.jpg	body
Ալփրեդոս			Alfred.	dict-799.png	https://archive.org/download/ANewDictionaryArmenian-english/page/leaf397.jpg	body
Ալֆիերի			Alfieri.	dict-799.png	https://archive.org/download/ANewDictionaryArmenian-english/page/leaf397.jpg	body
Ախակիա		s.	acacia.	dict-039.png	https://archive.org/download/ANewDictionaryArmenian-english/page/leaf17.jpg	body
Ախաղ		s.	ermine.	dict-039.png	https://archive.org/download/ANewDictionaryArmenian-english/page/leaf17.jpg	body
Ախամուխ		a.	foolish, gross-headed.	dict-039.png	https://archive.org/download/ANewDictionaryArmenian-english/page/leaf17.jpg	body
Ախերական, յԱխերկան		ad.	vainly.	dict-039.png	https://archive.org/download/ANewDictionaryArmenian-english/page/leaf17.jpg	body
Ախժինք, Ախժիք		s.	dregs.	dict-039.png	https://archive.org/download/ANewDictionaryArmenian-english/page/leaf17.jpg	body
Ախտաբոյզ		a.	highwayman; indocile, ferocious.; indocile, ferocious.	dict-039.png	https://archive.org/download/ANewDictionaryArmenian-english/page/leaf17.jpg	body
Ախտակղապէս		s.	hanging cornice.	dict-039.png	https://archive.org/download/ANewDictionaryArmenian-english/page/leaf17.jpg	body
Ախտարանք		s. pl.	lot; disposition; nature; fate; lot, disposition, nature, fate; natural, physical	dict-040.png	https://archive.org/download/ANewDictionaryArmenian-english/page/leaf18.jpg	body
Ախտարմուխ		s.	astrologer; one who professes judiciary astrology; magician; sorcerer.; astrologer, one who professes judiciary astrology, magician, sorcerer.	dict-040.png	https://archive.org/download/ANewDictionaryArmenian-english/page/leaf18.jpg	body
Ածաբան	Աստուածաբան	s.	theologian.	dict-100.png	https://archive.org/download/ANewDictionaryArmenian-english/page/leaf48.jpg	body
Ածաբանական	Աստուածաբանական	a.	theological.	dict-100.png	https://archive.org/download/ANewDictionaryArmenian-english/page/leaf48.jpg	body
Ածաբանեմ	Աստուածաբանեմ	vn.	to write, to discourse or speak theologically.	dict-100.png	https://archive.org/download/ANewDictionaryArmenian-english/page/leaf48.jpg	body
Ածաբանութի	Աստուածաբանութիւն	s.	theology	dict-100.png	https://archive.org/download/ANewDictionaryArmenian-english/page/leaf48.jpg	body
Ածաբանօրէն	Աստուածաբանօրէն	ad.	theologically.	dict-100.png	https://archive.org/download/ANewDictionaryArmenian-english/page/leaf48.jpg	body
Ածաբար	Աստուածաբար	ad.	godlike, divinely.	dict-100.png	https://archive.org/download/ANewDictionaryArmenian-english/page/leaf48.jpg	body
Ածաբարբառ	Աստուածաբարբառ	a.	declared by God.	dict-100.png	https://archive.org/download/ANewDictionaryArmenian-english/page/leaf48.jpg	body
Ածաբնակ	Աստուածաբնակ	a.	where God dwells.	dict-100.png	https://archive.org/download/ANewDictionaryArmenian-english/page/leaf48.jpg	body
Ածաբուղխ	Աստուածաբուղխ	a.	produced by God.	dict-100.png	https://archive.org/download/ANewDictionaryArmenian-english/page/leaf48.jpg	body
Ածաբուն	Աստուածաբուն	a.	that partakes of the nature of God, that belongs to God, divine.	dict-100.png	https://archive.org/download/ANewDictionaryArmenian-english/page/leaf48.jpg	body
Ածագէտ	Աստուածագէտ	a.	who has the knowledge of God.	dict-100.png	https://archive.org/download/ANewDictionaryArmenian-english/page/leaf48.jpg	body
Ածագիծ	Աստուածագիծ	a.	written or engraved by God.	dict-100.png	https://archive.org/download/ANewDictionaryArmenian-english/page/leaf48.jpg	body
Ածագիր	Աստուածագիր	a.	written or engraved by God.; established or ordained by God.	dict-100.png	https://archive.org/download/ANewDictionaryArmenian-english/page/leaf48.jpg	body
Ածագնաց	Աստուածագնաց	a.	who walks in the ways of God.	dict-100.png	https://archive.org/download/ANewDictionaryArmenian-english/page/leaf48.jpg	body
Ածագործ	Աստուածագործ	a.	made by God; that consecrates, that causes God to descend; divine, sacred.	dict-100.png	https://archive.org/download/ANewDictionaryArmenian-english/page/leaf48.jpg	body
Ածագործեմ	Աստուածագործեմ	va.	to render godlike; to consecrate.	dict-100.png	https://archive.org/download/ANewDictionaryArmenian-english/page/leaf48.jpg	body
Ածագործութիւն	Աստուածագործութիւն	s.	resemblance, conformity with God; consecration.	dict-100.png	https://archive.org/download/ANewDictionaryArmenian-english/page/leaf48.jpg	body
Ածագութ	Աստուածագութ	a.	who is divinely merciful.	dict-100.png	https://archive.org/download/ANewDictionaryArmenian-english/page/leaf48.jpg	body
Ածադիր	Աստուածադիր	a.	established or ordained by God.	dict-100.png	https://archive.org/download/ANewDictionaryArmenian-english/page/leaf48.jpg	body
Ածադրոշմ	Աստուածադրոշմ	a.	imprinted or marked by God.	dict-100.png	https://archive.org/download/ANewDictionaryArmenian-english/page/leaf48.jpg	body
Ածազան	Աստուածազան	a.	divine.	dict-100.png	https://archive.org/download/ANewDictionaryArmenian-english/page/leaf48.jpg	body
Ածազարդ	Աստուածազարդ	a.	adorned by God, or with the grace of God.	dict-100.png	https://archive.org/download/ANewDictionaryArmenian-english/page/leaf48.jpg	body
Ածազարդեալ	Աստուածազարդեալ	a.	adorned by God, or with the grace of God.	dict-100.png	https://archive.org/download/ANewDictionaryArmenian-english/page/leaf48.jpg	body
Ածազգեաց	Աստուածազգեաց	a.	that bears God; carried by God.	dict-100.png	https://archive.org/download/ANewDictionaryArmenian-english/page/leaf48.jpg	body
Ածազգեստ	Աստուածազգեստ	a.	that bears God; carried by God.	dict-100.png	https://archive.org/download/ANewDictionaryArmenian-english/page/leaf48.jpg	body
Ածազդեցիկ	Աստուածազդեցիկ	a.	inspired of God.	dict-100.png	https://archive.org/download/ANewDictionaryArmenian-english/page/leaf48.jpg	body
Ածազդեցութիւն	Աստուածազդեցութիւն	s.	inspiration of God; enthusiasm.	dict-100.png	https://archive.org/download/ANewDictionaryArmenian-english/page/leaf48.jpg	body
Ածազոյգ	Աստուածազոյգ	a.	joined by God.	dict-100.png	https://archive.org/download/ANewDictionaryArmenian-english/page/leaf48.jpg	body
Ածազօր	Աստուածազօր	a.	strengthened by God; who has divine strength.	dict-100.png	https://archive.org/download/ANewDictionaryArmenian-english/page/leaf48.jpg	body
Ածախառն	Աստուածախառն	a.	who is united to God.	dict-100.png	https://archive.org/download/ANewDictionaryArmenian-english/page/leaf48.jpg	body
Ածախնամ	Աստուածախնամ	a.	cared for by God	dict-100.png	https://archive.org/download/ANewDictionaryArmenian-english/page/leaf48.jpg	body
Ածախոյզ	Աստուածախոյզ	a.	who seeks God.	dict-100.png	https://archive.org/download/ANewDictionaryArmenian-english/page/leaf48.jpg	body
Ածախումբ	Աստուածախումբ	a.	brought together by the inspiration of God.	dict-100.png	https://archive.org/download/ANewDictionaryArmenian-english/page/leaf48.jpg	body
Ածախրատ	Աստուածախրատ	a.	instructed by God.	dict-100.png	https://archive.org/download/ANewDictionaryArmenian-english/page/leaf48.jpg	body
Ածախօս	Աստուածախօս	a.	who speaks of God; declared by God.	dict-100.png	https://archive.org/download/ANewDictionaryArmenian-english/page/leaf48.jpg	body
Ածախօսեմ	Աստուածախօսեմ	vna.	to speak, to discourse of God or with God; to talk divinely.	dict-100.png	https://archive.org/download/ANewDictionaryArmenian-english/page/leaf48.jpg	body
Ածախօսութիւն	Աստուածախօսութիւն	s.	discourse of God or with God; theology.	dict-100.png	https://archive.org/download/ANewDictionaryArmenian-english/page/leaf48.jpg	body
Ածածագ	Աստուածածագ	a.	produced by, born of or proceeding from God.	dict-100.png	https://archive.org/download/ANewDictionaryArmenian-english/page/leaf48.jpg	body
Ածածանօթ	Աստուածածանօթ	a.	who has the knowledge of God.	dict-100.png	https://archive.org/download/ANewDictionaryArmenian-english/page/leaf48.jpg	body
Ածածանօթութի	Աստուածածանօթութիւն	s.	knowledge of God.	dict-100.png	https://archive.org/download/ANewDictionaryArmenian-english/page/leaf48.jpg	body
Ածածին	Աստուածածին	a.	Mother of God.	dict-100.png	https://archive.org/download/ANewDictionaryArmenian-english/page/leaf48.jpg	body
Ածակազմ	Աստուածակազմ	a.	constructed or made by God.	dict-100.png	https://archive.org/download/ANewDictionaryArmenian-english/page/leaf48.jpg	body
Ածակամ	Աստուածակամ	a.	willed by God, agreeable to God.	dict-100.png	https://archive.org/download/ANewDictionaryArmenian-english/page/leaf48.jpg	body
Ածակարգ	Աստուածակարգ	a.	ordained or established by God.	dict-100.png	https://archive.org/download/ANewDictionaryArmenian-english/page/leaf48.jpg	body
Ածակեաց	Աստուածակեաց	a.	who lives with God or according to the will of God.	dict-100.png	https://archive.org/download/ANewDictionaryArmenian-english/page/leaf48.jpg	body
Ածակերպ	Աստուածակերպ	a.	godlike, in the form of God, divinely.	dict-100.png	https://archive.org/download/ANewDictionaryArmenian-english/page/leaf48.jpg	body
Ածակերտ	Աստուածակերտ	a.	made or built by God.	dict-100.png	https://archive.org/download/ANewDictionaryArmenian-english/page/leaf48.jpg	body
Ածակիր	Աստուածակիր	a.	that bears God.	dict-100.png	https://archive.org/download/ANewDictionaryArmenian-english/page/leaf48.jpg	body
Ածակից	Աստուածակից	a.	that participates in the divine nature or grace.	dict-100.png	https://archive.org/download/ANewDictionaryArmenian-english/page/leaf48.jpg	body
Ածակոխ	Աստուածակոխ	a.	where God has walked or placed his foot.	dict-100.png	https://archive.org/download/ANewDictionaryArmenian-english/page/leaf48.jpg	body
Ածակողմն	Աստուածակողմն	s.	side or part of God.	dict-100.png	https://archive.org/download/ANewDictionaryArmenian-english/page/leaf48.jpg	body
Ածակոյս կողմն	Աստուածակոյս կողմն			dict-100.png	https://archive.org/download/ANewDictionaryArmenian-english/page/leaf48.jpg	body
Ածակոչ	Աստուածակոչ	a.	called by God; where God was invited.	dict-100.png	https://archive.org/download/ANewDictionaryArmenian-english/page/leaf48.jpg	body
Ածակրօն	Աստուածակրօն	a.	pious, religious.	dict-100.png	https://archive.org/download/ANewDictionaryArmenian-english/page/leaf48.jpg	body
Ածահաճոյ	Աստուածահաճոյ	a.	agreeable to or pleases God.	dict-100.png	https://archive.org/download/ANewDictionaryArmenian-english/page/leaf48.jpg	body
Ածահայր	Աստուածահայր	s.	father of God.	dict-100.png	https://archive.org/download/ANewDictionaryArmenian-english/page/leaf48.jpg	body
Ածահաշտ	Աստուածահաշտ	a.	that calms or appeases the anger of God.	dict-100.png	https://archive.org/download/ANewDictionaryArmenian-english/page/leaf48.jpg	body
Ածահար	Աստուածահար	a.	chastised or punished by God.	dict-101.png	https://archive.org/download/ANewDictionaryArmenian-english/page/leaf48.jpg	body
Ածահրաման	Աստուածահրաման	a.	ordained or commanded by God.	dict-101.png	https://archive.org/download/ANewDictionaryArmenian-english/page/leaf48.jpg	body
Ածահրաշ	Աստուածահրաշ	a.	done by a miracle or divinely.	dict-101.png	https://archive.org/download/ANewDictionaryArmenian-english/page/leaf48.jpg	body
Ածահրաւէր	Աստուածահրաւէր	a.	invited or called by God.	dict-101.png	https://archive.org/download/ANewDictionaryArmenian-english/page/leaf48.jpg	body
Ածաձիր	Աստուածաձիր	a.	given by God.	dict-101.png	https://archive.org/download/ANewDictionaryArmenian-english/page/leaf48.jpg	body
Ածաճառ	Աստուածաճառ	a.	declared by God; who discourses of God.; declared by God; who discourses of God.	dict-101.png	https://archive.org/download/ANewDictionaryArmenian-english/page/leaf48.jpg	body
Ածամայր	Աստուածամայր	s.	Mother of God.	dict-101.png	https://archive.org/download/ANewDictionaryArmenian-english/page/leaf48.jpg	body
Ածամարդ	Աստուածամարդ	s.	God and man conjointly.	dict-101.png	https://archive.org/download/ANewDictionaryArmenian-english/page/leaf48.jpg	body
Ածամարտ	Աստուածամարտ	a.	that wars against Heaven, that is repugnant to God;; that wars against Heaven, that is repugnant to God	dict-101.png	https://archive.org/download/ANewDictionaryArmenian-english/page/leaf48.jpg	body
Ածամերձ	Աստուածամերձ	a.	that is near God.	dict-101.png	https://archive.org/download/ANewDictionaryArmenian-english/page/leaf48.jpg	body
Ածամոռաց	Աստուածամոռաց	a.	who has forgotten God.	dict-101.png	https://archive.org/download/ANewDictionaryArmenian-english/page/leaf48.jpg	body
Ածամուխ	Աստուածամուխ	a.	who is profoundly learned or versed in divine things; who is familiar with God; hardened by God.; who is profoundly learned or versed in divine things; who is familiar with God; hardened by God.	dict-101.png	https://archive.org/download/ANewDictionaryArmenian-english/page/leaf48.jpg	body
Ածամուտ	Աստուածամուտ	a.	where God enters or dwells.	dict-101.png	https://archive.org/download/ANewDictionaryArmenian-english/page/leaf48.jpg	body
Ածայայտնութիւն	Աստուածայայտնութիւն	s.	Epiphany.	dict-101.png	https://archive.org/download/ANewDictionaryArmenian-english/page/leaf48.jpg	body
Ածային	Աստուածային	a.	divine, belonging to God; sacred, pious.; divine, belonging to God; sacred, pious.	dict-101.png	https://archive.org/download/ANewDictionaryArmenian-english/page/leaf48.jpg	body
Ածայնութիւն	Աստուածայնութիւն	s.	state of a divine or sacred thing.	dict-101.png	https://archive.org/download/ANewDictionaryArmenian-english/page/leaf48.jpg	body
Ածայրական	Աստուածայրական	a.	divine and human conjointly.	dict-101.png	https://archive.org/download/ANewDictionaryArmenian-english/page/leaf48.jpg	body
Ածանամ	Աստուածանամ	vn.	to make one's self God; to become God; to unite one's self, to join one's self to God; to resemble God.; to make one's self God; to become God; to unite one's self, to join one's self to God; to resemble God.	dict-101.png	https://archive.org/download/ANewDictionaryArmenian-english/page/leaf48.jpg	body
Ածանման	Աստուածանման	a.	that resembles God, godlike.	dict-101.png	https://archive.org/download/ANewDictionaryArmenian-english/page/leaf48.jpg	body
Ածաշէն	Աստուածաշէն	a.	built by God.	dict-101.png	https://archive.org/download/ANewDictionaryArmenian-english/page/leaf48.jpg	body
Ածաշնորհ	Աստուածաշնորհ	a.	given by God; full of the grace of God.; given by God; full of the grace of God.	dict-101.png	https://archive.org/download/ANewDictionaryArmenian-english/page/leaf48.jpg	body
Ածաշունչ	Աստուածաշունչ	s.	inspired by God, divine, holy: Bible, holy Scripture.	dict-101.png	https://archive.org/download/ANewDictionaryArmenian-english/page/leaf48.jpg	body
Ածաշուք	Աստուածաշուք			dict-101.png	https://archive.org/download/ANewDictionaryArmenian-english/page/leaf48.jpg	body
Ածաչարչար	Աստուածաչարչար	a.	who has caused God to suffer: who holds the doctrine that God is amenable to suffer.	dict-101.png	https://archive.org/download/ANewDictionaryArmenian-english/page/leaf48.jpg	body
Ածաչարչարութիւն	Աստուածաչարչարութիւն	s.	passibleness of divine nature.	dict-101.png	https://archive.org/download/ANewDictionaryArmenian-english/page/leaf48.jpg	body
Ածապահ	Աստուածապահ	a.	preserved or protected by God.	dict-101.png	https://archive.org/download/ANewDictionaryArmenian-english/page/leaf48.jpg	body
Ածապաշտ	Աստուածապաշտ	a.	who worships God, pious, religious, devout, spiritual.	dict-101.png	https://archive.org/download/ANewDictionaryArmenian-english/page/leaf48.jpg	body
Ածապատիւ	Աստուածապատիւ	a.	honoured by God, who has divine honour.	dict-101.png	https://archive.org/download/ANewDictionaryArmenian-english/page/leaf48.jpg	body
Ածապատում	Աստուածապատում	a.	who relates, narrates, speaks of God.	dict-101.png	https://archive.org/download/ANewDictionaryArmenian-english/page/leaf48.jpg	body
Ածապարգեւ	Աստուածապարգեւ	a.	given by God.	dict-101.png	https://archive.org/download/ANewDictionaryArmenian-english/page/leaf48.jpg	body
Ածապէս	Աստուածապէս			dict-101.png	https://archive.org/download/ANewDictionaryArmenian-english/page/leaf48.jpg	body
Ածապսակ	Աստուածապսակ	a.	crowned by God.	dict-101.png	https://archive.org/download/ANewDictionaryArmenian-english/page/leaf48.jpg	body
Ածառաք	Աստուածառաք	a.	sent by God.	dict-101.png	https://archive.org/download/ANewDictionaryArmenian-english/page/leaf48.jpg	body
Ածասաստ	Աստուածասաստ	a.	chastised by God; that comes of divine wrath.; chastised by God; that comes of divine wrath.	dict-101.png	https://archive.org/download/ANewDictionaryArmenian-english/page/leaf48.jpg	body
Ածասէր	Աստուածասէր	a.	that loves God, pious.	dict-101.png	https://archive.org/download/ANewDictionaryArmenian-english/page/leaf48.jpg	body
Ածասիրութիւն	Աստուածասիրութիւն	s.	love of God, piety, religion, devotion.	dict-101.png	https://archive.org/download/ANewDictionaryArmenian-english/page/leaf48.jpg	body
Ածասնունդ	Աստուածասնունդ	a.	cherished by God; brought up in the fear of God.; cherished by God; brought up in the fear of God.	dict-101.png	https://archive.org/download/ANewDictionaryArmenian-english/page/leaf48.jpg	body
Ածասպան	Աստուածասպան	a.	that has put God to death.	dict-101.png	https://archive.org/download/ANewDictionaryArmenian-english/page/leaf48.jpg	body
Ածասպանութիւն	Աստուածասպանութիւն	s.	deicide.	dict-101.png	https://archive.org/download/ANewDictionaryArmenian-english/page/leaf48.jpg	body
Ածաստեղծ	Աստուածաստեղծ	a.	created by God.	dict-101.png	https://archive.org/download/ANewDictionaryArmenian-english/page/leaf48.jpg	body
Ածասքանչ	Աստուածասքանչ			dict-101.png	https://archive.org/download/ANewDictionaryArmenian-english/page/leaf48.jpg	body
Ածավայելուչ	Աստուածավայելուչ	a.	that befits, becomes God.	dict-101.png	https://archive.org/download/ANewDictionaryArmenian-english/page/leaf48.jpg	body
Ածատեաց	Աստուածատեաց	a.	that hates God.	dict-101.png	https://archive.org/download/ANewDictionaryArmenian-english/page/leaf48.jpg	body
Ածատես	Աստուածատես	a.	that has seen, that sees God.	dict-101.png	https://archive.org/download/ANewDictionaryArmenian-english/page/leaf48.jpg	body
Ածատեսիլ	Աստուածատեսիլ	a.	that resembles God, divine.	dict-101.png	https://archive.org/download/ANewDictionaryArmenian-english/page/leaf48.jpg	body
Ածատեսութիւն	Աստուածատեսութիւն			dict-101.png	https://archive.org/download/ANewDictionaryArmenian-english/page/leaf48.jpg	body
Ածատեցութիւն	Աստուածատեցութիւն	s.	hatred, aversion of God.	dict-101.png	https://archive.org/download/ANewDictionaryArmenian-english/page/leaf48.jpg	body
Ածատուր	Աստուածատուր	s.	given by God, infused: np. Deodatus.	dict-101.png	https://archive.org/download/ANewDictionaryArmenian-english/page/leaf48.jpg	body
Ածարար	Աստուածարար	a.	made by God; that deifies.; made by God; that deifies.	dict-101.png	https://archive.org/download/ANewDictionaryArmenian-english/page/leaf48.jpg	body
Ածարեալ	Աստուածարեալ	a.	strengthened by God; friend of God or familiar with God; divine, holy;; strengthened by God; friend of God or familiar with God; divine, holy	dict-101.png	https://archive.org/download/ANewDictionaryArmenian-english/page/leaf48.jpg	body
Ածացուցանեմ	Աստուածացուցանեմ	va.	to make a god of any thing, to deify, to admit into the number of gods, to idolize.	dict-101.png	https://archive.org/download/ANewDictionaryArmenian-english/page/leaf48.jpg	body
Ածացուցիչ	Աստուածացուցիչ	a.	that makes a god of any thing; that deifies.; that makes a god of any thing; that deifies.	dict-101.png	https://archive.org/download/ANewDictionaryArmenian-english/page/leaf48.jpg	body
Ածացուցումն	Աստուածացուցումն	s.	deification, apotheosis.	dict-101.png	https://archive.org/download/ANewDictionaryArmenian-english/page/leaf48.jpg	body
Ածաւանդ	Աստուածաւանդ	a.	given, transmitted or taught by God.	dict-101.png	https://archive.org/download/ANewDictionaryArmenian-english/page/leaf48.jpg	body
Ածափախոյց	Աստուածափախոյց	a.	that drives away, that causes God to remove far off: unpleasant to God.	dict-101.png	https://archive.org/download/ANewDictionaryArmenian-english/page/leaf48.jpg	body
Ածափայլ	Աստուածափայլ	a.	bright, brilliant, that shines divinely.	dict-101.png	https://archive.org/download/ANewDictionaryArmenian-english/page/leaf48.jpg	body
Ածգիտութիւն	Աստուածգիտութիւն	s.	knowledge of God, theodicy.	dict-101.png	https://archive.org/download/ANewDictionaryArmenian-english/page/leaf48.jpg	body
Ածեան	Աստուածեան	a.	divine; s. deist.; divine; deist.	dict-101.png	https://archive.org/download/ANewDictionaryArmenian-english/page/leaf48.jpg	body
Ածեղէն	Աստուածեղէն	a.	divine.	dict-101.png	https://archive.org/download/ANewDictionaryArmenian-english/page/leaf48.jpg	body
Ածըմպելի	Աստուածըմպելի	s.	drink of the gods, nectar.	dict-101.png	https://archive.org/download/ANewDictionaryArmenian-english/page/leaf48.jpg	body
Ածընդդէմ	Աստուածընդդէմ	a.	repugnant to God.	dict-101.png	https://archive.org/download/ANewDictionaryArmenian-english/page/leaf48.jpg	body
Ածընկալ	Աստուածընկալ	a.	that has received God; received or accepted of God, agreeable to God.; that has received God; received or accepted of God, agreeable to God.	dict-101.png	https://archive.org/download/ANewDictionaryArmenian-english/page/leaf48.jpg	body
Ածընտիր	Աստուածընտիր	a.	chosen of God.	dict-101.png	https://archive.org/download/ANewDictionaryArmenian-english/page/leaf48.jpg	body
Ածիմաստ	Աստուածիմաստ	a.	that has the wisdom of God, instructed by heaven.	dict-101.png	https://archive.org/download/ANewDictionaryArmenian-english/page/leaf48.jpg	body
Ածխօսութիւն	Աստուածխօսութիւն	s.	oracle:; oracle	dict-101.png	https://archive.org/download/ANewDictionaryArmenian-english/page/leaf48.jpg	body
Ածորդի	Աստուածորդի	s.	Son of God.	dict-101.png	https://archive.org/download/ANewDictionaryArmenian-english/page/leaf48.jpg	body
Ածութիւն	Աստուածութիւն	s.	divinity; deity; God.; divinity; deity; God.	dict-101.png	https://archive.org/download/ANewDictionaryArmenian-english/page/leaf48.jpg	body
Ածուհի	Աստուածուհի	sf.	goddess.	dict-101.png	https://archive.org/download/ANewDictionaryArmenian-english/page/leaf48.jpg	body
Ածունակ	Աստուածունակ	a.	that has received or embraced God.	dict-102.png	https://archive.org/download/ANewDictionaryArmenian-english/page/leaf49.jpg	body
Ածուսոյց	Աստուածուսոյց	a.	instructed by God.	dict-102.png	https://archive.org/download/ANewDictionaryArmenian-english/page/leaf49.jpg	body
Ածուստ	Աստուածուստ	ad.	heavenly, by God, of God, divinely.	dict-102.png	https://archive.org/download/ANewDictionaryArmenian-english/page/leaf49.jpg	body
Ածուրաց	Աստուածուրաց	a.	atheist;	dict-102.png	https://archive.org/download/ANewDictionaryArmenian-english/page/leaf49.jpg	body
Ածպաշտութիւն	Աստուածպաշտութիւն	s.	piety, religion, love or worship of God.	dict-102.png	https://archive.org/download/ANewDictionaryArmenian-english/page/leaf49.jpg	body
Ածպետական	Աստուածպետական	a.	theocratical.	dict-102.png	https://archive.org/download/ANewDictionaryArmenian-english/page/leaf49.jpg	body
Ածպետութիւն	Աստուածպետութիւն	s.	theocracy; divine majesty.	dict-102.png	https://archive.org/download/ANewDictionaryArmenian-english/page/leaf49.jpg	body
Ածսիրութիւն	Աստուածսիրութիւն	s.	love of God, charity,	dict-102.png	https://archive.org/download/ANewDictionaryArmenian-english/page/leaf49.jpg	body
Ածտեսութիւն	Աստուածտեսութիւն	s.	vision of God, divine intuition.	dict-102.png	https://archive.org/download/ANewDictionaryArmenian-english/page/leaf49.jpg	body
Ածօրէն	Աստուածօրէն	ad.	divinely, godly.	dict-102.png	https://archive.org/download/ANewDictionaryArmenian-english/page/leaf49.jpg	body
Ականայիտ				dict-041.png	https://archive.org/download/ANewDictionaryArmenian-english/page/leaf18.jpg	body
Ակասանք		s.	garrison; the inhabitants of the citadel.; garrison; the inhabitants of the citadel.	dict-041.png	https://archive.org/download/ANewDictionaryArmenian-english/page/leaf18.jpg	body
Ակիւղաս			Aquila.	dict-799.png	https://archive.org/download/ANewDictionaryArmenian-english/page/leaf397.jpg	body
Ակիփսիմոս			Achipsimus.	dict-799.png	https://archive.org/download/ANewDictionaryArmenian-english/page/leaf397.jpg	body
Ակլայէ		f.	Aglaia.	dict-799.png	https://archive.org/download/ANewDictionaryArmenian-english/page/leaf397.jpg	body
Ակնագործութի	Ակնագործութիւն	s.	jeweller's trade, jewelry or jewellery.	dict-042.png	https://archive.org/download/ANewDictionaryArmenian-english/page/leaf19.jpg	body
Ակն ունիմ, ակն կալայ		vn.		dict-042.png	https://archive.org/download/ANewDictionaryArmenian-english/page/leaf19.jpg	body
Ակնկորութի	Ակնկորութիւն	s.	consternation, shame.	dict-042.png	https://archive.org/download/ANewDictionaryArmenian-english/page/leaf19.jpg	body
Ահա ասաւիկ		ad.	behold here, there, yonder.	dict-042.png	https://archive.org/download/ANewDictionaryArmenian-english/page/leaf19.jpg	body
Ահա աւադիկ, Ահա աւանիկ, Ահա աւասիկ		ad.	behold here, there, yonder.	dict-042.png	https://archive.org/download/ANewDictionaryArmenian-english/page/leaf19.jpg	body
Ահա աւադիկ, Ահա աւանիկ, Ահա աւասիկ		ad.	behold here, there, yonder.	dict-042.png	https://archive.org/download/ANewDictionaryArmenian-english/page/leaf19.jpg	body
Ահաբեկութի	Ահաբեկութիւն	s.	dismay, fear, fright, terror.	dict-042.png	https://archive.org/download/ANewDictionaryArmenian-english/page/leaf19.jpg	body
Ահագինս, Ահագին իմն, Ահագնագոյնս		ad.	terribly, frightfully, horribly, atrociously; hideously.	dict-042.png	https://archive.org/download/ANewDictionaryArmenian-english/page/leaf19.jpg	body
Ահագինս, Ահագին իմն, Ահագնագոյնս		ad.	terribly, frightfully, horribly, atrociously; hideously.	dict-042.png	https://archive.org/download/ANewDictionaryArmenian-english/page/leaf19.jpg	body
Ահեկկին		a. s.	that who is to the left.	dict-043.png	https://archive.org/download/ANewDictionaryArmenian-english/page/leaf19.jpg	body
Աղաթոն			Agathon.	dict-799.png	https://archive.org/download/ANewDictionaryArmenian-english/page/leaf397.jpg	body
Աղանդանոյն		s.	laudanum.	dict-043.png	https://archive.org/download/ANewDictionaryArmenian-english/page/leaf19.jpg	body
Աղաւնետուն				dict-044.png	https://archive.org/download/ANewDictionaryArmenian-english/page/leaf20.jpg	body
Աղաւնի		s.	dove; pigeon; dove, pigeon;	dict-044.png	https://archive.org/download/ANewDictionaryArmenian-english/page/leaf20.jpg	body
Աղբերք		s.	fountain, source, spring, brook; origin.	dict-044.png	https://archive.org/download/ANewDictionaryArmenian-english/page/leaf20.jpg	body
Աղբիւսք		s. pl.	sweepings, filth.	dict-044.png	https://archive.org/download/ANewDictionaryArmenian-english/page/leaf20.jpg	body
Աղբիւք		s. pl.	sweepings; filth.; sweepings, filth.	dict-044.png	https://archive.org/download/ANewDictionaryArmenian-english/page/leaf20.jpg	body
Աղերեկ				dict-044.png	https://archive.org/download/ANewDictionaryArmenian-english/page/leaf20.jpg	body
Աղեքսանդրա		f.	Alexandra.	dict-799.png	https://archive.org/download/ANewDictionaryArmenian-english/page/leaf397.jpg	body
Աղէկտուր		a.	pitiable, that excites compassion.	dict-045.png	https://archive.org/download/ANewDictionaryArmenian-english/page/leaf20.jpg	body
Աղխատրոշղ		a.	rude; barbarous; coarse; uncivilized; gross; that has a disagreeable sound.	dict-045.png	https://archive.org/download/ANewDictionaryArmenian-english/page/leaf20.jpg	body
Տղիղ, աղղից		s.	dregs; lees.; dregs, lees.	dict-739.png	https://archive.org/download/ANewDictionaryArmenian-english/page/leaf367.jpg	body
Աղմկայոյզ, Աղմկասէր		a.	mutinous; seditious; turbulent; inclined to excite sedition.; mutinous, seditious, turbulent, inclined to excite sedition.	dict-045.png	https://archive.org/download/ANewDictionaryArmenian-english/page/leaf20.jpg	body
Աղօթակեր, Աղօթակիր, Աղօթկեալք, Աղօթկէր		s.	that prays to God; suppliant.	dict-046.png	https://archive.org/download/ANewDictionaryArmenian-english/page/leaf21.jpg	body
Աղօթակեր, Աղօթակիր, Աղօթկեալք, Աղօթկէր		s.	that prays to God; suppliant.	dict-046.png	https://archive.org/download/ANewDictionaryArmenian-english/page/leaf21.jpg	body
Աճառապատ, Աճառասպինդ		a.	cartilaginous.	dict-047.png	https://archive.org/download/ANewDictionaryArmenian-english/page/leaf21.jpg	body
Ամաթեղջիւր		s.	horn of plenty.	dict-047.png	https://archive.org/download/ANewDictionaryArmenian-english/page/leaf21.jpg	body
Ամայաբնակ		a.	deserted, uninhabited; solitary.; deserted, uninhabited; solitary.	dict-047.png	https://archive.org/download/ANewDictionaryArmenian-english/page/leaf21.jpg	body
Ամասիա			Amasia (patriarch).	dict-799.png	https://archive.org/download/ANewDictionaryArmenian-english/page/leaf397.jpg	body
Ամբարշտեմ		vn.	to be irreligious; to be ungodly; to be sacrilegious; to be profane; to be impious or unrighteous.	dict-048.png	https://archive.org/download/ANewDictionaryArmenian-english/page/leaf22.jpg	body
Ամբողջութի	Ամբողջութիւն	s.	entire state, totality, completeness, whole; accomplishment.	dict-049.png	https://archive.org/download/ANewDictionaryArmenian-english/page/leaf22.jpg	body
Ամեթոս		s.	amethyst; granite.	dict-049.png	https://archive.org/download/ANewDictionaryArmenian-english/page/leaf22.jpg	body
Ամենազգաստ		a.	very vigilant; watchful; diligent; very sober; moderate; most temperate.; very vigilant, watchful, diligent: very sober, moderate, most temperate.	dict-049.png	https://archive.org/download/ANewDictionaryArmenian-english/page/leaf22.jpg	body
Ամենահեզ		a.	mildest; very gentle or peaceable.; mildest, very gentle or peaceable.	dict-049.png	https://archive.org/download/ANewDictionaryArmenian-english/page/leaf22.jpg	body
Ամոլաշիլ		s.	ham-string, tendon of the ham.	dict-051.png	https://archive.org/download/ANewDictionaryArmenian-english/page/leaf23.jpg	body
Ամոխակս		s.	brought up together, comrade, companion, play-fellow; a. familiar.	dict-051.png	https://archive.org/download/ANewDictionaryArmenian-english/page/leaf23.jpg	body
Ամպաշու		a.	that travels in the clouds, reaching the clouds.	dict-052.png	https://archive.org/download/ANewDictionaryArmenian-english/page/leaf24.jpg	body
Ամպաշուեմ		vn.	to travel, to be or to rise in the clouds.	dict-052.png	https://archive.org/download/ANewDictionaryArmenian-english/page/leaf24.jpg	body
Ամպոն		s.	pulpit.	dict-048.png	https://archive.org/download/ANewDictionaryArmenian-english/page/leaf22.jpg	body
Այգեկիթք, Այգեկութք		s.pl.	vintage; time of vintage; time of vintage.	dict-053.png	https://archive.org/download/ANewDictionaryArmenian-english/page/leaf24.jpg	body
Այդ, այդր, այդորիկ, այդու, այդոքիկ		pron.	that, this, the; that, this, the.	dict-053.png	https://archive.org/download/ANewDictionaryArmenian-english/page/leaf24.jpg	body
Այթիւռ, յԱյթիւռ or յԱյթիոս կամ				dict-053.png	https://archive.org/download/ANewDictionaryArmenian-english/page/leaf24.jpg	body
Այլադէն		a. s.	of a different religion; infidel.	dict-054.png	https://archive.org/download/ANewDictionaryArmenian-english/page/leaf25.jpg	body
Այլակդէն				dict-054.png	https://archive.org/download/ANewDictionaryArmenian-english/page/leaf25.jpg	body
Այլուրեմն				dict-055.png	https://archive.org/download/ANewDictionaryArmenian-english/page/leaf25.jpg	body
Այլուրեք				dict-055.png	https://archive.org/download/ANewDictionaryArmenian-english/page/leaf25.jpg	body
Այլուրեքեք				dict-055.png	https://archive.org/download/ANewDictionaryArmenian-english/page/leaf25.jpg	body
Այն ինքն է		conj.	that is to say, to wit, namely, i: e:, viz or videlicet.	dict-055.png	https://archive.org/download/ANewDictionaryArmenian-english/page/leaf25.jpg	body
Այն իսկ է		conj.	that is to say, to wit, namely, i: e:, viz or videlicet.	dict-055.png	https://archive.org/download/ANewDictionaryArmenian-english/page/leaf25.jpg	body
Այնր աղագաւ		conj.	for that reason, therefore.; for that reason,	dict-055.png	https://archive.org/download/ANewDictionaryArmenian-english/page/leaf25.jpg	body
Այպանող		s. a.	that derides, ridicules; contemptuous, scornful; abusive, insulting.; that derides, ridicules: contemptuous, scornful	dict-055.png	https://archive.org/download/ANewDictionaryArmenian-english/page/leaf25.jpg	body
Այսակեր		a.	possessed with a devil or evil genius; tormented with a devil; demoniac.	dict-056.png	https://archive.org/download/ANewDictionaryArmenian-english/page/leaf26.jpg	body
Այսինքն, Այսինքն է		ad.	namely; that is to say; to wit.; namely, that is to say, to wit.	dict-056.png	https://archive.org/download/ANewDictionaryArmenian-english/page/leaf26.jpg	body
Այսնակատակ գուսան		s.	mime; buffoon.; mime, buffoon.	dict-056.png	https://archive.org/download/ANewDictionaryArmenian-english/page/leaf26.jpg	body
Այսնակատակ լինիմ				dict-056.png	https://archive.org/download/ANewDictionaryArmenian-english/page/leaf26.jpg	body
Այսնարարութիւն				dict-056.png	https://archive.org/download/ANewDictionaryArmenian-english/page/leaf26.jpg	body
Այտուռն		s.	inflammation; tumefaction; swelling; protuberance; enlargement	dict-056.png	https://archive.org/download/ANewDictionaryArmenian-english/page/leaf26.jpg	body
Այրացաւեր առնեմ			to burn and to ravage.	dict-057.png	https://archive.org/download/ANewDictionaryArmenian-english/page/leaf26.jpg	body
Այրեաց (յ) տամ			to burn	dict-057.png	https://archive.org/download/ANewDictionaryArmenian-english/page/leaf26.jpg	body
Անագորումն		a.	perfidious, disloyal, traitorous, treacherous, treasonable, faithless; cruel, ferocious, inhuman, barbarous.	dict-057.png	https://archive.org/download/ANewDictionaryArmenian-english/page/leaf26.jpg	body
Անազդակեմ		vn.	to be disobedient, insolent.; to be disobe	dict-057.png	https://archive.org/download/ANewDictionaryArmenian-english/page/leaf26.jpg	body
Անալոյտագոյն		a.	insipid, tasteless; pernicious; very unproductive.	dict-057.png	https://archive.org/download/ANewDictionaryArmenian-english/page/leaf26.jpg	body
Անահտական		a.	of or belonging to Venus or Diana.	dict-058.png	https://archive.org/download/ANewDictionaryArmenian-english/page/leaf27.jpg	body
Անանդոսնելի		a.	irreproachable, irreprehensible.	dict-058.png	https://archive.org/download/ANewDictionaryArmenian-english/page/leaf27.jpg	body
Անասնագիտութի	Անասնագիտութիւն	s.	unnatural knowledge of a beast, bestiality.	dict-059.png	https://archive.org/download/ANewDictionaryArmenian-english/page/leaf27.jpg	body
Անասնազէն		a.	that sacrifices or immolates beasts.	dict-059.png	https://archive.org/download/ANewDictionaryArmenian-english/page/leaf27.jpg	body
Անասնազէնութիւն		s.	immolation of beasts.	dict-059.png	https://archive.org/download/ANewDictionaryArmenian-english/page/leaf27.jpg	body
Անասնամեղու				dict-059.png	https://archive.org/download/ANewDictionaryArmenian-english/page/leaf27.jpg	body
Անասնամեղութի	Անասնամեղութիւն			dict-059.png	https://archive.org/download/ANewDictionaryArmenian-english/page/leaf27.jpg	body
Անասնամեղութի	Անասնամեղութիւն			dict-059.png	https://archive.org/download/ANewDictionaryArmenian-english/page/leaf27.jpg	body
Անասնամտութի	Անասնամտութիւն	s.	stupidity, dullness.	dict-059.png	https://archive.org/download/ANewDictionaryArmenian-english/page/leaf27.jpg	body
Անասնեղէն				dict-059.png	https://archive.org/download/ANewDictionaryArmenian-english/page/leaf27.jpg	body
Անարօր, Անարօրագիր		a.	uncultivated; waste; intact; chaste.; uncultivated, waste; intact, chaste.	dict-060.png	https://archive.org/download/ANewDictionaryArmenian-english/page/leaf28.jpg	body
Անբանագոյն		a.	very stupid, more irrational or brutal.	dict-060.png	https://archive.org/download/ANewDictionaryArmenian-english/page/leaf28.jpg	body
Անբաւայօդ		a.	composed of innumerable parts.	dict-060.png	https://archive.org/download/ANewDictionaryArmenian-english/page/leaf28.jpg	body
Անգայտագեղ				dict-061.png	https://archive.org/download/ANewDictionaryArmenian-english/page/leaf28.jpg	body
Անգեղագէշ		a.	deformed; ugly.	dict-061.png	https://archive.org/download/ANewDictionaryArmenian-english/page/leaf28.jpg	body
Անգէզ		a.	unspotted; not freckled.	dict-061.png	https://archive.org/download/ANewDictionaryArmenian-english/page/leaf28.jpg	body
Անգինեբրու		a.	that drinks no wine; abstemious.; that drinks no wine, abstemious.	dict-061.png	https://archive.org/download/ANewDictionaryArmenian-english/page/leaf28.jpg	body
Անգոհական				dict-063.png	https://archive.org/download/ANewDictionaryArmenian-english/page/leaf29.jpg	body
Անգոհութիւն		s.	melancholy, grief.	dict-063.png	https://archive.org/download/ANewDictionaryArmenian-english/page/leaf29.jpg	body
Անգոյութի	Անգոյութիւն	s.	nothingness, nothing.	dict-062.png	https://archive.org/download/ANewDictionaryArmenian-english/page/leaf29.jpg	body
Անդամազննութի	Անդամազննութիւն	s.	anatomy	dict-062.png	https://archive.org/download/ANewDictionaryArmenian-english/page/leaf29.jpg	body
Անդժուարանալի		a.	complaisant, easy, gracious, condescending.	dict-062.png	https://archive.org/download/ANewDictionaryArmenian-english/page/leaf29.jpg	body
Անդժուարին		a.	complaisant, easy, gracious, condescending.	dict-062.png	https://archive.org/download/ANewDictionaryArmenian-english/page/leaf29.jpg	body
Անդնդակուլ		a. ad.	swallowed up in an abyss, sunk deeply; to a great depth.	dict-063.png	https://archive.org/download/ANewDictionaryArmenian-english/page/leaf29.jpg	body
Անդնդասուզեալ		a.	plunged, submerged, precipitated in an abyss; engulfed	dict-063.png	https://archive.org/download/ANewDictionaryArmenian-english/page/leaf29.jpg	body
Անդոր				dict-063.png	https://archive.org/download/ANewDictionaryArmenian-english/page/leaf29.jpg	body
Անդպարութիւն				dict-063.png	https://archive.org/download/ANewDictionaryArmenian-english/page/leaf29.jpg	body
Անդրաբերութի	Անդրաբերութիւն	s.	metaphor; transposition.	dict-063.png	https://archive.org/download/ANewDictionaryArmenian-english/page/leaf29.jpg	body
Անդրդրելի		a.	immovable, firm.	dict-062.png	https://archive.org/download/ANewDictionaryArmenian-english/page/leaf29.jpg	body
Անդրիանդագործ				dict-064.png	https://archive.org/download/ANewDictionaryArmenian-english/page/leaf30.jpg	body
Աներեւակայելի		a.	unimaginable.	dict-064.png	https://archive.org/download/ANewDictionaryArmenian-english/page/leaf30.jpg	body
Աներեւութերակ		a.	whose veins are hidden.	dict-064.png	https://archive.org/download/ANewDictionaryArmenian-english/page/leaf30.jpg	body
Աներկեան		a.	safe, free from dan-ger; bold, fearless; certain, doubtless; infallible, faithful; ad. safely, in safety; certainly; boldly, fearlessly.	dict-064.png	https://archive.org/download/ANewDictionaryArmenian-english/page/leaf30.jpg	body
Աներկեանութիւն		s.	safety; confi-dence, security; boldness.	dict-064.png	https://archive.org/download/ANewDictionaryArmenian-english/page/leaf30.jpg	body
Անընտրարար		ad.	indiscreetly, imprudently.	dict-066.png	https://archive.org/download/ANewDictionaryArmenian-english/page/leaf31.jpg	body
Անթիւպատոս		s.	proconsul.; pro-	dict-066.png	https://archive.org/download/ANewDictionaryArmenian-english/page/leaf31.jpg	body
Անիծադրութի	Անիծադրութիւն	s.	malediction, curse, imprecation.	dict-067.png	https://archive.org/download/ANewDictionaryArmenian-english/page/leaf31.jpg	body
Անիմանալիութի	Անիմանալիութիւն	s.	unintelligibility; incomprehensibility.; incomprehensibility.	dict-067.png	https://archive.org/download/ANewDictionaryArmenian-english/page/leaf31.jpg	body
Անիրաւատեաց		a.	that hates the unjust or the injustice.	dict-067.png	https://archive.org/download/ANewDictionaryArmenian-english/page/leaf31.jpg	body
Անլեզու		a.	without a tongue, dumb.	dict-067.png	https://archive.org/download/ANewDictionaryArmenian-english/page/leaf31.jpg	body
Անծապելի			S. Անծամ.	dict-069.png	https://archive.org/download/ANewDictionaryArmenian-english/page/leaf32.jpg	body
Անկատարելութիւն, Անկատարութի	Անկատարութիւն			dict-069.png	https://archive.org/download/ANewDictionaryArmenian-english/page/leaf32.jpg	body
Անկերպագրելի		a.	that cannot be figured; not to be described; unimaginable.	dict-070.png	https://archive.org/download/ANewDictionaryArmenian-english/page/leaf33.jpg	body
Անկերպութի	Անկերպութիւն	s.	deformity.	dict-070.png	https://archive.org/download/ANewDictionaryArmenian-english/page/leaf33.jpg	body
Անկնդրուկ		a.	without incense, - oblation.	dict-070.png	https://archive.org/download/ANewDictionaryArmenian-english/page/leaf33.jpg	body
Անհակառակութի	Անհակառակութիւն	s.	pacific conduct.	dict-071.png	https://archive.org/download/ANewDictionaryArmenian-english/page/leaf33.jpg	body
Անհամոզելի		a.	unpersuadable.	dict-071.png	https://archive.org/download/ANewDictionaryArmenian-english/page/leaf33.jpg	body
Անհանդէտ		a.	not conformable, dissimilar, unequal; inconsequent, not inferible.	dict-071.png	https://archive.org/download/ANewDictionaryArmenian-english/page/leaf33.jpg	body
Անհասակայ, Անհասական, Անհասա-նելի				dict-072.png	https://archive.org/download/ANewDictionaryArmenian-english/page/leaf34.jpg	body
Անհաստատութի	Անհաստատութիւն	s.	inconstancy, in-stability, mutability, frailty: fragility.	dict-072.png	https://archive.org/download/ANewDictionaryArmenian-english/page/leaf34.jpg	body
Անհարթշելի		a.	inevitable; fearless, assured.	dict-072.png	https://archive.org/download/ANewDictionaryArmenian-english/page/leaf34.jpg	body
Անհեղեգ, Անհեթեթ		a.	unfit, inept, foolish, absurd, fantastical, whimsical, grotesque, ridiculous, extravagant, silly, ill-shaped, ill-contrived, awk-ward;; absurdly, fantastically, ridiculously, awkwardly.	dict-072.png	https://archive.org/download/ANewDictionaryArmenian-english/page/leaf34.jpg	body
Անհեղեգութիւն, Անհեթեթութիւն		s.	absurdity, whim, extravagance; awk-wardness, unfitness.	dict-072.png	https://archive.org/download/ANewDictionaryArmenian-english/page/leaf34.jpg	body
Անձկաբեկ		a.	panting with desire, very desirous.; [sirable.	dict-073.png	https://archive.org/download/ANewDictionaryArmenian-english/page/leaf34.jpg	body
Անձնադարով		a.	that blames himself; that blames himself.	dict-074.png	https://archive.org/download/ANewDictionaryArmenian-english/page/leaf35.jpg	body
Անձնանուիրութի, Անձնանուիրումն	Անձնանուիրութիւն	s.	self-devotion, self-sacrifice.	dict-074.png	https://archive.org/download/ANewDictionaryArmenian-english/page/leaf35.jpg	body
Անձնապարար		a.	that pampers himself; dainty; delicate; that pampers himself, dainty, delicate.	dict-074.png	https://archive.org/download/ANewDictionaryArmenian-english/page/leaf35.jpg	body
Անձնապուր, Անձնապուրծ լինել՝ երթալ		vn.	to escape, to fly, to have a narrow escape, to run away.	dict-074.png	https://archive.org/download/ANewDictionaryArmenian-english/page/leaf35.jpg	body
Անձնընտիր առնել		va.	to seek for quiet, tranquillity, ease, to look after one's interests	dict-075.png	https://archive.org/download/ANewDictionaryArmenian-english/page/leaf35.jpg	body
Անձնընտիր լինել		vn.	to seek for quiet, tranquillity, ease, to look after one's interests	dict-075.png	https://archive.org/download/ANewDictionaryArmenian-english/page/leaf35.jpg	body
Անձրեւակաթք				dict-075.png	https://archive.org/download/ANewDictionaryArmenian-english/page/leaf35.jpg	body
Անձրեւաշիթ				dict-075.png	https://archive.org/download/ANewDictionaryArmenian-english/page/leaf35.jpg	body
Անճեմ		a.	without posterity	dict-075.png	https://archive.org/download/ANewDictionaryArmenian-english/page/leaf35.jpg	body
Անմեղագիր		a.	that excuses, pardons	dict-076.png	https://archive.org/download/ANewDictionaryArmenian-english/page/leaf36.jpg	body
Անմեղադրութի	Անմեղադրութիւն	s.	excuse, apology.	dict-076.png	https://archive.org/download/ANewDictionaryArmenian-english/page/leaf36.jpg	body
Անմնացական		a.	inconstant; variable; uncertain; transitory.; inconstant, variable, uncertain, transitory.	dict-076.png	https://archive.org/download/ANewDictionaryArmenian-english/page/leaf36.jpg	body
Անմտագոյն		a.	more or very senseless; foolish; stupid.; more or very senseless, foolish, stupid.	dict-077.png	https://archive.org/download/ANewDictionaryArmenian-english/page/leaf36.jpg	body
Անյայտանութիւն		s.	obscureness; occultness; secretness.; obscureness, occultness, secretness.	dict-077.png	https://archive.org/download/ANewDictionaryArmenian-english/page/leaf36.jpg	body
Անյեղելի		a.	immutable, unchangeable, constant.	dict-077.png	https://archive.org/download/ANewDictionaryArmenian-english/page/leaf36.jpg	body
Անյիշողութի	Անյիշողութիւն	s.	amnesty.	dict-077.png	https://archive.org/download/ANewDictionaryArmenian-english/page/leaf36.jpg	body
Անյիշումն		s.	amnesty.	dict-077.png	https://archive.org/download/ANewDictionaryArmenian-english/page/leaf36.jpg	body
Անյոյլ		a.	inscrutable.	dict-077.png	https://archive.org/download/ANewDictionaryArmenian-english/page/leaf36.jpg	body
Աննաւագնաց		a.	unnavigable.	dict-077.png	https://archive.org/download/ANewDictionaryArmenian-english/page/leaf36.jpg	body
Անշարագիր		a.	uncompounded, simple.	dict-078.png	https://archive.org/download/ANewDictionaryArmenian-english/page/leaf37.jpg	body
Անշուկ		a.	dumb with amazement, astonished, surprised	dict-078.png	https://archive.org/download/ANewDictionaryArmenian-english/page/leaf37.jpg	body
Անուանագրեմ		va.	to give a name to, to name.	dict-079.png	https://archive.org/download/ANewDictionaryArmenian-english/page/leaf37.jpg	body
Անուանագրութիւն		s.	nomenclature.	dict-079.png	https://archive.org/download/ANewDictionaryArmenian-english/page/leaf37.jpg	body
Անունագրեմ				dict-079.png	https://archive.org/download/ANewDictionaryArmenian-english/page/leaf37.jpg	body
Անուրէք		a.	not confined to one place, unbounded, infinite; houseless, homeless.	dict-080.png	https://archive.org/download/ANewDictionaryArmenian-english/page/leaf38.jpg	body
Անչարութի	Անչարութիւն	s.	ingenuousness, goodness, simplicity of character.	dict-080.png	https://archive.org/download/ANewDictionaryArmenian-english/page/leaf38.jpg	body
Անչքանամ		vn.	to become vile, to grow despicable; to grow ugly, to fade.	dict-078.png	https://archive.org/download/ANewDictionaryArmenian-english/page/leaf37.jpg	body
Անչքացուցանեմ		va.	to disfigure, to deform, to spoil.	dict-078.png	https://archive.org/download/ANewDictionaryArmenian-english/page/leaf37.jpg	body
Անպատուագիր		a.	disrespectful.	dict-080.png	https://archive.org/download/ANewDictionaryArmenian-english/page/leaf38.jpg	body
Անպռոյգ		a.	without a dower.	dict-081.png	https://archive.org/download/ANewDictionaryArmenian-english/page/leaf38.jpg	body
Անսիրելութիւն, Անսիրութի	Անսիրութիւն	s.	want of love or affection; antipathy; antipathy.	dict-082.png	https://archive.org/download/ANewDictionaryArmenian-english/page/leaf39.jpg	body
Անսպառութի	Անսպառութիւն	s.	inexhaustible state.	dict-082.png	https://archive.org/download/ANewDictionaryArmenian-english/page/leaf39.jpg	body
Անսրտմտութիւն		s.	good-humour, mild[ness]; good-humour, mildness.	dict-082.png	https://archive.org/download/ANewDictionaryArmenian-english/page/leaf39.jpg	body
Անտէրնչութիւն		s.	anarchy; interregnum.; anarchy, interregnum.	dict-083.png	https://archive.org/download/ANewDictionaryArmenian-english/page/leaf39.jpg	body
Անտէւական		a.	which does not last, inconstant.	dict-083.png	https://archive.org/download/ANewDictionaryArmenian-english/page/leaf39.jpg	body
Անցասուն		a.	soft, affable.	dict-084.png	https://archive.org/download/ANewDictionaryArmenian-english/page/leaf40.jpg	body
Անցիւր		a.	each, every.	dict-084.png	https://archive.org/download/ANewDictionaryArmenian-english/page/leaf40.jpg	body
Անփառ, Անփառապի		a.	inglorious, unhonoured, abject.	dict-084.png	https://archive.org/download/ANewDictionaryArmenian-english/page/leaf40.jpg	body
Անքակութի	Անքակութիւն	s.	indissolubility.	dict-085.png	https://archive.org/download/ANewDictionaryArmenian-english/page/leaf40.jpg	body
Անքաղնելի		a.	intrepid, fearless, bold.	dict-085.png	https://archive.org/download/ANewDictionaryArmenian-english/page/leaf40.jpg	body
Աշխարհանաշ		a.	esteemed or respected by all men.	dict-087.png	https://archive.org/download/ANewDictionaryArmenian-english/page/leaf41.jpg	body
Թարթել or Թարթիլ ական, աչաց			to wink.	dict-249.png	https://archive.org/download/ANewDictionaryArmenian-english/page/leaf122.jpg	body
Ապարահանոց, Ապարահեզ		s.	privy.	dict-090.png	https://archive.org/download/ANewDictionaryArmenian-english/page/leaf43.jpg	body
Ապշութի	Ապշութիւն	s.	s. astonishment, surprise, amazement, stupor; dulness, heaviness, stupidity; lethargy; յ– կործանել, to hebetate; S. Ապշեցուցանեմ; յ– կործանիլ, ընկղմիլ S. Ապշիմ.	dict-090.png	https://archive.org/download/ANewDictionaryArmenian-english/page/leaf43.jpg	body
Ապուղեայ		s.	monkey.	dict-090.png	https://archive.org/download/ANewDictionaryArmenian-english/page/leaf43.jpg	body
Ապտակալից				dict-091.png	https://archive.org/download/ANewDictionaryArmenian-english/page/leaf43.jpg	body
Ապտեմ		va.	to plunder, to pillage, to ravage.; to pillage; to ravage	dict-091.png	https://archive.org/download/ANewDictionaryArmenian-english/page/leaf43.jpg	body
Ապտպարեմ		va.	to recommend.	dict-091.png	https://archive.org/download/ANewDictionaryArmenian-english/page/leaf43.jpg	body
Ապրգում				dict-091.png	https://archive.org/download/ANewDictionaryArmenian-english/page/leaf43.jpg	body
Առագաստաձիգ		a.	that draws the curtain; that veils; that sets sail.	dict-092.png	https://archive.org/download/ANewDictionaryArmenian-english/page/leaf44.jpg	body
Առագրեմ		va.	to attribute, to	dict-092.png	https://archive.org/download/ANewDictionaryArmenian-english/page/leaf44.jpg	body
Առաթուր կոխել՝ առնել՝ հարկանել		va.	to tranple under foot.	dict-092.png	https://archive.org/download/ANewDictionaryArmenian-english/page/leaf44.jpg	body
Առաձգութի	Առաձգութիւն	s.	elasticity; spring.	dict-092.png	https://archive.org/download/ANewDictionaryArmenian-english/page/leaf44.jpg	body
Առաշող		ad.	distinct; distinctly.	dict-093.png	https://archive.org/download/ANewDictionaryArmenian-english/page/leaf44.jpg	body
Առաջակայութիւն		s.	assistance; joint-commission; assistance, joint-commission	dict-093.png	https://archive.org/download/ANewDictionaryArmenian-english/page/leaf44.jpg	body
Առ ետևզ				dict-095.png	https://archive.org/download/ANewDictionaryArmenian-english/page/leaf45.jpg	body
Առ իմէ՞		ad.	why? for what cause or reason?	dict-096.png	https://archive.org/download/ANewDictionaryArmenian-english/page/leaf46.jpg	body
Առլէզ				dict-096.png	https://archive.org/download/ANewDictionaryArmenian-english/page/leaf46.jpg	body
Առակռունք, Առկրունան		s.	counter-	dict-092.png	https://archive.org/download/ANewDictionaryArmenian-english/page/leaf44.jpg	body
Այր եւ ձի, առն եւ ձիոյ		s.	cavalry, horse.	dict-057.png	https://archive.org/download/ANewDictionaryArmenian-english/page/leaf26.jpg	body
Առողոգի		ad.	privately, apart, separately.	dict-098.png	https://archive.org/download/ANewDictionaryArmenian-english/page/leaf47.jpg	body
Առուականք		s.	channel, aqueduct.	dict-098.png	https://archive.org/download/ANewDictionaryArmenian-english/page/leaf47.jpg	body
Առոքատեսիլ				dict-103.png	https://archive.org/download/ANewDictionaryArmenian-english/page/leaf49.jpg	body
Առոքացուցանեմ		va.	to fill, to make full or fat.	dict-103.png	https://archive.org/download/ANewDictionaryArmenian-english/page/leaf49.jpg	body
Առոքութիւն		s.	fulness, abundance, fertility, ripeness.	dict-103.png	https://archive.org/download/ANewDictionaryArmenian-english/page/leaf49.jpg	body
Առպատրաստ		a.	prompt, prepared	dict-098.png	https://archive.org/download/ANewDictionaryArmenian-english/page/leaf47.jpg	body
Ասուեզ		a.	woolly, fleecy.	dict-098.png	https://archive.org/download/ANewDictionaryArmenian-english/page/leaf47.jpg	body
Ասպատանդ		s.	stirrup	dict-098.png	https://archive.org/download/ANewDictionaryArmenian-english/page/leaf47.jpg	body
Ասպարիզաճեմ		a.	that walks in the lists. [race.	dict-099.png	https://archive.org/download/ANewDictionaryArmenian-english/page/leaf47.jpg	body
Ածազոյգ	Աստուածազոյգ	a.	joined by God.	dict-100.png	https://archive.org/download/ANewDictionaryArmenian-english/page/leaf48.jpg	body
Ածընդդէմ	Աստուածընդդէմ	a.	repugnant to God.	dict-101.png	https://archive.org/download/ANewDictionaryArmenian-english/page/leaf48.jpg	body
Ատամնալից առնեմ		va.	to bite.	dict-102.png	https://archive.org/download/ANewDictionaryArmenian-english/page/leaf49.jpg	body
Արագաղ		s.	toil, net to catch animals	dict-103.png	https://archive.org/download/ANewDictionaryArmenian-english/page/leaf49.jpg	body
Արգածին		a.	new-born.	dict-105.png	https://archive.org/download/ANewDictionaryArmenian-english/page/leaf50.jpg	body
Արգատունկ		a.	new planted.	dict-105.png	https://archive.org/download/ANewDictionaryArmenian-english/page/leaf50.jpg	body
Արգնընկէց		a.	tilter	dict-106.png	https://archive.org/download/ANewDictionaryArmenian-english/page/leaf51.jpg	body
Արդարալուկ		a.	justly tormented.	dict-105.png	https://archive.org/download/ANewDictionaryArmenian-english/page/leaf50.jpg	body
Արեւելաժառանգ		a. s.	conqueror or master of the eastern regions.	dict-106.png	https://archive.org/download/ANewDictionaryArmenian-english/page/leaf51.jpg	body
Արեւխլուշտ		a.	ungrateful.	dict-106.png	https://archive.org/download/ANewDictionaryArmenian-english/page/leaf51.jpg	body
Արզն		s.	alum.	dict-106.png	https://archive.org/download/ANewDictionaryArmenian-english/page/leaf51.jpg	body
Արթնութի	Արթնութիւն	s.	watch; want of sleep: vigilance, diligence, precaution, care.	dict-106.png	https://archive.org/download/ANewDictionaryArmenian-english/page/leaf51.jpg	body
Արժանաւորութի	Արժանաւորութիւն	s.	dignity, merit.	dict-107.png	https://archive.org/download/ANewDictionaryArmenian-english/page/leaf51.jpg	body
Արժանընկալ		a.	that is worthy of being received or granted, agreeable.	dict-107.png	https://archive.org/download/ANewDictionaryArmenian-english/page/leaf51.jpg	body
Արժողութի	Արժողութիւն	s.	value, price.	dict-107.png	https://archive.org/download/ANewDictionaryArmenian-english/page/leaf51.jpg	body
Արիութի	Արիութիւն	s.	valour, courage, bravery, boldness, firmness, steadiness.	dict-107.png	https://archive.org/download/ANewDictionaryArmenian-english/page/leaf51.jpg	body
Արծաթսիրութիւն, Արծաթքաղութիւն		s.	love of money; avarice.; love of money, avarice.	dict-108.png	https://archive.org/download/ANewDictionaryArmenian-english/page/leaf52.jpg	body
Արծուառիւծ		s.	griffin.	dict-108.png	https://archive.org/download/ANewDictionaryArmenian-english/page/leaf52.jpg	body
Արճոյլ		s.	hoop-net, net, snare, toils.	dict-110.png	https://archive.org/download/ANewDictionaryArmenian-english/page/leaf53.jpg	body
Արշաւլուրջք		s.	dawn, daybreak, twilight, aurora	dict-110.png	https://archive.org/download/ANewDictionaryArmenian-english/page/leaf53.jpg	body
Արոյր, արուրի		s.	latten, brass.	dict-110.png	https://archive.org/download/ANewDictionaryArmenian-english/page/leaf53.jpg	body
Արջառաշէլ		s.	pizzle; whip.	dict-111.png	https://archive.org/download/ANewDictionaryArmenian-english/page/leaf53.jpg	body
Արջնատեսակ		a.	dull, dark, black, gloomy, sad, melancholy.	dict-111.png	https://archive.org/download/ANewDictionaryArmenian-english/page/leaf53.jpg	body
Արտազեղում		vn.	to extravasate.	dict-111.png	https://archive.org/download/ANewDictionaryArmenian-english/page/leaf53.jpg	body
Արտազեղումն		s.	extravasation.	dict-111.png	https://archive.org/download/ANewDictionaryArmenian-english/page/leaf53.jpg	body
Արտէզ				dict-103.png	https://archive.org/download/ANewDictionaryArmenian-english/page/leaf49.jpg	body
*Սնկուալ or արք		s.	tandour-eye, stove-eye.	dict-679.png	https://archive.org/download/ANewDictionaryArmenian-english/page/leaf337.jpg	body
Արքայկաղնի		s.	walnut-tree or almond-tree.	dict-113.png	https://archive.org/download/ANewDictionaryArmenian-english/page/leaf54.jpg	body
Արօռ		s.	bustard.	dict-113.png	https://archive.org/download/ANewDictionaryArmenian-english/page/leaf54.jpg	body
Արօրադրութի	Արօրադրութիւն	s.	tillage, ploughing.	dict-113.png	https://archive.org/download/ANewDictionaryArmenian-english/page/leaf54.jpg	body
Ախոյան, ից, աց, Ախոյեան, ենի, ից		s.	antagonist, adversary, opponent; rival, competitor: champion, hero; triumpher.; rival, competitor; champion, hero; triumpher.	dict-039.png	https://archive.org/download/ANewDictionaryArmenian-english/page/leaf17.jpg	body
Գնդանամ, ացայ		vn.	to be spherical or round; bot. to bud.	dict-157.png	https://archive.org/download/ANewDictionaryArmenian-english/page/leaf76.jpg	body
Օձանամ, ացեալ		vn.	to become a serpent, or like a serpent; to be changed into a serpent, to turn into a snake	dict-792.png	https://archive.org/download/ANewDictionaryArmenian-english/page/leaf394.jpg	body
Գնամ, ացի		vn.	to go, to walk, to repair; to abandon; to behave one's self, to conduct one's self; to flow, to flow away; to be in circulation; to act, to prevail; to run, to overflow	dict-157.png	https://archive.org/download/ANewDictionaryArmenian-english/page/leaf76.jpg	body
Աւաշ		a.	voice, sound; melody, harmony	dict-114.png	https://archive.org/download/ANewDictionaryArmenian-english/page/leaf55.jpg	body
Աւաշական		a.	tender, mild.	dict-114.png	https://archive.org/download/ANewDictionaryArmenian-english/page/leaf55.jpg	body
Աւետապատճէն				dict-115.png	https://archive.org/download/ANewDictionaryArmenian-english/page/leaf55.jpg	body
Ափիբերան առնել				dict-115.png	https://archive.org/download/ANewDictionaryArmenian-english/page/leaf55.jpg	body
Բազէակալ, Բազէկիր, Բազէպան		a.	that fowls with, carries or has a falcon; falconer; that fowls with, carries or has a falcon, falconer.	dict-116.png	https://archive.org/download/ANewDictionaryArmenian-english/page/leaf56.jpg	body
Բազմագերան		a.	that has many beams.	dict-117.png	https://archive.org/download/ANewDictionaryArmenian-english/page/leaf56.jpg	body
Բազմախարդախ		a.	very false, wicked, mischievous.	dict-117.png	https://archive.org/download/ANewDictionaryArmenian-english/page/leaf56.jpg	body
Բազմամբոխութի	Բազմամբոխութիւն	s.	great multitude of people; tumult, great noise with confusion and disorder.; tumult; great noise with confusion and disorder.	dict-119.png	https://archive.org/download/ANewDictionaryArmenian-english/page/leaf57.jpg	body
Բազմամեքենայ		a.	furnished with many machines; full of machinations; very cunning.; furnished with many machines; full of machinations, very cunning.	dict-119.png	https://archive.org/download/ANewDictionaryArmenian-english/page/leaf57.jpg	body
Բազմամնութիւն		s.	longevity.	dict-119.png	https://archive.org/download/ANewDictionaryArmenian-english/page/leaf57.jpg	body
Բազմավանկ		a.	polysyllabic.	dict-120.png	https://archive.org/download/ANewDictionaryArmenian-english/page/leaf58.jpg	body
Բալամիգ		a.	nebulous; misty; foggy; nebulous, misty, foggy	dict-122.png	https://archive.org/download/ANewDictionaryArmenian-english/page/leaf59.jpg	body
Բախտագէտ		a.	prophetical; diviner; foreteller.; s. diviner, foreteller.	dict-122.png	https://archive.org/download/ANewDictionaryArmenian-english/page/leaf59.jpg	body
Բախտաւորութի	Բախտաւորութիւն	s.	happiness, good fortune, luck.	dict-122.png	https://archive.org/download/ANewDictionaryArmenian-english/page/leaf59.jpg	body
Բաղագան		a.	suitable.	dict-122.png	https://archive.org/download/ANewDictionaryArmenian-english/page/leaf59.jpg	body
Բաղագանեմ		va.	to conform; to make conformable.; to conform, to make conformable.	dict-122.png	https://archive.org/download/ANewDictionaryArmenian-english/page/leaf59.jpg	body
Բաղագանութիւն		s.	fitness; relation; conformity; connection; alliance.; fitness, relation, conformity, connection	dict-122.png	https://archive.org/download/ANewDictionaryArmenian-english/page/leaf59.jpg	body
Բաղագանումն		s.	fitness; relation; conformity; connection; alliance.	dict-122.png	https://archive.org/download/ANewDictionaryArmenian-english/page/leaf59.jpg	body
Բաղանապան		s. sf.	bath-keeper; bather; bath-woman.	dict-122.png	https://archive.org/download/ANewDictionaryArmenian-english/page/leaf59.jpg	body
Բաղբանջանք				dict-123.png	https://archive.org/download/ANewDictionaryArmenian-english/page/leaf59.jpg	body
Բաղդեմ		va.	to join	dict-123.png	https://archive.org/download/ANewDictionaryArmenian-english/page/leaf59.jpg	body
Բաղխար		s.	stone-bow; cross-bow; catapult; dart, arrow; small dagger; small dagger.	dict-123.png	https://archive.org/download/ANewDictionaryArmenian-english/page/leaf59.jpg	body
Բաղպան		s.	sacerdotal maniple; bracelet.; sacerdotal maniple; bracelet.	dict-121.png	https://archive.org/download/ANewDictionaryArmenian-english/page/leaf58.jpg	body
Բաղջակ		s. bot.	bot. acorus; yellow water-flag.; yellow water-flag.	dict-123.png	https://archive.org/download/ANewDictionaryArmenian-english/page/leaf59.jpg	body
Բաղջուկ				dict-123.png	https://archive.org/download/ANewDictionaryArmenian-english/page/leaf59.jpg	body
Բանագնաց լինել			to parley, to enter into a treaty of peace.; to enter into a treaty of peace.	dict-124.png	https://archive.org/download/ANewDictionaryArmenian-english/page/leaf60.jpg	body
Բանալէպան				dict-124.png	https://archive.org/download/ANewDictionaryArmenian-english/page/leaf60.jpg	body
Բանակատեղ, Բանակետեղ, ետեղ, ղաց		s.	camp; campaign; place where an army is encamped.; camp, campaign, place where an army is encamped.	dict-124.png	https://archive.org/download/ANewDictionaryArmenian-english/page/leaf60.jpg	body
Բանակորով		a.	eloquent.	dict-124.png	https://archive.org/download/ANewDictionaryArmenian-english/page/leaf60.jpg	body
Բանակցութի	Բանակցութիւն	s.	conference, parley.	dict-124.png	https://archive.org/download/ANewDictionaryArmenian-english/page/leaf60.jpg	body
Բանաստեղծութի	Բանաստեղծութիւն	s.	poetry; poem.	dict-125.png	https://archive.org/download/ANewDictionaryArmenian-english/page/leaf60.jpg	body
Բանավճար				dict-125.png	https://archive.org/download/ANewDictionaryArmenian-english/page/leaf60.jpg	body
Բանարարութի	Բանարարութիւն	s.	composition, work of sense; poem, poetry; *delegation, deputation.	dict-125.png	https://archive.org/download/ANewDictionaryArmenian-english/page/leaf60.jpg	body
Բանդագուշեմ		vn.	to talk extravagantly, to talk nonsense, to rave, to dote; to vacillate, to totter, to stagger.	dict-125.png	https://archive.org/download/ANewDictionaryArmenian-english/page/leaf60.jpg	body
Բանդիոն				dict-125.png	https://archive.org/download/ANewDictionaryArmenian-english/page/leaf60.jpg	body
Բանիկ, բանկունք		a.	tale, story, trifle, bawble.	dict-125.png	https://archive.org/download/ANewDictionaryArmenian-english/page/leaf60.jpg	body
Բանկայ, բանքեան		a.	confidential, authorized, accredited, estimable, influential.	dict-125.png	https://archive.org/download/ANewDictionaryArmenian-english/page/leaf60.jpg	body
Բաչիւն				dict-126.png	https://archive.org/download/ANewDictionaryArmenian-english/page/leaf61.jpg	body
Բառնիմ		vp.	to be carried or brought; to liken, to compare; to be taken away; to be destroyed; to be estinguished	dict-126.png	https://archive.org/download/ANewDictionaryArmenian-english/page/leaf61.jpg	body
Ընդարձակապէս, -բար		ad.	widely, amply.	dict-232.png	https://archive.org/download/ANewDictionaryArmenian-english/page/leaf114.jpg	body
Բարակավիզ		a.	a skinny neck; a long or thin neck.	dict-126.png	https://archive.org/download/ANewDictionaryArmenian-english/page/leaf61.jpg	body
Բարիյորդոր		a.	that exhorts to good things; well inclined, very willing.	dict-129.png	https://archive.org/download/ANewDictionaryArmenian-english/page/leaf62.jpg	body
Բարձաձգութի	Բարձաձգութիւն	s.	search of dignity, pursuit of honour; competition; rivalry; ambition.; search of dignity, pursuit of honour; competition, rivalry, ambition.	dict-130.png	https://archive.org/download/ANewDictionaryArmenian-english/page/leaf63.jpg	body
Բարձառու լինիմ		vn.	to obtain some dignity.	dict-130.png	https://archive.org/download/ANewDictionaryArmenian-english/page/leaf63.jpg	body
Բարձկենեար, ներոյ		s. pl.	small cu-	dict-130.png	https://archive.org/download/ANewDictionaryArmenian-english/page/leaf63.jpg	body
Բարձունենեակ, նեկաց		s. bot.	south-ernwood.	dict-130.png	https://archive.org/download/ANewDictionaryArmenian-english/page/leaf63.jpg	body
Բարձրաբազուկ		a.	that has a strong arm; strong hand; valiant; vigorous.; that has a strong arm, strong hand, valiant; vigorous.	dict-130.png	https://archive.org/download/ANewDictionaryArmenian-english/page/leaf63.jpg	body
Բարձրագէզ		a.	much accumulated.	dict-131.png	https://archive.org/download/ANewDictionaryArmenian-english/page/leaf63.jpg	body
Բարձրաչափութիւն		s.	altimetry.	dict-131.png	https://archive.org/download/ANewDictionaryArmenian-english/page/leaf63.jpg	body
Բարոյագիտութի	Բարոյագիտութիւն	s.	moral, morality.; morality.	dict-131.png	https://archive.org/download/ANewDictionaryArmenian-english/page/leaf63.jpg	body
Բացադէմ		a.	bold-faced; shameless.	dict-132.png	https://archive.org/download/ANewDictionaryArmenian-english/page/leaf64.jpg	body
Բացատրելի		a.	explainable, expressible.	dict-133.png	https://archive.org/download/ANewDictionaryArmenian-english/page/leaf64.jpg	body
Բաւղակ		s.	maze, labyrinth.	dict-133.png	https://archive.org/download/ANewDictionaryArmenian-english/page/leaf64.jpg	body
Բեգեկ		s.	repair.	dict-133.png	https://archive.org/download/ANewDictionaryArmenian-english/page/leaf64.jpg	body
Բեզէկ		s.	sun; light; thunderbolt.	dict-133.png	https://archive.org/download/ANewDictionaryArmenian-english/page/leaf64.jpg	body
Բեմք		s.	step; sanctuary; seat, bench, bar; tribunal.; step; sanctuary; seat, bench, bar; tribunal.	dict-134.png	https://archive.org/download/ANewDictionaryArmenian-english/page/leaf65.jpg	body
Բերդակալեանք		s. pl.	guard of a fortress, garrison.	dict-134.png	https://archive.org/download/ANewDictionaryArmenian-english/page/leaf65.jpg	body
Բժոռ		a.	bleared.	dict-136.png	https://archive.org/download/ANewDictionaryArmenian-english/page/leaf66.jpg	body
Հաղրք, բից		s.	springe, snare, noose, trap;; snare, toils;	dict-403.png	https://archive.org/download/ANewDictionaryArmenian-english/page/leaf199.jpg	body
Բլչակն		s. a.	cover, lid; that has a cataract in the eye, blind.	dict-136.png	https://archive.org/download/ANewDictionaryArmenian-english/page/leaf66.jpg	body
Բլչակնիմ		vn.	to have a cataract in the eye.	dict-136.png	https://archive.org/download/ANewDictionaryArmenian-english/page/leaf66.jpg	body
Բլչակնութիւն		s.	state of a person who has a cataract or web in the eye, obscurity of vision.	dict-136.png	https://archive.org/download/ANewDictionaryArmenian-english/page/leaf66.jpg	body
Բլչանամ				dict-136.png	https://archive.org/download/ANewDictionaryArmenian-english/page/leaf66.jpg	body
Բլչացուցանեմ		va.	to obscure the sight, to blind; to blunt, to rust.	dict-136.png	https://archive.org/download/ANewDictionaryArmenian-english/page/leaf66.jpg	body
Բղուկ, Բղուզ		s.	pot, earthen vessel.	dict-136.png	https://archive.org/download/ANewDictionaryArmenian-english/page/leaf66.jpg	body
Բճիճ, բճճաց		s.	cell of a honeycomb.	dict-137.png	https://archive.org/download/ANewDictionaryArmenian-english/page/leaf66.jpg	body
Բնագիտութիւն		s.	physics.	dict-137.png	https://archive.org/download/ANewDictionaryArmenian-english/page/leaf66.jpg	body
Բոբոզոն		s.	buffalo.	dict-138.png	https://archive.org/download/ANewDictionaryArmenian-english/page/leaf67.jpg	body
Բոզարած		a.	whoremonger; whoremaster; that keeps a strumpet; that frequents brothels; lewd; lecherous; lecher.; whoremonger, whoremaster, that keeps a strumpet, that frequents brothels, lewd, lecherous, lecher.	dict-138.png	https://archive.org/download/ANewDictionaryArmenian-english/page/leaf67.jpg	body
Բոհրոհեմ		vn.	to foam, to slaver; to grunt.; to grunt.	dict-138.png	https://archive.org/download/ANewDictionaryArmenian-english/page/leaf67.jpg	body
Բոշայ		s.	gipsy man or woman.	dict-139.png	https://archive.org/download/ANewDictionaryArmenian-english/page/leaf67.jpg	body
Բոշոյ		s.	nag.	dict-139.png	https://archive.org/download/ANewDictionaryArmenian-english/page/leaf67.jpg	body
Բորեզ		S.		dict-139.png	https://archive.org/download/ANewDictionaryArmenian-english/page/leaf67.jpg	body
Բորկոնթ		s.	thistle.	dict-139.png	https://archive.org/download/ANewDictionaryArmenian-english/page/leaf67.jpg	body
Բորոտեմ		Բորոտեցուցանեմ, ուցի va.	to render leprous or scurvy.	dict-139.png	https://archive.org/download/ANewDictionaryArmenian-english/page/leaf67.jpg	body
Բորոտեցուցանեմ		va.	to render leprous or scurvy.	dict-139.png	https://archive.org/download/ANewDictionaryArmenian-english/page/leaf67.jpg	body
Բջլախոհ		a.	luxurious, lascivious, lewd, lecherous.	dict-137.png	https://archive.org/download/ANewDictionaryArmenian-english/page/leaf66.jpg	body
Բջլախոհութիւն		s.	luxury, licentiousness, incontinence, lasciviousness.	dict-137.png	https://archive.org/download/ANewDictionaryArmenian-english/page/leaf66.jpg	body
Բռնադրասեմ				dict-141.png	https://archive.org/download/ANewDictionaryArmenian-english/page/leaf68.jpg	body
Բռնապատակ		s.	blow with the fist; fisticuffs; blow with the fist, fisticuffs	dict-141.png	https://archive.org/download/ANewDictionaryArmenian-english/page/leaf68.jpg	body
Բռտեմ				dict-141.png	https://archive.org/download/ANewDictionaryArmenian-english/page/leaf68.jpg	body
Բրգեմ		va.	to crumble	dict-141.png	https://archive.org/download/ANewDictionaryArmenian-english/page/leaf68.jpg	body
Բրդզգեալ		a.	ragged; tattered; ragged, tattered.	dict-141.png	https://archive.org/download/ANewDictionaryArmenian-english/page/leaf68.jpg	body
Գաբայաթ		s.	home, house.	dict-147.png	https://archive.org/download/ANewDictionaryArmenian-english/page/leaf71.jpg	body
Գագաջիմ		vn.		dict-142.png	https://archive.org/download/ANewDictionaryArmenian-english/page/leaf69.jpg	body
Գազանաբարուութիւն		s.	bestiality; cruelty.	dict-142.png	https://archive.org/download/ANewDictionaryArmenian-english/page/leaf69.jpg	body
Գազանագէզ		a.	torn by a wild beast.	dict-142.png	https://archive.org/download/ANewDictionaryArmenian-english/page/leaf69.jpg	body
Գազանակեաց		a.	that lives like a beast; brutal, beastly.; brutal, beastly,	dict-142.png	https://archive.org/download/ANewDictionaryArmenian-english/page/leaf69.jpg	body
Գալարագի		a.	pitiful; that has a tender heart.; pitiful, that has a tender heart.	dict-143.png	https://archive.org/download/ANewDictionaryArmenian-english/page/leaf69.jpg	body
Գահուլ		s.	a hunter's net.	dict-143.png	https://archive.org/download/ANewDictionaryArmenian-english/page/leaf69.jpg	body
Գաղճն		s.	bot. monk's rhubarb.	dict-143.png	https://archive.org/download/ANewDictionaryArmenian-english/page/leaf69.jpg	body
Գաղտակծութի	Գաղտակծութիւն	s.	cheat, imposture.	dict-144.png	https://archive.org/download/ANewDictionaryArmenian-english/page/leaf70.jpg	body
Գաղտամէտս		ad.	secretly, artfully, cunningly, cheatingly.	dict-144.png	https://archive.org/download/ANewDictionaryArmenian-english/page/leaf70.jpg	body
Գաղտիկրայ		s.	oyster; mother-of-pearl.	dict-144.png	https://archive.org/download/ANewDictionaryArmenian-english/page/leaf70.jpg	body
Գաղտնաշշունջ		a.	that speaks or whispers in secret, informer.	dict-144.png	https://archive.org/download/ANewDictionaryArmenian-english/page/leaf70.jpg	body
Գամագիծ գտանեմ, Գամագիւտ or Գամագիւտ լինիմ		va.	to find means or place, to take, to lay, to have hold; to find the means of vanquishing or to wrong, to obtain one's intention or de- sign; to succeed; ոչինչ – լինել, to suc- ceed never; իբրև չլինէր – պաշարմանն, despairing to take the city by siege.; to find the means of vanquishing or to wrong, to obtain one's intention or design; to succeed	dict-145.png	https://archive.org/download/ANewDictionaryArmenian-english/page/leaf70.jpg	body
Գամագիծ գտանեմ, Գամագիւտ or Գամագիւտ լինիմ		va.	to find means or place, to take, to lay, to have hold; to find the means of vanquishing or to wrong, to obtain one's intention or de- sign; to succeed; ոչինչ – լինել, to suc- ceed never; իբրև չլինէր – պաշարմանն, despairing to take the city by siege.; to find the means of vanquishing or to wrong, to obtain one's intention or design; to succeed	dict-145.png	https://archive.org/download/ANewDictionaryArmenian-english/page/leaf70.jpg	body
Գանդ		S.		dict-145.png	https://archive.org/download/ANewDictionaryArmenian-english/page/leaf70.jpg	body
Գառնազէն		a.	belonging to the paschal lamb; belonging to the pascal lamb	dict-146.png	https://archive.org/download/ANewDictionaryArmenian-english/page/leaf71.jpg	body
Գարօղի		s.	beer.	dict-147.png	https://archive.org/download/ANewDictionaryArmenian-english/page/leaf71.jpg	body
Գաւառասէր		s.	master, prefect, governor of a province.	dict-147.png	https://archive.org/download/ANewDictionaryArmenian-english/page/leaf71.jpg	body
Գաւարտ		s.	yellow millet.	dict-147.png	https://archive.org/download/ANewDictionaryArmenian-english/page/leaf71.jpg	body
Գոգի, գւոյ, գեաց		a.	leprous; vene	dict-157.png	https://archive.org/download/ANewDictionaryArmenian-english/page/leaf76.jpg	body
Գեգդուր				dict-147.png	https://archive.org/download/ANewDictionaryArmenian-english/page/leaf71.jpg	body
Գել, գելք		s.	tight, stiff; intwined, twisted.	dict-147.png	https://archive.org/download/ANewDictionaryArmenian-english/page/leaf71.jpg	body
Գեհենակոտ		a.	infer-	dict-147.png	https://archive.org/download/ANewDictionaryArmenian-english/page/leaf71.jpg	body
Գեհէն		s.	gehenna, hell.	dict-147.png	https://archive.org/download/ANewDictionaryArmenian-english/page/leaf71.jpg	body
Գեղաշէշ		a.	pretty, genteel, charming.	dict-148.png	https://archive.org/download/ANewDictionaryArmenian-english/page/leaf72.jpg	body
Գեղապարութի	Գեղապարութիւն	s.	dance or agreeable movement of the feet.	dict-148.png	https://archive.org/download/ANewDictionaryArmenian-english/page/leaf72.jpg	body
Գեղապճնեմ		va.	to adorn, to embellish, to deck, to decorate.	dict-148.png	https://archive.org/download/ANewDictionaryArmenian-english/page/leaf72.jpg	body
Գեղեցկասիրութի	Գեղեցկասիրութիւն	s.	love of beauty.	dict-149.png	https://archive.org/download/ANewDictionaryArmenian-english/page/leaf72.jpg	body
Գեղմնաւէտ		a.	woolly, hairy.	dict-149.png	https://archive.org/download/ANewDictionaryArmenian-english/page/leaf72.jpg	body
Գեղջէրէց		s.	country priest.	dict-149.png	https://archive.org/download/ANewDictionaryArmenian-english/page/leaf72.jpg	body
Գեղօրէք		s. pl.	villages, fields.	dict-149.png	https://archive.org/download/ANewDictionaryArmenian-english/page/leaf72.jpg	body
Գետակէզ		a.	drowned or suffocated in a river;	dict-149.png	https://archive.org/download/ANewDictionaryArmenian-english/page/leaf72.jpg	body
Գետամէջ		s.	the space between two rivers.	dict-150.png	https://archive.org/download/ANewDictionaryArmenian-english/page/leaf73.jpg	body
Գետասոյզ		va.	to drown, to throw in the river	dict-150.png	https://archive.org/download/ANewDictionaryArmenian-english/page/leaf73.jpg	body
գետնախնձորօք			beefsteak with potatoes.	dict-364.png	https://archive.org/download/ANewDictionaryArmenian-english/page/leaf180.jpg	body
Գետնախշտիմ		vn.	to stretch one's self, to lie on the ground.	dict-150.png	https://archive.org/download/ANewDictionaryArmenian-english/page/leaf73.jpg	body
Գժգժիմ		vn.	to pout, to be sulky with, angry, offended, in a passion; to take offence.	dict-152.png	https://archive.org/download/ANewDictionaryArmenian-english/page/leaf74.jpg	body
Գինեգէն		a.	tipsy, intoxicated.	dict-153.png	https://archive.org/download/ANewDictionaryArmenian-english/page/leaf74.jpg	body
Գինեծախ				dict-153.png	https://archive.org/download/ANewDictionaryArmenian-english/page/leaf74.jpg	body
Գիշերաժամ		s.	hour of night; nocturn.; hour of night; nocturn.	dict-154.png	https://archive.org/download/ANewDictionaryArmenian-english/page/leaf75.jpg	body
Գիտագոյն		a.	more learned.	dict-154.png	https://archive.org/download/ANewDictionaryArmenian-english/page/leaf75.jpg	body
Կշռաբանութի, -գիտուի	Կշռաբանութիւն	s.	statics.	dict-385.png	https://archive.org/download/ANewDictionaryArmenian-english/page/leaf190.jpg	body
Գիրութի	Գիրութիւն	s.	plumpness, corpulence.	dict-155.png	https://archive.org/download/ANewDictionaryArmenian-english/page/leaf75.jpg	body
Գլխագարութի	Գլխագարութիւն	s.	head-ache; madness; giddiness.	dict-155.png	https://archive.org/download/ANewDictionaryArmenian-english/page/leaf75.jpg	body
Գլխակառ		a.	headstrong; bold, impudent; bold, impudent.	dict-155.png	https://archive.org/download/ANewDictionaryArmenian-english/page/leaf75.jpg	body
Զիւրովին երթալ, գնալ			to kill one's self, to put one's self to death.	dict-220.png	https://archive.org/download/ANewDictionaryArmenian-english/page/leaf108.jpg	body
Գոգենոց				dict-157.png	https://archive.org/download/ANewDictionaryArmenian-english/page/leaf76.jpg	body
Գոգի, գւոյ, գեաց		a.	leprous; vene	dict-157.png	https://archive.org/download/ANewDictionaryArmenian-english/page/leaf76.jpg	body
Գոգութիւն		s.	leprosy; syphilis.	dict-157.png	https://archive.org/download/ANewDictionaryArmenian-english/page/leaf76.jpg	body
Գոլշի, Գոլորշի		s.	vapour, exhalation, smoke, expiration.	dict-158.png	https://archive.org/download/ANewDictionaryArmenian-english/page/leaf77.jpg	body
Գոհացողութիւն, Գոհութի	Գոհութիւն	s.	grace; thanksgiving; thanks; grace, thanksgiving, thanks	dict-158.png	https://archive.org/download/ANewDictionaryArmenian-english/page/leaf77.jpg	body
Գողբերան		s.	urethra.	dict-157.png	https://archive.org/download/ANewDictionaryArmenian-english/page/leaf76.jpg	body
Գողտրարարբառ		a.	who has a fine language or tender voice, soft or gentle in speaking; alluring.; alluring.	dict-158.png	https://archive.org/download/ANewDictionaryArmenian-english/page/leaf77.jpg	body
Գոճագմ		s.	turkois; lapis lazuli.	dict-158.png	https://archive.org/download/ANewDictionaryArmenian-english/page/leaf77.jpg	body
Գոճամորու		s. bot.	salsify, goat's beard.	dict-158.png	https://archive.org/download/ANewDictionaryArmenian-english/page/leaf77.jpg	body
Գոյականութի	Գոյականութիւն	s.	existence, essence.	dict-158.png	https://archive.org/download/ANewDictionaryArmenian-english/page/leaf77.jpg	body
Գոյափոխութի	Գոյափոխութիւն	s.	transubstantiation.	dict-158.png	https://archive.org/download/ANewDictionaryArmenian-english/page/leaf77.jpg	body
Գո՛յզ, Գո՛ւշ, Գո՛ւց թէ, Գո՛ւց ուրեք		ad.	God preserve us from it, God forbid; take care.; take care.	dict-159.png	https://archive.org/download/ANewDictionaryArmenian-english/page/leaf77.jpg	body
Գոյիբաստակ		s.	a kind of aromatic.	dict-159.png	https://archive.org/download/ANewDictionaryArmenian-english/page/leaf77.jpg	body
Գոռոջ		s.	noise, shriek, cry.	dict-159.png	https://archive.org/download/ANewDictionaryArmenian-english/page/leaf77.jpg	body
Գործակցութի	Գործակցութիւն	s.	cooperation, concurrence, coadjuvancy.	dict-160.png	https://archive.org/download/ANewDictionaryArmenian-english/page/leaf78.jpg	body
Գործունէութի	Գործունէութիւն	s.	efficacy; activity.	dict-160.png	https://archive.org/download/ANewDictionaryArmenian-english/page/leaf78.jpg	body
Գորշապահանդ		s.	ear-drop, ear-ring.	dict-160.png	https://archive.org/download/ANewDictionaryArmenian-english/page/leaf78.jpg	body
Գորովանօք		ad.	tenderly.	dict-160.png	https://archive.org/download/ANewDictionaryArmenian-english/page/leaf78.jpg	body
Գուժասար, Գուժասու, Գուժարկու				dict-161.png	https://archive.org/download/ANewDictionaryArmenian-english/page/leaf78.jpg	body
Գուժասար, Գուժասու, Գուժարկու				dict-161.png	https://archive.org/download/ANewDictionaryArmenian-english/page/leaf78.jpg	body
Գում		s.	handful.	dict-161.png	https://archive.org/download/ANewDictionaryArmenian-english/page/leaf78.jpg	body
Գումարահոլով				dict-161.png	https://archive.org/download/ANewDictionaryArmenian-english/page/leaf78.jpg	body
Գունդ Գունդ, Գունդագունդ		ad. a.	in several regiments; in a crowd, like a crowd; large, much.	dict-162.png	https://archive.org/download/ANewDictionaryArmenian-english/page/leaf79.jpg	body
Գունճ		s.	knee, knees	dict-161.png	https://archive.org/download/ANewDictionaryArmenian-english/page/leaf78.jpg	body
Գուշակութի, Գուշակումն	Գուշակութիւն	s.	prophecy; presage, omen, prognostic; augury, auspice, divination, denunciation.	dict-162.png	https://archive.org/download/ANewDictionaryArmenian-english/page/leaf79.jpg	body
Գո՛յզ, Գո՛ւշ, Գո՛ւց թէ, Գո՛ւց ուրեք		ad.	God preserve us from it, God forbid; take care.; take care.	dict-159.png	https://archive.org/download/ANewDictionaryArmenian-english/page/leaf77.jpg	body
Գո՛յզ, Գո՛ւշ, Գո՛ւց թէ, Գո՛ւց ուրեք		ad.	God preserve us from it, God forbid; take care.; take care.	dict-159.png	https://archive.org/download/ANewDictionaryArmenian-english/page/leaf77.jpg	body
Գռռամ		vn.	to croak; to gargle, to bubble.	dict-162.png	https://archive.org/download/ANewDictionaryArmenian-english/page/leaf79.jpg	body
Գրադարձ		s.	the dividing of words into syllables for the end of the line.	dict-162.png	https://archive.org/download/ANewDictionaryArmenian-english/page/leaf79.jpg	body
Գրադէզ		s.	ink.	dict-163.png	https://archive.org/download/ANewDictionaryArmenian-english/page/leaf79.jpg	body
Գրապահ տեղի ծր տուն			archives; library.	dict-163.png	https://archive.org/download/ANewDictionaryArmenian-english/page/leaf79.jpg	body
Ձեռնագիր, գրաց		s.	signature; - արկանել, to put one's - or name to, to sign; -գրեմ Տ. Ձեռա- ;	dict-463.png	https://archive.org/download/ANewDictionaryArmenian-english/page/leaf229.jpg	body
Գրգռամ		vn.	to grunt; to murmur.	dict-163.png	https://archive.org/download/ANewDictionaryArmenian-english/page/leaf79.jpg	body
Գրգռեցուցանեմ		va.	to irritate; to excite; to provoke; to incite; to alarm; to inflame; to instigate; to move; to foment; to nettle; to urge; to rekindle; to revive; to rouse; to rebel.; to irritate, to excite, to provoke; to incite, to alarm, to inflame, to instigate, to move, to foment, to nettle, to urge, to rekindle, to revive, to rouse, to rebel.	dict-163.png	https://archive.org/download/ANewDictionaryArmenian-english/page/leaf79.jpg	body
Գրլիք				dict-164.png	https://archive.org/download/ANewDictionaryArmenian-english/page/leaf80.jpg	body
Գրկոյք, Գրկունք, Գրկուք				dict-164.png	https://archive.org/download/ANewDictionaryArmenian-english/page/leaf80.jpg	body
Գրկոյք, Գրկունք, Գրկուք				dict-164.png	https://archive.org/download/ANewDictionaryArmenian-english/page/leaf80.jpg	body
Գրմռունչ		s.	bird's crop.	dict-164.png	https://archive.org/download/ANewDictionaryArmenian-english/page/leaf80.jpg	body
Գոգի, գւոյ, գեաց		a.	leprous; vene	dict-157.png	https://archive.org/download/ANewDictionaryArmenian-english/page/leaf76.jpg	body
Գօտեկռիւ, Գօտէմարտ		s.	wrestler	dict-164.png	https://archive.org/download/ANewDictionaryArmenian-english/page/leaf80.jpg	body
Գօտեկռուութիւն				dict-164.png	https://archive.org/download/ANewDictionaryArmenian-english/page/leaf80.jpg	body
Գօտէմարտութ		s.	wrestling, struggle.	dict-164.png	https://archive.org/download/ANewDictionaryArmenian-english/page/leaf80.jpg	body
Դադ				dict-165.png	https://archive.org/download/ANewDictionaryArmenian-english/page/leaf80.jpg	body
Դալկահար, Դալկաւոր, Դալկոտ		a.	icterical.	dict-166.png	https://archive.org/download/ANewDictionaryArmenian-english/page/leaf81.jpg	body
Դահումճ		s.	god-wit; heath-cock.	dict-166.png	https://archive.org/download/ANewDictionaryArmenian-english/page/leaf81.jpg	body
Դայեկութի	Դայեկութիւն	s.	nurse's office; bringing up, education.	dict-166.png	https://archive.org/download/ANewDictionaryArmenian-english/page/leaf81.jpg	body
Դանդ, Դանկ		s.	mite, penny, obole.	dict-166.png	https://archive.org/download/ANewDictionaryArmenian-english/page/leaf81.jpg	body
Դանդաշուն		S.		dict-166.png	https://archive.org/download/ANewDictionaryArmenian-english/page/leaf81.jpg	body
Դանդիւն		s.	sepulchral darkness, horror or rottenness.	dict-166.png	https://archive.org/download/ANewDictionaryArmenian-english/page/leaf81.jpg	body
Դաշնագրութիւն		s.	contract, pact, covenant, treaty, compact, engagement; stipulation; capitulation; alliance.	dict-167.png	https://archive.org/download/ANewDictionaryArmenian-english/page/leaf81.jpg	body
Դաշնակռումն		s.	harmony.	dict-167.png	https://archive.org/download/ANewDictionaryArmenian-english/page/leaf81.jpg	body
Դաշնաւորութի	Դաշնաւորութիւն	s.	federacy, league.; convention; con-federacy, league.	dict-167.png	https://archive.org/download/ANewDictionaryArmenian-english/page/leaf81.jpg	body
Դառնադաժան		a.	very bitter.	dict-167.png	https://archive.org/download/ANewDictionaryArmenian-english/page/leaf81.jpg	body
Դաստակետեղ		s.	place where one rests the wrist or hand.	dict-168.png	https://archive.org/download/ANewDictionaryArmenian-english/page/leaf82.jpg	body
Դարպասապան		s.	courtier.	dict-171.png	https://archive.org/download/ANewDictionaryArmenian-english/page/leaf83.jpg	body
Դաւադիր, Դաւագործ		a. s.	factious; contriver.	dict-171.png	https://archive.org/download/ANewDictionaryArmenian-english/page/leaf83.jpg	body
Դաւաճանաբար, Դաւաճանեալ		ad.	deceitfully; craftily; slily.; deceitfully, craftily, slily.	dict-171.png	https://archive.org/download/ANewDictionaryArmenian-english/page/leaf83.jpg	body
Դափնային		a.	of laurel.	dict-165.png	https://archive.org/download/ANewDictionaryArmenian-english/page/leaf80.jpg	body
Դգըշեմ, Դգնչեմ		S.		dict-171.png	https://archive.org/download/ANewDictionaryArmenian-english/page/leaf83.jpg	body
Դգըշիւն, Դգըշումն, Դըգընչումն		s.	noise, murmuring of a river; uproar, noise, cry.	dict-171.png	https://archive.org/download/ANewDictionaryArmenian-english/page/leaf83.jpg	body
Դգըշիւն, Դգըշումն, Դըգընչումն		s.	noise, murmuring of a river; uproar, noise, cry.	dict-171.png	https://archive.org/download/ANewDictionaryArmenian-english/page/leaf83.jpg	body
Դգըշեմ, Դգնչեմ		S.		dict-171.png	https://archive.org/download/ANewDictionaryArmenian-english/page/leaf83.jpg	body
Ախոնդանք, նաց, Ախոնդիք, դեաց		s. pl.	hypochondria: entrails, intestines, pluck.	dict-039.png	https://archive.org/download/ANewDictionaryArmenian-english/page/leaf17.jpg	body
Դեգեւեմ		va.	to vacillate, to stagger, to totter.	dict-172.png	https://archive.org/download/ANewDictionaryArmenian-english/page/leaf84.jpg	body
Դեգեւիմ		vn.	to vacillate, to totter, to waver, to shake, to fluctuate.	dict-172.png	https://archive.org/download/ANewDictionaryArmenian-english/page/leaf84.jpg	body
Դեգեւկոտ		a.	vacillating, wavering.	dict-172.png	https://archive.org/download/ANewDictionaryArmenian-english/page/leaf84.jpg	body
Դեգեւումն		s.	vacillation, unsteadiness, uncertainty, irresolution.	dict-172.png	https://archive.org/download/ANewDictionaryArmenian-english/page/leaf84.jpg	body
Դեղագիր		a.	who applies a plaister or administers medicine;; hair-pencil to dye the eyes.	dict-172.png	https://archive.org/download/ANewDictionaryArmenian-english/page/leaf84.jpg	body
Դեղնգեղ				dict-172.png	https://archive.org/download/ANewDictionaryArmenian-english/page/leaf84.jpg	body
Դեռագեռ		a.	recent, new; re-cently, newly.	dict-173.png	https://archive.org/download/ANewDictionaryArmenian-english/page/leaf84.jpg	body
Դեռպակ		s.	litter, palankeen.	dict-173.png	https://archive.org/download/ANewDictionaryArmenian-english/page/leaf84.jpg	body
Դեւապետ		s.	Satan.	dict-173.png	https://archive.org/download/ANewDictionaryArmenian-english/page/leaf84.jpg	body
Դէգ		a.	odd, fantastical, morose, difficult, extravagant, surly, humour-some man, peevish, unsociable, intractable, froward, untoward, restive.	dict-171.png	https://archive.org/download/ANewDictionaryArmenian-english/page/leaf83.jpg	body
Դգըշիւն, Դգըշումն, Դըգընչումն		s.	noise, murmuring of a river; uproar, noise, cry.	dict-171.png	https://archive.org/download/ANewDictionaryArmenian-english/page/leaf83.jpg	body
Դըգըչիւն				dict-174.png	https://archive.org/download/ANewDictionaryArmenian-english/page/leaf85.jpg	body
Դժբախդ		a.	unfortunate, disgraced, unlucky, fatal.	dict-174.png	https://archive.org/download/ANewDictionaryArmenian-english/page/leaf85.jpg	body
Դժգըմիմ				dict-174.png	https://archive.org/download/ANewDictionaryArmenian-english/page/leaf85.jpg	body
Դժգըմնիմ				dict-174.png	https://archive.org/download/ANewDictionaryArmenian-english/page/leaf85.jpg	body
Դժխամութիւն		s.	obstinacy, stubbornness, insolence.	dict-174.png	https://archive.org/download/ANewDictionaryArmenian-english/page/leaf85.jpg	body
Դժնէհոտութիւն, Դժնահոտութիւն		s.	stench; bad smell.; stench, bad smell.	dict-175.png	https://archive.org/download/ANewDictionaryArmenian-english/page/leaf85.jpg	body
Դժնէմ		vn.	to be angry, haughty, to become atrocious or fierce.	dict-174.png	https://archive.org/download/ANewDictionaryArmenian-english/page/leaf85.jpg	body
Դժոխագնեայ		a.	infernal.	dict-175.png	https://archive.org/download/ANewDictionaryArmenian-english/page/leaf85.jpg	body
Դժոխակ		a.	vexatious; obstinate.; vexatious, obstinate.	dict-175.png	https://archive.org/download/ANewDictionaryArmenian-english/page/leaf85.jpg	body
Դժուարամիզութիւն		s.	strangury.	dict-176.png	https://archive.org/download/ANewDictionaryArmenian-english/page/leaf86.jpg	body
Դժուարարգելի		a.	difficult to impede or hinder.	dict-176.png	https://archive.org/download/ANewDictionaryArmenian-english/page/leaf86.jpg	body
Դիականամ		vn.	to become a corpse; to die.	dict-177.png	https://archive.org/download/ANewDictionaryArmenian-english/page/leaf86.jpg	body
Դիակուտեակ		s.	heap of corpses.	dict-177.png	https://archive.org/download/ANewDictionaryArmenian-english/page/leaf86.jpg	body
Դիասնունդ		vn.	to be nourished with a mother's milk, to suck milk from the breast.	dict-177.png	https://archive.org/download/ANewDictionaryArmenian-english/page/leaf86.jpg	body
Դիկլիղոն		s.	omentum.	dict-177.png	https://archive.org/download/ANewDictionaryArmenian-english/page/leaf86.jpg	body
Դիկտատոր		s.	dictator.	dict-177.png	https://archive.org/download/ANewDictionaryArmenian-english/page/leaf86.jpg	body
Դիմառութի	Դիմառութիւն	s.	metaphor, allegory.	dict-178.png	https://archive.org/download/ANewDictionaryArmenian-english/page/leaf87.jpg	body
Դիպազեղն		a.	that shoots very well	dict-178.png	https://archive.org/download/ANewDictionaryArmenian-english/page/leaf87.jpg	body
Դիպակակկառւած		a.	embroidered on a stuff; furnished with embroidered stuff.	dict-178.png	https://archive.org/download/ANewDictionaryArmenian-english/page/leaf87.jpg	body
Դիպաննեմ				dict-178.png	https://archive.org/download/ANewDictionaryArmenian-english/page/leaf87.jpg	body
Դիւաբաղխ				dict-179.png	https://archive.org/download/ANewDictionaryArmenian-english/page/leaf87.jpg	body
Դիւանապահ		s.	keeper of the records; librarian; great officer.	dict-179.png	https://archive.org/download/ANewDictionaryArmenian-english/page/leaf87.jpg	body
Դիւթաւալ				dict-177.png	https://archive.org/download/ANewDictionaryArmenian-english/page/leaf86.jpg	body
Դիւլութիւն		s.	devilry, witchcraft, wickedness, bad humour.	dict-179.png	https://archive.org/download/ANewDictionaryArmenian-english/page/leaf87.jpg	body
Դիւրաթեքութի	Դիւրաթեքութիւն	s.	flexibility, suppleness, fickleness.	dict-180.png	https://archive.org/download/ANewDictionaryArmenian-english/page/leaf88.jpg	body
Դիւրամտութի	Դիւրամտութիւն			dict-180.png	https://archive.org/download/ANewDictionaryArmenian-english/page/leaf88.jpg	body
Դիւրասապապ , -սայթաք		a.	slippery; fragile, weak.; fragile, weak.	dict-181.png	https://archive.org/download/ANewDictionaryArmenian-english/page/leaf88.jpg	body
Դիւրափռփուր		a.	friable; easy to reduce to powder.	dict-181.png	https://archive.org/download/ANewDictionaryArmenian-english/page/leaf88.jpg	body
Դիւրերասան		a.	be easily tamed; pliable.; tameable; that can be easily tamed.; tameable, that can be easily tamed, pliable.	dict-181.png	https://archive.org/download/ANewDictionaryArmenian-english/page/leaf88.jpg	body
Լօդիկ, դկի		s.	s. frock; surtout; cloak.; surtout; cloak.	dict-302.png	https://archive.org/download/ANewDictionaryArmenian-english/page/leaf149.jpg	body
Դնդնջումն				dict-182.png	https://archive.org/download/ANewDictionaryArmenian-english/page/leaf89.jpg	body
Դնդջեմ		vn.	to make a noise; to murmur, to grumble:	dict-182.png	https://archive.org/download/ANewDictionaryArmenian-english/page/leaf89.jpg	body
Դողդող		a.	vacillating; trembling; staggering; reeling.	dict-183.png	https://archive.org/download/ANewDictionaryArmenian-english/page/leaf89.jpg	body
Դոճի խէժ		s.	shell-lac; sealing wax.	dict-183.png	https://archive.org/download/ANewDictionaryArmenian-english/page/leaf89.jpg	body
Դոյն ինչ				dict-183.png	https://archive.org/download/ANewDictionaryArmenian-english/page/leaf89.jpg	body
Դորասվիմ		vn.	to languish, to grow weak, to die of hunger.	dict-183.png	https://archive.org/download/ANewDictionaryArmenian-english/page/leaf89.jpg	body
Դուգաք				dict-183.png	https://archive.org/download/ANewDictionaryArmenian-english/page/leaf89.jpg	body
Դուն ինչ				dict-183.png	https://archive.org/download/ANewDictionaryArmenian-english/page/leaf89.jpg	body
Դռոհ				dict-184.png	https://archive.org/download/ANewDictionaryArmenian-english/page/leaf90.jpg	body
Դրախտաճուն		a.	grown or born in paradise, in the garden.	dict-184.png	https://archive.org/download/ANewDictionaryArmenian-english/page/leaf90.jpg	body
Դրանդ, ից, Դրանգի, դեաց		s.	jamb, threshold; door-posts; portal, entry.	dict-184.png	https://archive.org/download/ANewDictionaryArmenian-english/page/leaf90.jpg	body
Դրնգեմ		vn.	to tap, to stamp with the feet; to toll.	dict-185.png	https://archive.org/download/ANewDictionaryArmenian-english/page/leaf90.jpg	body
Դրնգիւն		s.	stamping with the feet; tinkling.	dict-185.png	https://archive.org/download/ANewDictionaryArmenian-english/page/leaf90.jpg	body
Ձեռնադրիչ, -դրող		a. s.	ordaining; he who orders; consecrator;	dict-463.png	https://archive.org/download/ANewDictionaryArmenian-english/page/leaf229.jpg	body
Դրուգ				dict-185.png	https://archive.org/download/ANewDictionaryArmenian-english/page/leaf90.jpg	body
Անջուր, Անջրդի, դւոյ, Անջրդին		a.	without water; dry; arid; anhydrous.; without water, dry, arid, anhydrous.	dict-081.png	https://archive.org/download/ANewDictionaryArmenian-english/page/leaf38.jpg	body
Արեւելեայ, եայց		a. s.	oriental	dict-106.png	https://archive.org/download/ANewDictionaryArmenian-english/page/leaf51.jpg	body
Եբրայագէտ		s.	hebraist.	dict-185.png	https://archive.org/download/ANewDictionaryArmenian-english/page/leaf90.jpg	body
Եգիպտայք		s.	egyptian alphabet, or life of the holy fathers of Egypt.	dict-186.png	https://archive.org/download/ANewDictionaryArmenian-english/page/leaf91.jpg	body
Ելեկտրագէտ		s.	electroscope.	dict-187.png	https://archive.org/download/ANewDictionaryArmenian-english/page/leaf91.jpg	body
Ելեկտրոն		s.	yellow amber.	dict-187.png	https://archive.org/download/ANewDictionaryArmenian-english/page/leaf91.jpg	body
Ելեկտրութի	Ելեկտրութիւն	S.	Ելեկտրականութիւն.	dict-187.png	https://archive.org/download/ANewDictionaryArmenian-english/page/leaf91.jpg	body
Ելեւել			to concur, to vie with, to emulate; to surpass	dict-187.png	https://archive.org/download/ANewDictionaryArmenian-english/page/leaf91.jpg	body
Ելեքտրակիր		s.	electrophorus.	dict-187.png	https://archive.org/download/ANewDictionaryArmenian-english/page/leaf91.jpg	body
Ելէկտրածագք		s. phys.	electrode.	dict-187.png	https://archive.org/download/ANewDictionaryArmenian-english/page/leaf91.jpg	body
Ելէկտրանամ		vp.	to become electric, electrified.	dict-187.png	https://archive.org/download/ANewDictionaryArmenian-english/page/leaf91.jpg	body
Ելլենախոհ		a.	philhellenist, philhellene, philhellenic.	dict-187.png	https://archive.org/download/ANewDictionaryArmenian-english/page/leaf91.jpg	body
Ելողութի	Ելողութիւն	s.	proceeding, emanation.	dict-187.png	https://archive.org/download/ANewDictionaryArmenian-english/page/leaf91.jpg	body
Եկաւորութի	Եկաւորութիւն	s.	coming,	dict-188.png	https://archive.org/download/ANewDictionaryArmenian-english/page/leaf92.jpg	body
Եկեղեցպանութի	Եկեղեցպանութիւն	s.	office of church-warden; office of patron of a church, of a sacrist. [of a church.	dict-188.png	https://archive.org/download/ANewDictionaryArmenian-english/page/leaf92.jpg	body
Եղբայրագաւ				dict-189.png	https://archive.org/download/ANewDictionaryArmenian-english/page/leaf92.jpg	body
Եղեգնախուռ		s.	heap of broken canes.	dict-189.png	https://archive.org/download/ANewDictionaryArmenian-english/page/leaf92.jpg	body
Եղենդնաքար				dict-189.png	https://archive.org/download/ANewDictionaryArmenian-english/page/leaf92.jpg	body
Եղերդակ		s.	wild lettuce; succory, endive.	dict-189.png	https://archive.org/download/ANewDictionaryArmenian-english/page/leaf92.jpg	body
Եղերերգակ		a.	elegiac.	dict-189.png	https://archive.org/download/ANewDictionaryArmenian-english/page/leaf92.jpg	body
եղէգի		s.	endive, succory.	dict-189.png	https://archive.org/download/ANewDictionaryArmenian-english/page/leaf92.jpg	body
Կտաւեայ, -եղէն		a.	of linen; linen.; of linen, linen.	dict-396.png	https://archive.org/download/ANewDictionaryArmenian-english/page/leaf196.jpg	body
Եղիճն		s. bot.	nettle	dict-190.png	https://archive.org/download/ANewDictionaryArmenian-english/page/leaf93.jpg	body
Եղիսեան		s.	Elysian fields.	dict-190.png	https://archive.org/download/ANewDictionaryArmenian-english/page/leaf93.jpg	body
Եղնեայ քար		s.	onyx; sardonyx.	dict-190.png	https://archive.org/download/ANewDictionaryArmenian-english/page/leaf93.jpg	body
Եղուշ		s.	hinderance, obstacle.	dict-190.png	https://archive.org/download/ANewDictionaryArmenian-english/page/leaf93.jpg	body
Ենթաղ		s. chem.	basic salt, subsalt.	dict-191.png	https://archive.org/download/ANewDictionaryArmenian-english/page/leaf93.jpg	body
Ախոյան, ից, աց, Ախոյեան, ենի, ից		s.	antagonist, adversary, opponent; rival, competitor: champion, hero; triumpher.; rival, competitor; champion, hero; triumpher.	dict-039.png	https://archive.org/download/ANewDictionaryArmenian-english/page/leaf17.jpg	body
Է՛ որ, են որ		s.	some, some one; one... and the other; some... others; some... some; sometimes.; ad. sometimes.	dict-228.png	https://archive.org/download/ANewDictionaryArmenian-english/page/leaf112.jpg	body
Եպիսկոպոսանիստ		a.	where a bishop's see is	dict-191.png	https://archive.org/download/ANewDictionaryArmenian-english/page/leaf93.jpg	body
Եպիսկոպոսունք		s. pl.	the bishops.	dict-191.png	https://archive.org/download/ANewDictionaryArmenian-english/page/leaf93.jpg	body
Եռանկիւնաչափուի			trigonometry.	dict-192.png	https://archive.org/download/ANewDictionaryArmenian-english/page/leaf94.jpg	body
Եռատութիւն		s. math.	trisection.	dict-192.png	https://archive.org/download/ANewDictionaryArmenian-english/page/leaf94.jpg	body
Բանակատեղ, Բանակետեղ, ետեղ, ղաց		s.	camp; campaign; place where an army is encamped.; camp, campaign, place where an army is encamped.	dict-124.png	https://archive.org/download/ANewDictionaryArmenian-english/page/leaf60.jpg	body
Երազագիւթութիւն		s.	oneiromancy.	dict-193.png	https://archive.org/download/ANewDictionaryArmenian-english/page/leaf94.jpg	body
Երամաղ, ի, Երամաղի, զւոյ		s.	a troop [of children.; a troop of children.	dict-194.png	https://archive.org/download/ANewDictionaryArmenian-english/page/leaf95.jpg	body
Երամաղ, ի, Երամաղի, զւոյ		s.	a troop [of children.; a troop of children.	dict-194.png	https://archive.org/download/ANewDictionaryArmenian-english/page/leaf95.jpg	body
Երասամ		s.	assembly, com-	dict-195.png	https://archive.org/download/ANewDictionaryArmenian-english/page/leaf95.jpg	body
Երբադարձ		a.	much agitated; stormy.; much agitated, stormy.	dict-207.png	https://archive.org/download/ANewDictionaryArmenian-english/page/leaf101.jpg	body
Երբակի		a. ad.	triple; trebly.	dict-207.png	https://archive.org/download/ANewDictionaryArmenian-english/page/leaf101.jpg	body
Երբեակ		a.	ternary; three; trey.; ternary, three	dict-207.png	https://archive.org/download/ANewDictionaryArmenian-english/page/leaf101.jpg	body
Երբեք		ad.	sometimes, from time to time; never, at no time	dict-195.png	https://archive.org/download/ANewDictionaryArmenian-english/page/leaf95.jpg	body
Երդմնակից		s.	conspirator; plotter.; conspirator, plotter.	dict-196.png	https://archive.org/download/ANewDictionaryArmenian-english/page/leaf96.jpg	body
Երդմնակցութի	Երդմնակցութիւն	s.	conspiracy; conjuration; plot.; conspiracy, conjuration, plot.	dict-196.png	https://archive.org/download/ANewDictionaryArmenian-english/page/leaf96.jpg	body
Երդմնահար լինիմ		vn.	to perjure one's self, to swear, to utter oaths.	dict-196.png	https://archive.org/download/ANewDictionaryArmenian-english/page/leaf96.jpg	body
Երդմնարտութի	Երդմնարտութիւն	s.	false oath, perjury.	dict-196.png	https://archive.org/download/ANewDictionaryArmenian-english/page/leaf96.jpg	body
Երդմնարտութի	Երդմնարտութիւն	s.	false oath, perjury.	dict-196.png	https://archive.org/download/ANewDictionaryArmenian-english/page/leaf96.jpg	body
Երեսսրբիչ		s.	towel; wrapper.; towel; wrapper.	dict-197.png	https://archive.org/download/ANewDictionaryArmenian-english/page/leaf96.jpg	body
Երեւակութի	Երեւակութիւն	s.	imagination; pomp, show.	dict-198.png	https://archive.org/download/ANewDictionaryArmenian-english/page/leaf97.jpg	body
Երեքարժէն, –ձի, –ձին		s.	trident; fork with three prongs; trident, fork with three prongs.	dict-198.png	https://archive.org/download/ANewDictionaryArmenian-english/page/leaf97.jpg	body
Երեքգանգեան		a.	that is worth three pence; vile, despicable.; vile, despicable.	dict-198.png	https://archive.org/download/ANewDictionaryArmenian-english/page/leaf97.jpg	body
Երեքվտակեան		a.	of three brooks (river).; of three brooks [(river).	dict-199.png	https://archive.org/download/ANewDictionaryArmenian-english/page/leaf97.jpg	body
Երէկեան		a.	of yesterday	dict-200.png	https://archive.org/download/ANewDictionaryArmenian-english/page/leaf98.jpg	body
Երէփս, երէփսունք		s.	priest.	dict-198.png	https://archive.org/download/ANewDictionaryArmenian-english/page/leaf97.jpg	body
Երէփս, երէփսունք		s.	priest.	dict-198.png	https://archive.org/download/ANewDictionaryArmenian-english/page/leaf97.jpg	body
Երիկամնաժէտ		a.	nephritic.	dict-199.png	https://archive.org/download/ANewDictionaryArmenian-english/page/leaf97.jpg	body
Երիկամնաժէտութիւն		s.	nephritis.	dict-199.png	https://archive.org/download/ANewDictionaryArmenian-english/page/leaf97.jpg	body
Երեք, երից, Երիս		a.	three; three times; third; third.	dict-198.png	https://archive.org/download/ANewDictionaryArmenian-english/page/leaf97.jpg	body
Երեք, երից, Երիս		a.	three; three times; third; third.	dict-198.png	https://archive.org/download/ANewDictionaryArmenian-english/page/leaf97.jpg	body
Երիցախումբ		a.	group of priests.	dict-200.png	https://archive.org/download/ANewDictionaryArmenian-english/page/leaf98.jpg	body
Երիցականութի	Երիցականութիւն	s.	presbyterianism.	dict-200.png	https://archive.org/download/ANewDictionaryArmenian-english/page/leaf98.jpg	body
Երիւարեմ				dict-200.png	https://archive.org/download/ANewDictionaryArmenian-english/page/leaf98.jpg	body
Երլիւար				dict-200.png	https://archive.org/download/ANewDictionaryArmenian-english/page/leaf98.jpg	body
Երկայնագեղ		a.	too long or extended, gigantic.	dict-201.png	https://archive.org/download/ANewDictionaryArmenian-english/page/leaf98.jpg	body
Երկայնագեղաց		a.	too long or extended, gigantic.	dict-201.png	https://archive.org/download/ANewDictionaryArmenian-english/page/leaf98.jpg	body
Երկայնասրունք		a.	long-legged, long-shanks.	dict-201.png	https://archive.org/download/ANewDictionaryArmenian-english/page/leaf98.jpg	body
Երկայնաւուրս		a.	long lived	dict-201.png	https://archive.org/download/ANewDictionaryArmenian-english/page/leaf98.jpg	body
Երկայնաւուրց		a.	long lived	dict-201.png	https://archive.org/download/ANewDictionaryArmenian-english/page/leaf98.jpg	body
Երկավանդ		a.	dissyllabic.	dict-202.png	https://archive.org/download/ANewDictionaryArmenian-english/page/leaf99.jpg	body
Երկեզ				dict-203.png	https://archive.org/download/ANewDictionaryArmenian-english/page/leaf99.jpg	body
Երկեզուկ		s.	fear	dict-203.png	https://archive.org/download/ANewDictionaryArmenian-english/page/leaf99.jpg	body
Երկեզուտ		a.	frightful; frightful.	dict-203.png	https://archive.org/download/ANewDictionaryArmenian-english/page/leaf99.jpg	body
Երկկորնթարդ		s. phys.	bi-convex, double convex.	dict-204.png	https://archive.org/download/ANewDictionaryArmenian-english/page/leaf100.jpg	body
Երկհազարեակ		a.	two thousandth, that contains twice a thousand.	dict-204.png	https://archive.org/download/ANewDictionaryArmenian-english/page/leaf100.jpg	body
Երկմտութի	Երկմտութիւն	s.	irresolution, vacillation, doubt, distrust.	dict-204.png	https://archive.org/download/ANewDictionaryArmenian-english/page/leaf100.jpg	body
Երկնաշու		a.	that goes, that leads to heaven, celestial.	dict-205.png	https://archive.org/download/ANewDictionaryArmenian-english/page/leaf100.jpg	body
Երկնապէշ				dict-205.png	https://archive.org/download/ANewDictionaryArmenian-english/page/leaf100.jpg	body
Երկնընթաց				dict-205.png	https://archive.org/download/ANewDictionaryArmenian-english/page/leaf100.jpg	body
Երկուշաբաթ		s.	monday	dict-205.png	https://archive.org/download/ANewDictionaryArmenian-english/page/leaf100.jpg	body
Երկսայր		a.	two edged.	dict-205.png	https://archive.org/download/ANewDictionaryArmenian-english/page/leaf100.jpg	body
Երկրամած				dict-206.png	https://archive.org/download/ANewDictionaryArmenian-english/page/leaf101.jpg	body
Երնեակ				dict-206.png	https://archive.org/download/ANewDictionaryArmenian-english/page/leaf101.jpg	body
Զարդեր, երք		s. pl.	pl. ornaments.	dict-211.png	https://archive.org/download/ANewDictionaryArmenian-english/page/leaf103.jpg	body
Անքատանամ, ցայ, Անքատիմ, եցայ		vn.	to be indigent, to be poor.	dict-085.png	https://archive.org/download/ANewDictionaryArmenian-english/page/leaf40.jpg	body
Ապշոպեմ, եցի		va.	va. to seize; to take by force.	dict-090.png	https://archive.org/download/ANewDictionaryArmenian-english/page/leaf43.jpg	body
Երեքեան, –քին, եցունց or ցուն		a.	all three; all three.	dict-198.png	https://archive.org/download/ANewDictionaryArmenian-english/page/leaf97.jpg	body
Կիզեմ, -եցուցանեմ			S. Կիզում.	dict-379.png	https://archive.org/download/ANewDictionaryArmenian-english/page/leaf187.jpg	body
Եփիորոն		s.	pall; pallium.	dict-191.png	https://archive.org/download/ANewDictionaryArmenian-english/page/leaf93.jpg	body
Եփուռտ		s.	ephod.	dict-207.png	https://archive.org/download/ANewDictionaryArmenian-english/page/leaf101.jpg	body
Եօթնաշահեան		a.	of seven branchs (chandelier).	dict-207.png	https://archive.org/download/ANewDictionaryArmenian-english/page/leaf101.jpg	body
Եօթնապարսպեան		a.	having seven walls.	dict-208.png	https://archive.org/download/ANewDictionaryArmenian-english/page/leaf102.jpg	body
Զաղխի առնում		vn.	to grow weak.	dict-208.png	https://archive.org/download/ANewDictionaryArmenian-english/page/leaf102.jpg	body
Զաղվաղփուն		a.	inconstant, unstable, not solid, slippery.	dict-209.png	https://archive.org/download/ANewDictionaryArmenian-english/page/leaf102.jpg	body
Այժմուս, յԱյժմուս, զԱյժմոյս				dict-053.png	https://archive.org/download/ANewDictionaryArmenian-english/page/leaf24.jpg	body
Զանգիտութի	Զանգիտութիւն			dict-209.png	https://archive.org/download/ANewDictionaryArmenian-english/page/leaf102.jpg	body
Զառիկակ		s.	arsenite; arsenite.; senical.	dict-210.png	https://archive.org/download/ANewDictionaryArmenian-english/page/leaf103.jpg	body
Զարամուր		a.	violent; dense; thick; violent; dense, thick;; impetuosity; density.	dict-211.png	https://archive.org/download/ANewDictionaryArmenian-english/page/leaf103.jpg	body
Զաւակատերութիւն		s.	act of propagating, generation, production.	dict-213.png	https://archive.org/download/ANewDictionaryArmenian-english/page/leaf104.jpg	body
Զաւեշտարար		S.		dict-213.png	https://archive.org/download/ANewDictionaryArmenian-english/page/leaf104.jpg	body
Զբօսասիրութի	Զբօսասիրութիւն	s.	love of diversions or pleasure.	dict-213.png	https://archive.org/download/ANewDictionaryArmenian-english/page/leaf104.jpg	body
Զգայազուրկ		a.	that has lost all sensation or sentiment, insensible.	dict-213.png	https://archive.org/download/ANewDictionaryArmenian-english/page/leaf104.jpg	body
զգաց				dict-282.png	https://archive.org/download/ANewDictionaryArmenian-english/page/leaf139.jpg	body
Թեւազգեաց, -զգեցեալ, -զգեցիկ		a.	winged, furnished with wings, plumed, fledged.	dict-255.png	https://archive.org/download/ANewDictionaryArmenian-english/page/leaf125.jpg	body
զգեցիկ		a.	demoniac.	dict-179.png	https://archive.org/download/ANewDictionaryArmenian-english/page/leaf87.jpg	body
Զգլխեմ		vn.	to inebriate, to	dict-214.png	https://archive.org/download/ANewDictionaryArmenian-english/page/leaf105.jpg	body
Զենազէմ		vn.	to have pity or compassion; to free from danger.	dict-217.png	https://archive.org/download/ANewDictionaryArmenian-english/page/leaf106.jpg	body
Զեռալութիւն		s.	tossing, tide, ebb and flow.	dict-217.png	https://archive.org/download/ANewDictionaryArmenian-english/page/leaf106.jpg	body
Զեստասիրութիւն		s.	love of fine clothes, of dressing showily, dandyism.	dict-214.png	https://archive.org/download/ANewDictionaryArmenian-english/page/leaf105.jpg	body
Զետուրէս		s.	arabian wolf, hyena.	dict-217.png	https://archive.org/download/ANewDictionaryArmenian-english/page/leaf106.jpg	body
Մողէզ, զէզի, Մողիզ		s.	lizard.	dict-517.png	https://archive.org/download/ANewDictionaryArmenian-english/page/leaf256.jpg	body
Զըմբաղ, Զըմբիմ, Զընգամ, Զընգան				dict-218.png	https://archive.org/download/ANewDictionaryArmenian-english/page/leaf107.jpg	body
Զըմբաղ, Զըմբիմ, Զընգամ, Զընգան				dict-218.png	https://archive.org/download/ANewDictionaryArmenian-english/page/leaf107.jpg	body
Զըմբաղ, Զըմբիմ, Զընգամ, Զընգան				dict-218.png	https://archive.org/download/ANewDictionaryArmenian-english/page/leaf107.jpg	body
Զիարդուպէս		ad.	at one's will or; at one's will or pleasure.	dict-218.png	https://archive.org/download/ANewDictionaryArmenian-english/page/leaf107.jpg	body
Զկլամ		vn.	to reach or stretch oneself out to see.	dict-346.png	https://archive.org/download/ANewDictionaryArmenian-english/page/leaf171.jpg	body
Զմռաբեր				dict-221.png	https://archive.org/download/ANewDictionaryArmenian-english/page/leaf108.jpg	body
Զմրբիմ				dict-221.png	https://archive.org/download/ANewDictionaryArmenian-english/page/leaf108.jpg	body
Զնգամ		va.	to spare; to save; to be careful; to tremble; to shiver; to throb; to palpitate.; to spare, to save, to be careful; to tremble, to shiver; to throb, to palpitate.	dict-221.png	https://archive.org/download/ANewDictionaryArmenian-english/page/leaf108.jpg	body
Զնկագօծումն		s.	zinking or galvanizing.	dict-221.png	https://archive.org/download/ANewDictionaryArmenian-english/page/leaf108.jpg	body
Զուարակազէնութիւն		s.	immolation of bullocks or steers.	dict-222.png	https://archive.org/download/ANewDictionaryArmenian-english/page/leaf109.jpg	body
Զուգակցութի	Զուգակցութիւն	s.	s. participation, equa-lity; coupling, match, union.; coupling, match, union.	dict-224.png	https://archive.org/download/ANewDictionaryArmenian-english/page/leaf110.jpg	body
Զուգահեռականութի	Զուգահեռականութիւն	s.	s. parellelism.	dict-224.png	https://archive.org/download/ANewDictionaryArmenian-english/page/leaf110.jpg	body
Զուգահէտ		ad.	ad. together, contiguous.	dict-224.png	https://archive.org/download/ANewDictionaryArmenian-english/page/leaf110.jpg	body
Զուգաձայնութի	Զուգաձայնութիւն	s.	s. correspondence, union, equality, concord; unison, sym-phony; mus. accompaniment. [(lines).; unison, sym-phony; mus. accompaniment. [(lines).	dict-224.png	https://archive.org/download/ANewDictionaryArmenian-english/page/leaf110.jpg	body
Զուգամանակութի	Զուգամանակութիւն	s.	s. mech. isochro-nism, uniformity of vibration. [(lines).	dict-224.png	https://archive.org/download/ANewDictionaryArmenian-english/page/leaf110.jpg	body
Զուգամասնային		a.	isotheral; phys. isotheral	dict-224.png	https://archive.org/download/ANewDictionaryArmenian-english/page/leaf110.jpg	body
Զուգապարուի		s.	the same company, participation in the same company.	dict-224.png	https://archive.org/download/ANewDictionaryArmenian-english/page/leaf110.jpg	body
Զուգօրեայ		a.	equinoctial.	dict-225.png	https://archive.org/download/ANewDictionaryArmenian-english/page/leaf110.jpg	body
Զուիթրակ		s. bot.	origanum, wild marjoram.	dict-225.png	https://archive.org/download/ANewDictionaryArmenian-english/page/leaf110.jpg	body
Զուկ		s.	udder	dict-225.png	https://archive.org/download/ANewDictionaryArmenian-english/page/leaf110.jpg	body
Զուպպ		a.	close; narrow; subdued; close, narrow	dict-225.png	https://archive.org/download/ANewDictionaryArmenian-english/page/leaf110.jpg	body
Զրադէշական		a.	that belongs to Zoroaster.	dict-225.png	https://archive.org/download/ANewDictionaryArmenian-english/page/leaf110.jpg	body
Զրահաւառ		s.	armed with a cuirass; cuirassier.	dict-225.png	https://archive.org/download/ANewDictionaryArmenian-english/page/leaf110.jpg	body
Երամաղ, ի, Երամաղի, զւոյ		s.	a troop [of children.; a troop of children.	dict-194.png	https://archive.org/download/ANewDictionaryArmenian-english/page/leaf95.jpg	body
Զօրահատոյց առնել, լինել		vn.	to detach troops; to expedite forces; to detach troops, to expedite forces.	dict-227.png	https://archive.org/download/ANewDictionaryArmenian-english/page/leaf111.jpg	body
Զօրէղապէս				dict-228.png	https://archive.org/download/ANewDictionaryArmenian-english/page/leaf112.jpg	body
Զօրէղութիւն		s.	valour, vigour.	dict-228.png	https://archive.org/download/ANewDictionaryArmenian-english/page/leaf112.jpg	body
Անէ, էից, Անէակ		a. s.	that does not exist, null, none: nothing, non-entity.	dict-065.png	https://archive.org/download/ANewDictionaryArmenian-english/page/leaf30.jpg	body
Է՞ր, Է՞ր աղագաւ, Է՞ր ընդէր, էրո՞ւմ, էր սակս, Է՞ր վասն, վասն է՞ր		pr. ad.	why? for what reason or cause?	dict-229.png	https://archive.org/download/ANewDictionaryArmenian-english/page/leaf112.jpg	body
Է՞ր, Է՞ր աղագաւ, Է՞ր ընդէր, էրո՞ւմ, էր սակս, Է՞ր վասն, վասն է՞ր		pr. ad.	why? for what reason or cause?	dict-229.png	https://archive.org/download/ANewDictionaryArmenian-english/page/leaf112.jpg	body
Է՞ր, Է՞ր աղագաւ, Է՞ր ընդէր, էրո՞ւմ, էր սակս, Է՞ր վասն, վասն է՞ր		pr. ad.	why? for what reason or cause?	dict-229.png	https://archive.org/download/ANewDictionaryArmenian-english/page/leaf112.jpg	body
Է՞ր, Է՞ր աղագաւ, Է՞ր ընդէր, էրո՞ւմ, էր սակս, Է՞ր վասն, վասն է՞ր		pr. ad.	why? for what reason or cause?	dict-229.png	https://archive.org/download/ANewDictionaryArmenian-english/page/leaf112.jpg	body
Է՞ր, Է՞ր աղագաւ, Է՞ր ընդէր, էրո՞ւմ, էր սակս, Է՞ր վասն, վասն է՞ր		pr. ad.	why? for what reason or cause?	dict-229.png	https://archive.org/download/ANewDictionaryArmenian-english/page/leaf112.jpg	body
Էփիմերտէզ		s.	ephemeris	dict-229.png	https://archive.org/download/ANewDictionaryArmenian-english/page/leaf112.jpg	body
Ը՛հէ, ը՛հ, ը՛հը		int.	alas! alack! oh! ah!	dict-229.png	https://archive.org/download/ANewDictionaryArmenian-english/page/leaf112.jpg	body
Ըմբռնեաղ		s.	handful, hold; pin.	dict-230.png	https://archive.org/download/ANewDictionaryArmenian-english/page/leaf113.jpg	body
Ընդ ականբ հայիմ				dict-231.png	https://archive.org/download/ANewDictionaryArmenian-english/page/leaf113.jpg	body
Ընդաւաղեմ		va.	to cover with sand, to bury.	dict-232.png	https://archive.org/download/ANewDictionaryArmenian-english/page/leaf114.jpg	body
Ընդգայլք		s. pl.	fabulous monsters, Erinnys, Furies.	dict-231.png	https://archive.org/download/ANewDictionaryArmenian-english/page/leaf113.jpg	body
Ընդգոյզ				dict-231.png	https://archive.org/download/ANewDictionaryArmenian-english/page/leaf113.jpg	body
Ընդդիմադրութի	Ընդդիմադրութիւն	s.	opposition, objection.; opposition, ob-	dict-233.png	https://archive.org/download/ANewDictionaryArmenian-english/page/leaf114.jpg	body
Ընդդիմակցութի	Ընդդիմակցութիւն			dict-233.png	https://archive.org/download/ANewDictionaryArmenian-english/page/leaf114.jpg	body
Ընդդիմաքննութի	Ընդդիմաքննութիւն	s.	contrary thought or sentiment.; contrary thought or sentiment. [des.	dict-233.png	https://archive.org/download/ANewDictionaryArmenian-english/page/leaf114.jpg	body
Ընդերկարեմ		vna.	to prolong; to make last a long time; to extend; to defer; to spin out, to great length.; to prolong, to make last a long time; to defer, to spin out, to great length.	dict-234.png	https://archive.org/download/ANewDictionaryArmenian-english/page/leaf115.jpg	body
Ընդերկնահաչ		a.	baying the moon; barking at in vain.	dict-234.png	https://archive.org/download/ANewDictionaryArmenian-english/page/leaf115.jpg	body
Ընդհանրութի	Ընդհանրութիւն	s.	universality, generality.	dict-234.png	https://archive.org/download/ANewDictionaryArmenian-english/page/leaf115.jpg	body
Ընդմիջաշաւիղք		s.	the middle of a way, or road, carriage-road, pitching.	dict-235.png	https://archive.org/download/ANewDictionaryArmenian-english/page/leaf115.jpg	body
Ընդոլնեցուցանեմ		va.	to render proud, insolent, impertinent.	dict-235.png	https://archive.org/download/ANewDictionaryArmenian-english/page/leaf115.jpg	body
Ընդոլնիմ		vn.	to lie down at length, supine; to become idle, negligent, feeble: to adorn one's self magnificently, gorgeously; to make an ostentatious display, to dress pretentiously; to become vain or insolent.	dict-235.png	https://archive.org/download/ANewDictionaryArmenian-english/page/leaf115.jpg	body
Ընդունայնաբանութի	Ընդունայնաբանութիւն	s.	prate, prattle, chitchat, nonsense, chattering; prate, prattle, chitchat, nonsense, chattering.	dict-236.png	https://archive.org/download/ANewDictionaryArmenian-english/page/leaf116.jpg	body
Ընդունայնութի	Ընդունայնութիւն	s.	vanity, frivolity, futility; nothing; nothing.	dict-236.png	https://archive.org/download/ANewDictionaryArmenian-english/page/leaf116.jpg	body
Ընդունելութի	Ընդունելութիւն	s.	reception, taking, acceptance, admission, obtaining, acquisition; cheer, feast, entertainment; gr. participle; participle	dict-236.png	https://archive.org/download/ANewDictionaryArmenian-english/page/leaf116.jpg	body
Ընդունչարկու		a.	griming, grimacing, mimicking; grumbling.	dict-236.png	https://archive.org/download/ANewDictionaryArmenian-english/page/leaf116.jpg	body
Ընդպակկեմ		va.	to abandon, to despise; to compel to walk; to vex, to harass.	dict-236.png	https://archive.org/download/ANewDictionaryArmenian-english/page/leaf116.jpg	body
Ընդվայրայոն		a.	shameless, lewd	dict-236.png	https://archive.org/download/ANewDictionaryArmenian-english/page/leaf116.jpg	body
Ընթերցասիրութի	Ընթերցասիրութիւն	s.	love of study.	dict-238.png	https://archive.org/download/ANewDictionaryArmenian-english/page/leaf117.jpg	body
Ընծախօս				dict-238.png	https://archive.org/download/ANewDictionaryArmenian-english/page/leaf117.jpg	body
Ընկերակցութի	Ընկերակցութիւն	s.	association; society.	dict-239.png	https://archive.org/download/ANewDictionaryArmenian-english/page/leaf117.jpg	body
Ընկերահաշտեայք				dict-239.png	https://archive.org/download/ANewDictionaryArmenian-english/page/leaf117.jpg	body
Ընկերող		a.	that accompanies; that assists.; that accompanies, that assists.	dict-239.png	https://archive.org/download/ANewDictionaryArmenian-english/page/leaf117.jpg	body
Ընկուզաբեկ		s.	(գործի) nut-cracker.; nut-cracker.	dict-240.png	https://archive.org/download/ANewDictionaryArmenian-english/page/leaf118.jpg	body
Ընչասիրութի	Ընչասիրութիւն	s.	passion for riches, avarice, avidity, greediness.	dict-240.png	https://archive.org/download/ANewDictionaryArmenian-english/page/leaf118.jpg	body
Ընչաստացու		a.	accumulating, gathering, acquiring wealth.	dict-240.png	https://archive.org/download/ANewDictionaryArmenian-english/page/leaf118.jpg	body
Ընչաց		S.		dict-240.png	https://archive.org/download/ANewDictionaryArmenian-english/page/leaf118.jpg	body
Ընչաքաղցութի	Ընչաքաղցութիւն	s.	avidity for wealth, insatiable avarice	dict-241.png	https://archive.org/download/ANewDictionaryArmenian-english/page/leaf118.jpg	body
Ընտանակցութի	Ընտանակցութիւն	s.	familiarity, participation.	dict-241.png	https://archive.org/download/ANewDictionaryArmenian-english/page/leaf118.jpg	body
Ընտանեկցութի	Ընտանեկցութիւն	s.	familiarity; cohabitation.	dict-241.png	https://archive.org/download/ANewDictionaryArmenian-english/page/leaf118.jpg	body
Ընտեղակեաց		a.	immovable, firm in one place.	dict-241.png	https://archive.org/download/ANewDictionaryArmenian-english/page/leaf118.jpg	body
Ընքուի		S.	Շօնք.	dict-242.png	https://archive.org/download/ANewDictionaryArmenian-english/page/leaf119.jpg	body
Ըստերիւր				dict-243.png	https://archive.org/download/ANewDictionaryArmenian-english/page/leaf119.jpg	body
Ըստմանեայք		s. pl.	individuals; particulars.; individuals, particulars.	dict-243.png	https://archive.org/download/ANewDictionaryArmenian-english/page/leaf119.jpg	body
Թագուհութիւն, Թագուհւութի	Թագուհւութիւն	s.	dignity of queen.	dict-244.png	https://archive.org/download/ANewDictionaryArmenian-english/page/leaf120.jpg	body
Թագուհութիւն, Թագուհւութի	Թագուհւութիւն	s.	dignity of queen.	dict-244.png	https://archive.org/download/ANewDictionaryArmenian-english/page/leaf120.jpg	body
Թաթառ, Թաթիռ, Թռոյ, Թաթառն		s.	whirlwind; water-spout.; whirlwind, water-spout.	dict-244.png	https://archive.org/download/ANewDictionaryArmenian-english/page/leaf120.jpg	body
Թաժակ				dict-245.png	https://archive.org/download/ANewDictionaryArmenian-english/page/leaf120.jpg	body
Թալաս		s.	an ewe; wether.	dict-245.png	https://archive.org/download/ANewDictionaryArmenian-english/page/leaf120.jpg	body
Թալասմեղ		s.	an ewe; wether.	dict-245.png	https://archive.org/download/ANewDictionaryArmenian-english/page/leaf120.jpg	body
Թակաղ		s.	mallet; mall; sledge-hammer; beetle.	dict-245.png	https://archive.org/download/ANewDictionaryArmenian-english/page/leaf120.jpg	body
Թաղասմաւոր, Թաղամսաւոր		a.	castrated, gelt; castrated, gelt.	dict-246.png	https://archive.org/download/ANewDictionaryArmenian-english/page/leaf121.jpg	body
Թաղանթագեղ, –զարդ		a.	furnished with a membrane, membranous; furnished with a membrane, membranous.	dict-246.png	https://archive.org/download/ANewDictionaryArmenian-english/page/leaf121.jpg	body
Թաղդ				dict-245.png	https://archive.org/download/ANewDictionaryArmenian-english/page/leaf120.jpg	body
Թաղեգործ		s.	felt-maker.	dict-246.png	https://archive.org/download/ANewDictionaryArmenian-english/page/leaf121.jpg	body
Թաղկ		s.	talc; talc.	dict-246.png	https://archive.org/download/ANewDictionaryArmenian-english/page/leaf121.jpg	body
Թաղնորդ		a.	living in the same neighbourhood; living in the same neighbourhood.	dict-246.png	https://archive.org/download/ANewDictionaryArmenian-english/page/leaf121.jpg	body
Թամբաստակ, –տոց		s.	rag, tatter, old clothes	dict-246.png	https://archive.org/download/ANewDictionaryArmenian-english/page/leaf121.jpg	body
Թայրաթոռք		s. pl.	the relations, the kindred; the relations, the kindred.	dict-246.png	https://archive.org/download/ANewDictionaryArmenian-english/page/leaf121.jpg	body
Թանդ		a.	saddle-girth.	dict-247.png	https://archive.org/download/ANewDictionaryArmenian-english/page/leaf121.jpg	body
Թանդուզեմ		vn.	to shun, to elude, to set one's self free, to steal, or to get away, to escape, to fly from, to avoid; to be ashamed, to shuffle, to use chicanery	dict-247.png	https://archive.org/download/ANewDictionaryArmenian-english/page/leaf121.jpg	body
Թանկագին				dict-247.png	https://archive.org/download/ANewDictionaryArmenian-english/page/leaf121.jpg	body
Թանձրագանգաղ		a.	heavy and slow,	dict-247.png	https://archive.org/download/ANewDictionaryArmenian-english/page/leaf121.jpg	body
Թանձրախոր		մօր.	very deep mud; pond, marsh. [dense.	dict-247.png	https://archive.org/download/ANewDictionaryArmenian-english/page/leaf121.jpg	body
Թաշեմ		vn.	to mumble, to mutter.	dict-248.png	https://archive.org/download/ANewDictionaryArmenian-english/page/leaf122.jpg	body
Թապուլ				dict-248.png	https://archive.org/download/ANewDictionaryArmenian-english/page/leaf122.jpg	body
Թատերախաղք		s.	dramatic representation, play, piece; dramatic representation, play, piece;	dict-248.png	https://archive.org/download/ANewDictionaryArmenian-english/page/leaf122.jpg	body
Թարախարգել		a.	hindering the discharge of purulent matter.	dict-249.png	https://archive.org/download/ANewDictionaryArmenian-english/page/leaf122.jpg	body
Թարթ		s.	twinkling of an eye, wink, twinkling, trice; ի -ական, in a twinkling, in a trice, in a wink, in no time; -ք, eye-lid.	dict-249.png	https://archive.org/download/ANewDictionaryArmenian-english/page/leaf122.jpg	body
Թարթել or Թարթիլ ական, աչաց			to wink.	dict-249.png	https://archive.org/download/ANewDictionaryArmenian-english/page/leaf122.jpg	body
Թարթել or Թարթիլ ական, աչաց			to wink.	dict-249.png	https://archive.org/download/ANewDictionaryArmenian-english/page/leaf122.jpg	body
Թարխ		s.	sketch, essay.	dict-249.png	https://archive.org/download/ANewDictionaryArmenian-english/page/leaf122.jpg	body
Թաւընկակ				dict-250.png	https://archive.org/download/ANewDictionaryArmenian-english/page/leaf123.jpg	body
Թաւլի				dict-250.png	https://archive.org/download/ANewDictionaryArmenian-english/page/leaf123.jpg	body
Թափան				dict-250.png	https://archive.org/download/ANewDictionaryArmenian-english/page/leaf123.jpg	body
Թափանցականութի	Թափանցականութիւն	s.	penetrability.	dict-250.png	https://archive.org/download/ANewDictionaryArmenian-english/page/leaf123.jpg	body
Թափանցկութի, -ցութիւն	Թափանցկութիւն	s.	transparency, pellucidity, diaphaneity.	dict-251.png	https://archive.org/download/ANewDictionaryArmenian-english/page/leaf123.jpg	body
Թափտուր				dict-252.png	https://archive.org/download/ANewDictionaryArmenian-english/page/leaf124.jpg	body
Թելական		s.	wire drawing-plate.	dict-253.png	https://archive.org/download/ANewDictionaryArmenian-english/page/leaf124.jpg	body
Թեղոշ		s.	oak, oak-tree; holm-oak.	dict-254.png	https://archive.org/download/ANewDictionaryArmenian-english/page/leaf125.jpg	body
Թեպէկ		s.	monkey, ape.	dict-254.png	https://archive.org/download/ANewDictionaryArmenian-english/page/leaf125.jpg	body
Թեպուր				dict-254.png	https://archive.org/download/ANewDictionaryArmenian-english/page/leaf125.jpg	body
Թերակատարութի	Թերակատարութիւն	s.	imperfection, defect, blemish.	dict-254.png	https://archive.org/download/ANewDictionaryArmenian-english/page/leaf125.jpg	body
Թերամտութի	Թերամտութիւն	s.	distrust, mistrust, doubt.	dict-254.png	https://archive.org/download/ANewDictionaryArmenian-english/page/leaf125.jpg	body
Թերիսակէ				dict-254.png	https://archive.org/download/ANewDictionaryArmenian-english/page/leaf125.jpg	body
Թեւազգեաց, -զգեցեալ, -զգեցիկ		a.	winged, furnished with wings, plumed, fledged.	dict-255.png	https://archive.org/download/ANewDictionaryArmenian-english/page/leaf125.jpg	body
Թեւաքօղեմ		va.	to shelter with the wings, to cover.	dict-255.png	https://archive.org/download/ANewDictionaryArmenian-english/page/leaf125.jpg	body
Թզաւ		s.	span; palm	dict-257.png	https://archive.org/download/ANewDictionaryArmenian-english/page/leaf126.jpg	body
Թէատրասէր				dict-256.png	https://archive.org/download/ANewDictionaryArmenian-english/page/leaf126.jpg	body
Թէյաման		s.	(Չայնիկ); tea-pot.	dict-256.png	https://archive.org/download/ANewDictionaryArmenian-english/page/leaf126.jpg	body
Թընդի		s.	noise, sound, din, uproar, crash; resounding, booming, echo; wriggling, frisking	dict-257.png	https://archive.org/download/ANewDictionaryArmenian-english/page/leaf126.jpg	body
Թթուածնաղ		s.	acid salt.	dict-256.png	https://archive.org/download/ANewDictionaryArmenian-english/page/leaf126.jpg	body
Թթու խմոր		s.	leaven,; leaven, yeast.	dict-256.png	https://archive.org/download/ANewDictionaryArmenian-english/page/leaf126.jpg	body
Թիթեռն		s.	butterfly, papilio	dict-257.png	https://archive.org/download/ANewDictionaryArmenian-english/page/leaf126.jpg	body
Թիթէն		s.	dried cow-dung.; dried cowdung.	dict-257.png	https://archive.org/download/ANewDictionaryArmenian-english/page/leaf126.jpg	body
Թիթղոն		s.	mica, ammochrysos.	dict-257.png	https://archive.org/download/ANewDictionaryArmenian-english/page/leaf126.jpg	body
Թիթրէն		s.	dried cow-dung.; dried cowdung.	dict-257.png	https://archive.org/download/ANewDictionaryArmenian-english/page/leaf126.jpg	body
Թիռ, Թիռք			desire, eagerness, longing.	dict-258.png	https://archive.org/download/ANewDictionaryArmenian-english/page/leaf127.jpg	body
Թլեր		s.	amulet, talisman.	dict-257.png	https://archive.org/download/ANewDictionaryArmenian-english/page/leaf126.jpg	body
Թղթաբաշխ		s.	letter carrier, postman, courier, post, messenger.; clerk.	dict-259.png	https://archive.org/download/ANewDictionaryArmenian-english/page/leaf127.jpg	body
Թղթախաղ		s.	card-playing; game at cards; card-playing, game at cards;	dict-259.png	https://archive.org/download/ANewDictionaryArmenian-english/page/leaf127.jpg	body
Թմրի		s.	lime-tree, linden; turk. օգլամուր.	dict-259.png	https://archive.org/download/ANewDictionaryArmenian-english/page/leaf127.jpg	body
Թմրիչ		s.	slice; rod, stick.	dict-259.png	https://archive.org/download/ANewDictionaryArmenian-english/page/leaf127.jpg	body
Թնդոշակ		s. bot.	monk's rhubarb, dock.	dict-260.png	https://archive.org/download/ANewDictionaryArmenian-english/page/leaf128.jpg	body
Թնթղուլ				dict-260.png	https://archive.org/download/ANewDictionaryArmenian-english/page/leaf128.jpg	body
Թնտիր				dict-260.png	https://archive.org/download/ANewDictionaryArmenian-english/page/leaf128.jpg	body
Թշեմ		vn.	to stuff one's self; to eat voraciously.; to stuff one's self, to eat voraciously.	dict-260.png	https://archive.org/download/ANewDictionaryArmenian-english/page/leaf128.jpg	body
Թշնամանագիր		a.	libellous; opprobrious; defamatory.; libellous, opprobrious, defamatory.	dict-260.png	https://archive.org/download/ANewDictionaryArmenian-english/page/leaf128.jpg	body
Թշուառաբերան		a.	painful; disastrous; unfortunate.; painful, disastrous, unfortunate.	dict-260.png	https://archive.org/download/ANewDictionaryArmenian-english/page/leaf128.jpg	body
Թշուառայեցոյց		a.	full of misery, miserable.	dict-260.png	https://archive.org/download/ANewDictionaryArmenian-english/page/leaf128.jpg	body
Թոբեկ		s.	mole; mole;	dict-260.png	https://archive.org/download/ANewDictionaryArmenian-english/page/leaf128.jpg	body
Թոթիւն		s.	young one, little one	dict-261.png	https://archive.org/download/ANewDictionaryArmenian-english/page/leaf128.jpg	body
Թողացեալ կին			divorced woman.	dict-261.png	https://archive.org/download/ANewDictionaryArmenian-english/page/leaf128.jpg	body
Թողոփա				dict-260.png	https://archive.org/download/ANewDictionaryArmenian-english/page/leaf128.jpg	body
Թոնդրուք, Թոնիր		s.	eastern stove and oven, (tandoor).	dict-261.png	https://archive.org/download/ANewDictionaryArmenian-english/page/leaf128.jpg	body
Թոշ		s.	film of any substance on the surface of waters.	dict-262.png	https://archive.org/download/ANewDictionaryArmenian-english/page/leaf129.jpg	body
Թորթն		s.	bot. scammony.	dict-262.png	https://archive.org/download/ANewDictionaryArmenian-english/page/leaf129.jpg	body
Թորիծ		s.	bore in the ears for ear-rings; a hole made in planks or beams for a drag-rope.; bore in the ears for earrings	dict-262.png	https://archive.org/download/ANewDictionaryArmenian-english/page/leaf129.jpg	body
Թորշ		s.	film of any substance on the surface of waters.	dict-262.png	https://archive.org/download/ANewDictionaryArmenian-english/page/leaf129.jpg	body
Թուագէտ				dict-262.png	https://archive.org/download/ANewDictionaryArmenian-english/page/leaf129.jpg	body
Թուերգահան		s.	ciphering, arithmetic.	dict-262.png	https://archive.org/download/ANewDictionaryArmenian-english/page/leaf129.jpg	body
Թունաւորութի	Թունաւորութիւն	s.	poisonous quality or state; poisoning.	dict-264.png	https://archive.org/download/ANewDictionaryArmenian-english/page/leaf130.jpg	body
Թունթունալ արջոյ			the growling of a bear.	dict-264.png	https://archive.org/download/ANewDictionaryArmenian-english/page/leaf130.jpg	body
Թոքած				dict-264.png	https://archive.org/download/ANewDictionaryArmenian-english/page/leaf130.jpg	body
Թոքամ		vn.	to cough.	dict-264.png	https://archive.org/download/ANewDictionaryArmenian-english/page/leaf130.jpg	body
Թոքշ		a.	tough, difficult to masticate.	dict-264.png	https://archive.org/download/ANewDictionaryArmenian-english/page/leaf130.jpg	body
Թռնծ		a.	crippled, lame, maimed, mutilated.	dict-262.png	https://archive.org/download/ANewDictionaryArmenian-english/page/leaf129.jpg	body
Թռնձ		s.	shell-fish.	dict-262.png	https://archive.org/download/ANewDictionaryArmenian-english/page/leaf129.jpg	body
Թաթառ, Թաթիռ, Թռոյ, Թաթառն		s.	whirlwind; water-spout.; whirlwind, water-spout.	dict-244.png	https://archive.org/download/ANewDictionaryArmenian-english/page/leaf120.jpg	body
Թռունք		s.	butterfly, papilio	dict-257.png	https://archive.org/download/ANewDictionaryArmenian-english/page/leaf126.jpg	body
Թրախաղ				dict-265.png	https://archive.org/download/ANewDictionaryArmenian-english/page/leaf130.jpg	body
Թրմուտ		s.	bot. lupine.	dict-265.png	https://archive.org/download/ANewDictionaryArmenian-english/page/leaf130.jpg	body
Թքաբարբ		s.	ptyas, (sort of asp).	dict-266.png	https://archive.org/download/ANewDictionaryArmenian-english/page/leaf131.jpg	body
Ժախնոց		s.	heap of dirt;	dict-266.png	https://archive.org/download/ANewDictionaryArmenian-english/page/leaf131.jpg	body
Ժամագէտ		s.	horoscope, nativity.	dict-268.png	https://archive.org/download/ANewDictionaryArmenian-english/page/leaf132.jpg	body
Ժամահար գործի, Ժամահարութիւն		s. mech.	clock-work.	dict-268.png	https://archive.org/download/ANewDictionaryArmenian-english/page/leaf132.jpg	body
Ժամանակաբան				dict-268.png	https://archive.org/download/ANewDictionaryArmenian-english/page/leaf132.jpg	body
Ժամանակախօսութի	Ժամանակախօսութիւն	s.	chronology.	dict-269.png	https://archive.org/download/ANewDictionaryArmenian-english/page/leaf132.jpg	body
Ժամանող		a.	that arrives, or comes; that is able.	dict-269.png	https://archive.org/download/ANewDictionaryArmenian-english/page/leaf132.jpg	body
Ժանտագործութի	Ժանտագործութիւն	s.	misdeed, wickedness, rascality, villany; obscenity, libertinism.	dict-270.png	https://archive.org/download/ANewDictionaryArmenian-english/page/leaf133.jpg	body
Ժառանգութի	Ժառանգութիւն	s.	inheritance, heritage, patrimony, succession; seizure, possession; diocese; ecclesiastical state, the clergy	dict-271.png	https://archive.org/download/ANewDictionaryArmenian-english/page/leaf133.jpg	body
Ժեխնոց		s.	heap of dirt;; heap of dirt; dust-pan.	dict-266.png	https://archive.org/download/ANewDictionaryArmenian-english/page/leaf131.jpg	body
Վակժոյժ լինիմ, Վակժուժեմ or ժիմ		vn.	to grapple, to clutch strongly with the hand, to lock one's arms round, to hug, to hold fast on, to cling to.	dict-696.png	https://archive.org/download/ANewDictionaryArmenian-english/page/leaf346.jpg	body
Ժիշտ		a.	inattentive; neglectful.; inattentive, neglectful.	dict-271.png	https://archive.org/download/ANewDictionaryArmenian-english/page/leaf133.jpg	body
Ժղանք		s.	miscellany; diversion, pastime.	dict-272.png	https://archive.org/download/ANewDictionaryArmenian-english/page/leaf134.jpg	body
Ժողովրդակեր		a.	exterminating; deadly; exterminating, deadly.	dict-273.png	https://archive.org/download/ANewDictionaryArmenian-english/page/leaf134.jpg	body
Ժոռատ		a.	toothless.	dict-274.png	https://archive.org/download/ANewDictionaryArmenian-english/page/leaf135.jpg	body
Ժոռատութիւն		s.	toothlessness.	dict-274.png	https://archive.org/download/ANewDictionaryArmenian-english/page/leaf135.jpg	body
Ժուկ		s.	time, moment	dict-273.png	https://archive.org/download/ANewDictionaryArmenian-english/page/leaf134.jpg	body
Ժռաս		s.	sour grapes.	dict-273.png	https://archive.org/download/ANewDictionaryArmenian-english/page/leaf134.jpg	body
Ժռութի	Ժռութիւն	s.	unripeness, immaturity; unripeness, immaturity.	dict-273.png	https://archive.org/download/ANewDictionaryArmenian-english/page/leaf134.jpg	body
Ժրանճնակ				dict-273.png	https://archive.org/download/ANewDictionaryArmenian-english/page/leaf134.jpg	body
Ժփթեմ		va.	to shake up, to stir, to agitate (the water)	dict-274.png	https://archive.org/download/ANewDictionaryArmenian-english/page/leaf135.jpg	body
Իգախաղութիւն		S.		dict-275.png	https://archive.org/download/ANewDictionaryArmenian-english/page/leaf135.jpg	body
Կռփամարտ, -իկ		s.	boxing-match, fight with fists; pugilism, boxing;; a. boxer.; boxing-match, fight with fists; pugilism, boxing; boxer.	dict-395.png	https://archive.org/download/ANewDictionaryArmenian-english/page/leaf195.jpg	body
ի միում վայրկենի			directly, incontinently, instantaneously	dict-699.png	https://archive.org/download/ANewDictionaryArmenian-english/page/leaf347.jpg	body
Ի նանիր				dict-277.png	https://archive.org/download/ANewDictionaryArmenian-english/page/leaf136.jpg	body
Ինդիկտիոն				dict-277.png	https://archive.org/download/ANewDictionaryArmenian-english/page/leaf136.jpg	body
Ի ներս				dict-277.png	https://archive.org/download/ANewDictionaryArmenian-english/page/leaf136.jpg	body
Ի ներքոյ				dict-277.png	https://archive.org/download/ANewDictionaryArmenian-english/page/leaf136.jpg	body
Ի ներքուստ				dict-277.png	https://archive.org/download/ANewDictionaryArmenian-english/page/leaf136.jpg	body
Ինքնակամութի	Ինքնակամութիւն	s.	spontaneousness, voluntariness, free will.	dict-278.png	https://archive.org/download/ANewDictionaryArmenian-english/page/leaf137.jpg	body
Ինքնակրութիւն		s.	idiopathy.	dict-278.png	https://archive.org/download/ANewDictionaryArmenian-english/page/leaf137.jpg	body
Ինքնահիւսակ		a.	woven by himself.	dict-278.png	https://archive.org/download/ANewDictionaryArmenian-english/page/leaf137.jpg	body
Ինքնամահ				dict-279.png	https://archive.org/download/ANewDictionaryArmenian-english/page/leaf137.jpg	body
Ինքնապսրով		a.	that blames himself.	dict-278.png	https://archive.org/download/ANewDictionaryArmenian-english/page/leaf137.jpg	body
Իշաքեղ				dict-280.png	https://archive.org/download/ANewDictionaryArmenian-english/page/leaf138.jpg	body
Իշեան, Իշեարք		s. pl.	asses.	dict-280.png	https://archive.org/download/ANewDictionaryArmenian-english/page/leaf138.jpg	body
Իշնորեկան			Տ․ Զուիրակ․	dict-281.png	https://archive.org/download/ANewDictionaryArmenian-english/page/leaf138.jpg	body
Իշտ		int.	oh! fie! pugh! pish! ho there! holla!	dict-281.png	https://archive.org/download/ANewDictionaryArmenian-english/page/leaf138.jpg	body
Իշտրմուզ			Տ․ Զայլամն․	dict-281.png	https://archive.org/download/ANewDictionaryArmenian-english/page/leaf138.jpg	body
Սուդար, ի . ունք		s.	s. L. w. sudarium, [white handkerchief; veil.; veil.	dict-682.png	https://archive.org/download/ANewDictionaryArmenian-english/page/leaf339.jpg	body
Իջեւանիմ		vn.	to lodge, to take up one's abode, to stop, to reside, to dwell, to nestle.	dict-281.png	https://archive.org/download/ANewDictionaryArmenian-english/page/leaf138.jpg	body
Իջլաւան			&c. Տ․ Իջեվան, &c.	dict-281.png	https://archive.org/download/ANewDictionaryArmenian-english/page/leaf138.jpg	body
Ի սակս			Տ․ Սակս․	dict-281.png	https://archive.org/download/ANewDictionaryArmenian-english/page/leaf138.jpg	body
Իսկիզբն				dict-282.png	https://archive.org/download/ANewDictionaryArmenian-english/page/leaf139.jpg	body
Իսպառասպուռ				dict-282.png	https://archive.org/download/ANewDictionaryArmenian-english/page/leaf139.jpg	body
Ի վաղիւ				dict-282.png	https://archive.org/download/ANewDictionaryArmenian-english/page/leaf139.jpg	body
ի Վաղուց				dict-697.png	https://archive.org/download/ANewDictionaryArmenian-english/page/leaf346.jpg	body
ի Վաղուց հետէ		ad.	already; formerly; a long time ago; anciently; long since; already, formerly, a long time ago, anciently; long since.	dict-697.png	https://archive.org/download/ANewDictionaryArmenian-english/page/leaf346.jpg	body
Իրախոյզ		a.	curious, that makes researches.	dict-282.png	https://archive.org/download/ANewDictionaryArmenian-english/page/leaf139.jpg	body
Իրիկացք		s.	evening	dict-283.png	https://archive.org/download/ANewDictionaryArmenian-english/page/leaf139.jpg	body
Ախոյան, ից, աց, Ախոյեան, ենի, ից		s.	antagonist, adversary, opponent; rival, competitor: champion, hero; triumpher.; rival, competitor; champion, hero; triumpher.	dict-039.png	https://archive.org/download/ANewDictionaryArmenian-english/page/leaf17.jpg	body
Իւղընձիւղ		a.	oil-producing	dict-284.png	https://archive.org/download/ANewDictionaryArmenian-english/page/leaf140.jpg	body
Իւրեան				dict-285.png	https://archive.org/download/ANewDictionaryArmenian-english/page/leaf140.jpg	body
Իք		v.	is, it, there is	dict-285.png	https://archive.org/download/ANewDictionaryArmenian-english/page/leaf140.jpg	body
Լազուարդ		s.	lapis lazuli.	dict-285.png	https://archive.org/download/ANewDictionaryArmenian-english/page/leaf140.jpg	body
Լաթ				dict-285.png	https://archive.org/download/ANewDictionaryArmenian-english/page/leaf140.jpg	body
Լալոնք				dict-285.png	https://archive.org/download/ANewDictionaryArmenian-english/page/leaf140.jpg	body
Լակիչ				dict-286.png	https://archive.org/download/ANewDictionaryArmenian-english/page/leaf141.jpg	body
Լամբասք		s. pl.	torches, flambeaux; a sort of meteor like a torch.	dict-286.png	https://archive.org/download/ANewDictionaryArmenian-english/page/leaf141.jpg	body
Լայնագիր		a.	of a wide and roomy situation.; [wings (the eagle).	dict-286.png	https://archive.org/download/ANewDictionaryArmenian-english/page/leaf141.jpg	body
Լայնահայլակ		a.	flowing copiously.	dict-286.png	https://archive.org/download/ANewDictionaryArmenian-english/page/leaf141.jpg	body
Լայնաշիւղ				dict-286.png	https://archive.org/download/ANewDictionaryArmenian-english/page/leaf141.jpg	body
Լայնլի		a.	a. rather large, wide; flat.; flat.	dict-287.png	https://archive.org/download/ANewDictionaryArmenian-english/page/leaf141.jpg	body
Լայնողն			Տ. Լայնութիւնք.	dict-287.png	https://archive.org/download/ANewDictionaryArmenian-english/page/leaf141.jpg	body
Լանկախ		s.	s. amentum, (a leathern thong fastened to the middle of a dart); bot. ament, catkins.; bot. ament, catkins.	dict-287.png	https://archive.org/download/ANewDictionaryArmenian-english/page/leaf141.jpg	body
Լարեկ		s.	larch-tree.	dict-288.png	https://archive.org/download/ANewDictionaryArmenian-english/page/leaf142.jpg	body
Լեգէոնական		a.	numerous; legionary.	dict-289.png	https://archive.org/download/ANewDictionaryArmenian-english/page/leaf142.jpg	body
Լեզուագարութի	Լեզուագարութիւն	s.	too great a freedom of speech, flippancy of tongue, the being too free with one's tongue, prate, prattle, loquacity.	dict-289.png	https://archive.org/download/ANewDictionaryArmenian-english/page/leaf142.jpg	body
Լեղանդ		s.	a sandwich.	dict-290.png	https://archive.org/download/ANewDictionaryArmenian-english/page/leaf143.jpg	body
Լեպէշտի		a.	brazenfaced, bold.	dict-290.png	https://archive.org/download/ANewDictionaryArmenian-english/page/leaf143.jpg	body
Լեռնահանգէտ		a.	like a mountain, very high, enormous.	dict-290.png	https://archive.org/download/ANewDictionaryArmenian-english/page/leaf143.jpg	body
Լեռնայնկոյս		a.	beyond the mountains.	dict-290.png	https://archive.org/download/ANewDictionaryArmenian-english/page/leaf143.jpg	body
Լեսուք		s.	places water-worn by currents, or torrents; chem. detritus; cinders.	dict-290.png	https://archive.org/download/ANewDictionaryArmenian-english/page/leaf143.jpg	body
Լերդակէզ		a.	whose heart is touched; fig. sad, melancholy.; whose heart is touched; sad, melancholy.	dict-291.png	https://archive.org/download/ANewDictionaryArmenian-english/page/leaf143.jpg	body
Լէզ		s.	the licking, lapping up.	dict-289.png	https://archive.org/download/ANewDictionaryArmenian-english/page/leaf142.jpg	body
Լէշկ		a.	hairless, napless, worn out, consumed, wasted.	dict-290.png	https://archive.org/download/ANewDictionaryArmenian-english/page/leaf143.jpg	body
Լէշկամաշկ		s.	hide, skin.	dict-290.png	https://archive.org/download/ANewDictionaryArmenian-english/page/leaf143.jpg	body
Լէշկեայ		s.	a fur coat, pelisse.	dict-290.png	https://archive.org/download/ANewDictionaryArmenian-english/page/leaf143.jpg	body
Լէշկիմ		vn.	to lose the hair; to lose the nap, to wear out.	dict-290.png	https://archive.org/download/ANewDictionaryArmenian-english/page/leaf143.jpg	body
Լէրկ		a.	hairless, bald; gr. soft.; soft.	dict-291.png	https://archive.org/download/ANewDictionaryArmenian-english/page/leaf143.jpg	body
Լէփ		s.	declivity, incline, slope; steepness, a steep & profound declivity; declivity, incline, slope; steepness, a steep & profound declivity	dict-291.png	https://archive.org/download/ANewDictionaryArmenian-english/page/leaf143.jpg	body
Լիզափինջ առնեմ		va.	to lick up, to	dict-292.png	https://archive.org/download/ANewDictionaryArmenian-english/page/leaf144.jpg	body
Զօրահատոյց առնել, լինել		vn.	to detach troops; to expedite forces; to detach troops, to expedite forces.	dict-227.png	https://archive.org/download/ANewDictionaryArmenian-english/page/leaf111.jpg	body
Լինելոյ		a.	future, coming, inevitable	dict-292.png	https://archive.org/download/ANewDictionaryArmenian-english/page/leaf144.jpg	body
Լկիմ		vn.	to become soft, or	dict-293.png	https://archive.org/download/ANewDictionaryArmenian-english/page/leaf144.jpg	body
Լկնութի	Լկնութիւն			dict-293.png	https://archive.org/download/ANewDictionaryArmenian-english/page/leaf144.jpg	body
Լկութի	Լկութիւն	s.	impudence.	dict-293.png	https://archive.org/download/ANewDictionaryArmenian-english/page/leaf144.jpg	body
Լկտերանութիւն		s.	obscene, filthy, licentious language.	dict-293.png	https://archive.org/download/ANewDictionaryArmenian-english/page/leaf144.jpg	body
Լնգեմ		va.	to churn.	dict-294.png	https://archive.org/download/ANewDictionaryArmenian-english/page/leaf145.jpg	body
Լոյզ		s.		dict-294.png	https://archive.org/download/ANewDictionaryArmenian-english/page/leaf145.jpg	body
Լոյսամոյց երդք		s.	sky-light; garret-window.; garret-window.	dict-295.png	https://archive.org/download/ANewDictionaryArmenian-english/page/leaf145.jpg	body
Լոսդի		s. zool.	salmon.	dict-295.png	https://archive.org/download/ANewDictionaryArmenian-english/page/leaf145.jpg	body
Լորձային			salival.	dict-295.png	https://archive.org/download/ANewDictionaryArmenian-english/page/leaf145.jpg	body
Լորձեմ		va.	to set on edge.	dict-295.png	https://archive.org/download/ANewDictionaryArmenian-english/page/leaf145.jpg	body
Լորուտ		s.	obscene song.	dict-295.png	https://archive.org/download/ANewDictionaryArmenian-english/page/leaf145.jpg	body
Լուեմ		va.	to hem.	dict-296.png	https://archive.org/download/ANewDictionaryArmenian-english/page/leaf146.jpg	body
Լուզ				dict-297.png	https://archive.org/download/ANewDictionaryArmenian-english/page/leaf146.jpg	body
Լուզակ		s.	mech. float	dict-297.png	https://archive.org/download/ANewDictionaryArmenian-english/page/leaf146.jpg	body
լուզական		a.	adulatory, deceitful	dict-492.png	https://archive.org/download/ANewDictionaryArmenian-english/page/leaf244.jpg	body
Լուզապ		s.	emulsion.	dict-297.png	https://archive.org/download/ANewDictionaryArmenian-english/page/leaf146.jpg	body
լուզաց		s.	adulator, flatterer, sycophant, seducer	dict-492.png	https://archive.org/download/ANewDictionaryArmenian-english/page/leaf244.jpg	body
Լուզիկ		s.	zool. diver.	dict-297.png	https://archive.org/download/ANewDictionaryArmenian-english/page/leaf146.jpg	body
լուզութի	լուզութիւն	s.	adulation, flattery.	dict-492.png	https://archive.org/download/ANewDictionaryArmenian-english/page/leaf244.jpg	body
լուզութի	լուզութիւն	s.	adulation, flattery.	dict-492.png	https://archive.org/download/ANewDictionaryArmenian-english/page/leaf244.jpg	body
Լուծլիք		s.	zygomatic nerves; brains.	dict-297.png	https://archive.org/download/ANewDictionaryArmenian-english/page/leaf146.jpg	body
Լուսադրութիւն				dict-297.png	https://archive.org/download/ANewDictionaryArmenian-english/page/leaf146.jpg	body
Լուսնագանջ		s.	s. lunacy.	dict-299.png	https://archive.org/download/ANewDictionaryArmenian-english/page/leaf147.jpg	body
Լուսնանմանութի	Լուսնանմանութիւն	s. ast.	paraselene, [mock-moon.	dict-299.png	https://archive.org/download/ANewDictionaryArmenian-english/page/leaf147.jpg	body
Լուսնոտութի	Լուսնոտութիւն	s.	lunacy; madness; epilepsy; the falling-sickness. [sible.; lunacy, madness; epilepsy, the falling-sickness. [sible.	dict-299.png	https://archive.org/download/ANewDictionaryArmenian-english/page/leaf147.jpg	body
Լուտուռ		s. bot.	agriot; black-cherry.; agriot, black-cherry.	dict-299.png	https://archive.org/download/ANewDictionaryArmenian-english/page/leaf147.jpg	body
Լպուտ		s.	bowyer; cotton beater.; bowyer, cotton beater.	dict-300.png	https://archive.org/download/ANewDictionaryArmenian-english/page/leaf148.jpg	body
Լռակացութի	Լռակացութիւն	s.	silence, taciturnity.	dict-300.png	https://archive.org/download/ANewDictionaryArmenian-english/page/leaf148.jpg	body
Լսնասկի		s.	platina.	dict-301.png	https://archive.org/download/ANewDictionaryArmenian-english/page/leaf148.jpg	body
Լսնացուցանեմ, Լսնե-		va.	to whiten; to render white; to bleach.; to whiten, to render white, to bleach.	dict-301.png	https://archive.org/download/ANewDictionaryArmenian-english/page/leaf148.jpg	body
Լուր, լրոյ		s.	hearing; audition; audience; news; account; report; relation; hearsay; rumour; renown; fame; discourse; sermon; obedience; noise that wakes or rouses; sound; voice; cry; hearing, audition; news, account, report, relation; hearsay, rumour; renown, fame; discourse, sermon; sound, voice, cry	dict-299.png	https://archive.org/download/ANewDictionaryArmenian-english/page/leaf147.jpg	body
Մագլէմ, -լցեմ		vn.	to claw, to scratch; to clutch, to catch	dict-480.png	https://archive.org/download/ANewDictionaryArmenian-english/page/leaf238.jpg	body
Լքիչ		a.	that which vexes, torments, oppresses, troubles.	dict-293.png	https://archive.org/download/ANewDictionaryArmenian-english/page/leaf144.jpg	body
Լքոյ				dict-293.png	https://archive.org/download/ANewDictionaryArmenian-english/page/leaf144.jpg	body
Լքուկ		s.	torment, vexation; affliction, trouble; obedient, submissive.	dict-293.png	https://archive.org/download/ANewDictionaryArmenian-english/page/leaf144.jpg	body
Լօռադեղ		s.	turnsol, dutch orchal.	dict-302.png	https://archive.org/download/ANewDictionaryArmenian-english/page/leaf149.jpg	body
Խաբէապատիր		a.	fraudulent; deceitful, false, illusory, insidious, sophistical.	dict-302.png	https://archive.org/download/ANewDictionaryArmenian-english/page/leaf149.jpg	body
Խագ		s.	s. two edged sword.	dict-302.png	https://archive.org/download/ANewDictionaryArmenian-english/page/leaf149.jpg	body
Խազատետր		s.	music-book.	dict-306.png	https://archive.org/download/ANewDictionaryArmenian-english/page/leaf151.jpg	body
Խաժուրդ		s. chem.	Prussian blue.	dict-303.png	https://archive.org/download/ANewDictionaryArmenian-english/page/leaf149.jpg	body
Խալամովին		ad.	with the head.	dict-303.png	https://archive.org/download/ANewDictionaryArmenian-english/page/leaf149.jpg	body
Խալարակալք		s.	ornaments on freizes or capitals. [or buildings.; ornaments on freizes or capitals.	dict-303.png	https://archive.org/download/ANewDictionaryArmenian-english/page/leaf149.jpg	body
Խալիղոն		s.	snail; suit of rooms; snail: suit of rooms or buildings.	dict-303.png	https://archive.org/download/ANewDictionaryArmenian-english/page/leaf149.jpg	body
Խակախորհութի	Խակախորհութիւն	s.	immature judgment, puerility.	dict-303.png	https://archive.org/download/ANewDictionaryArmenian-english/page/leaf149.jpg	body
Խահարարուհի		sf.	cook; cook-maid.	dict-303.png	https://archive.org/download/ANewDictionaryArmenian-english/page/leaf149.jpg	body
Խաղակատակ				dict-304.png	https://archive.org/download/ANewDictionaryArmenian-english/page/leaf150.jpg	body
Խաղաւալեզու		a.	guttural; rough, harsh, hard, unpleasing, grating to the ear (language); guttural, rough, harsh, hard, unpleasing, grating to the ear (language).	dict-306.png	https://archive.org/download/ANewDictionaryArmenian-english/page/leaf151.jpg	body
Խաղեմ				dict-333.png	https://archive.org/download/ANewDictionaryArmenian-english/page/leaf164.jpg	body
Խաղետղ		s.	play-ground; tennis court	dict-306.png	https://archive.org/download/ANewDictionaryArmenian-english/page/leaf151.jpg	body
Խամուժ		s.	traces, (harness).	dict-306.png	https://archive.org/download/ANewDictionaryArmenian-english/page/leaf151.jpg	body
Խայծուտ		a.	spotted, speckled.	dict-306.png	https://archive.org/download/ANewDictionaryArmenian-english/page/leaf151.jpg	body
Խայտասպիտակ		S.		dict-306.png	https://archive.org/download/ANewDictionaryArmenian-english/page/leaf151.jpg	body
Խանամք		s.	trace, footstep;	dict-307.png	https://archive.org/download/ANewDictionaryArmenian-english/page/leaf151.jpg	body
Խանձիք		s.	odour of burning, of smoke.	dict-308.png	https://archive.org/download/ANewDictionaryArmenian-english/page/leaf152.jpg	body
Խաչալուաց առնեմ			to bless water by immersing a crucifix.	dict-308.png	https://archive.org/download/ANewDictionaryArmenian-english/page/leaf152.jpg	body
Խաչելութի	Խաչելութիւն	s.	crucifixion; crucifix.	dict-309.png	https://archive.org/download/ANewDictionaryArmenian-english/page/leaf152.jpg	body
Խաչօրհնէք		s.	benediction of the Holy Cross.	dict-309.png	https://archive.org/download/ANewDictionaryArmenian-english/page/leaf152.jpg	body
Խառնախուց խրտիլք		s.	house of ill-fame.	dict-309.png	https://archive.org/download/ANewDictionaryArmenian-english/page/leaf152.jpg	body
Խառնաղանճ ou -ղանջ		s.	the mass, the common herd, the multitude, the rabble, the mob; low, vulgar, plebeian	dict-309.png	https://archive.org/download/ANewDictionaryArmenian-english/page/leaf152.jpg	body
Խառնամաղ կոշտք		s.	siftings.	dict-309.png	https://archive.org/download/ANewDictionaryArmenian-english/page/leaf152.jpg	body
Խառնչեմ		vn.	to bray; to growl.; to bray; to growl.	dict-310.png	https://archive.org/download/ANewDictionaryArmenian-english/page/leaf153.jpg	body
Խատեակ		s.	fine strong	dict-310.png	https://archive.org/download/ANewDictionaryArmenian-english/page/leaf153.jpg	body
Խատուիճ		s.	wooden mould for pastry.	dict-310.png	https://archive.org/download/ANewDictionaryArmenian-english/page/leaf153.jpg	body
Խարաբուղ		s.	cooper's adze; plane.	dict-310.png	https://archive.org/download/ANewDictionaryArmenian-english/page/leaf153.jpg	body
Խարազանաբախութի	Խարազանաբախութիւն	s.	s. scourging, flagellation, discipline.	dict-310.png	https://archive.org/download/ANewDictionaryArmenian-english/page/leaf153.jpg	body
Խարաշն		a.	a. rude, coarse, rough, of	dict-310.png	https://archive.org/download/ANewDictionaryArmenian-english/page/leaf153.jpg	body
Խաւարասենեակ		s.	camera obscura.	dict-312.png	https://archive.org/download/ANewDictionaryArmenian-english/page/leaf154.jpg	body
Խաւիծ		s.	hasty-pudding.	dict-313.png	https://archive.org/download/ANewDictionaryArmenian-english/page/leaf154.jpg	body
Խափարական			S. Խաղտաւուր.	dict-313.png	https://archive.org/download/ANewDictionaryArmenian-english/page/leaf154.jpg	body
Մամխի, խեաց		s.	sloe-bush; bullace-tree; wild plum-tree.; sloe-bush, bullace-tree, wild plum-tree.	dict-483.png	https://archive.org/download/ANewDictionaryArmenian-english/page/leaf239.jpg	body
Խեթութիւն		s.	remorse, compunction.	dict-313.png	https://archive.org/download/ANewDictionaryArmenian-english/page/leaf154.jpg	body
Խելայեղուի				dict-314.png	https://archive.org/download/ANewDictionaryArmenian-english/page/leaf155.jpg	body
Խելատար, Խելար				dict-314.png	https://archive.org/download/ANewDictionaryArmenian-english/page/leaf155.jpg	body
Խելատար, Խելար				dict-314.png	https://archive.org/download/ANewDictionaryArmenian-english/page/leaf155.jpg	body
Խեխրիմ				dict-314.png	https://archive.org/download/ANewDictionaryArmenian-english/page/leaf155.jpg	body
Խեկլեկ		ad.	halting, hobbling, stumbling about.	dict-314.png	https://archive.org/download/ANewDictionaryArmenian-english/page/leaf155.jpg	body
Խեղաթիւրումն		s.	obliquity, crookedness, contortion; grimace, wry face, mouth; perversity, depravity.	dict-314.png	https://archive.org/download/ANewDictionaryArmenian-english/page/leaf155.jpg	body
Խեղափեռութի	Խեղափեռութիւն	s.	waywardness.	dict-314.png	https://archive.org/download/ANewDictionaryArmenian-english/page/leaf155.jpg	body
Խեղափեռութի	Խեղափեռութիւն	s.	waywardness.	dict-314.png	https://archive.org/download/ANewDictionaryArmenian-english/page/leaf155.jpg	body
Խեղկատանք			S. Խեղկատակութիւն.	dict-315.png	https://archive.org/download/ANewDictionaryArmenian-english/page/leaf155.jpg	body
Խեղպիմ		vn.	to be attached or bound to.	dict-314.png	https://archive.org/download/ANewDictionaryArmenian-english/page/leaf155.jpg	body
Խեմ		s.	thin scantling for making sieves, bandelets, &c.	dict-315.png	https://archive.org/download/ANewDictionaryArmenian-english/page/leaf155.jpg	body
Խենիթ			&c. S. Յիմար, &c.	dict-315.png	https://archive.org/download/ANewDictionaryArmenian-english/page/leaf155.jpg	body
Խեցակերտութի	Խեցակերտութիւն			dict-315.png	https://archive.org/download/ANewDictionaryArmenian-english/page/leaf155.jpg	body
Խեցխեղէք		s.	accent, point.	dict-316.png	https://archive.org/download/ANewDictionaryArmenian-english/page/leaf156.jpg	body
Խժդժագոյն		a.	very rude, very barbarous	dict-316.png	https://archive.org/download/ANewDictionaryArmenian-english/page/leaf156.jpg	body
Խժիժ, խժուժ				dict-316.png	https://archive.org/download/ANewDictionaryArmenian-english/page/leaf156.jpg	body
Խժիժ, խժուժ				dict-316.png	https://archive.org/download/ANewDictionaryArmenian-english/page/leaf156.jpg	body
Խիզար				dict-316.png	https://archive.org/download/ANewDictionaryArmenian-english/page/leaf156.jpg	body
Խիժահոյզ		s.	gum-resin.	dict-316.png	https://archive.org/download/ANewDictionaryArmenian-english/page/leaf156.jpg	body
Խիխաղատ		s.	filth, filthiness, fetid matter.	dict-317.png	https://archive.org/download/ANewDictionaryArmenian-english/page/leaf156.jpg	body
Խիկար		a.	learned, wise; pedantic.	dict-317.png	https://archive.org/download/ANewDictionaryArmenian-english/page/leaf156.jpg	body
Խիպիլիկ		s.	night-mare, incubus; phantom; bug-bear.	dict-317.png	https://archive.org/download/ANewDictionaryArmenian-english/page/leaf156.jpg	body
Խլաստեռ		s.	outer garment or veil of oriental women.	dict-317.png	https://archive.org/download/ANewDictionaryArmenian-english/page/leaf156.jpg	body
Խլէզ				dict-317.png	https://archive.org/download/ANewDictionaryArmenian-english/page/leaf156.jpg	body
Խխումն				dict-318.png	https://archive.org/download/ANewDictionaryArmenian-english/page/leaf157.jpg	body
Խծիպ		s.	quilting; quilting;	dict-318.png	https://archive.org/download/ANewDictionaryArmenian-english/page/leaf157.jpg	body
Խծպէմ		vn.	to quilt, to stitch, to pink;	dict-318.png	https://archive.org/download/ANewDictionaryArmenian-english/page/leaf157.jpg	body
Խղիւթեմ		vna.	to apply, to devote one's self to;; to explore.	dict-318.png	https://archive.org/download/ANewDictionaryArmenian-english/page/leaf157.jpg	body
Խղուլրտիւն		s.	noise, clatter, hubbub, uproar, rumour, turmoil, din, confusion.	dict-318.png	https://archive.org/download/ANewDictionaryArmenian-english/page/leaf157.jpg	body
Խճողէմ		va.	to fill, to heap up;; to stuff, to cram;	dict-318.png	https://archive.org/download/ANewDictionaryArmenian-english/page/leaf157.jpg	body
Խմբանգրի		s.	group.	dict-318.png	https://archive.org/download/ANewDictionaryArmenian-english/page/leaf157.jpg	body
Խնամախօս		s.	matrimonial mediator, go-between, match-maker	dict-319.png	https://archive.org/download/ANewDictionaryArmenian-english/page/leaf157.jpg	body
Խնդագին		a.	joyful, cheerful, gay, merry; gaily, cheerfully, merrily; ad. gaily, cheerfully, merrily	dict-319.png	https://archive.org/download/ANewDictionaryArmenian-english/page/leaf157.jpg	body
Խնդակութ		s.	bot.	dict-319.png	https://archive.org/download/ANewDictionaryArmenian-english/page/leaf157.jpg	body
Խնկոզկուզիկ		s. bot.	marjoram.	dict-320.png	https://archive.org/download/ANewDictionaryArmenian-english/page/leaf158.jpg	body
Խշարեմ		vn.	to despise.	dict-321.png	https://archive.org/download/ANewDictionaryArmenian-english/page/leaf158.jpg	body
Խշբիմ		vn.	to have a thirsty longing for acid things.	dict-321.png	https://archive.org/download/ANewDictionaryArmenian-english/page/leaf158.jpg	body
Խշտուկ		s.	gusset.	dict-321.png	https://archive.org/download/ANewDictionaryArmenian-english/page/leaf158.jpg	body
Խոլթ		s.	zool. kingfisher, halcyon	dict-321.png	https://archive.org/download/ANewDictionaryArmenian-english/page/leaf158.jpg	body
Խոհագործ				dict-322.png	https://archive.org/download/ANewDictionaryArmenian-english/page/leaf159.jpg	body
Խոհամահամ		vn.	to precipitate one's self, to fling, to cast or throw one's self headlong.	dict-322.png	https://archive.org/download/ANewDictionaryArmenian-english/page/leaf159.jpg	body
Խոհընտիր միտք			syllogism; syllogism.	dict-322.png	https://archive.org/download/ANewDictionaryArmenian-english/page/leaf159.jpg	body
Խարդախիչ, -խող		S.	Նենգիչ.	dict-311.png	https://archive.org/download/ANewDictionaryArmenian-english/page/leaf153.jpg	body
Խոպ				dict-324.png	https://archive.org/download/ANewDictionaryArmenian-english/page/leaf160.jpg	body
Խոռոց		s.	tibia, shin, shin-bone, shank; articulation.	dict-325.png	https://archive.org/download/ANewDictionaryArmenian-english/page/leaf160.jpg	body
Խոտորադիտակ		s.	polemoscope.	dict-325.png	https://archive.org/download/ANewDictionaryArmenian-english/page/leaf160.jpg	body
Խորաբանուի		s.	s. enigma; dark saying, profound import, hidden meaning.; dark saying, profound import, hidden meaning.	dict-326.png	https://archive.org/download/ANewDictionaryArmenian-english/page/leaf161.jpg	body
Խորագիտուի		s.	s. prudence, shrewdness, sagacity; craft, cunning.; craft, cunning.	dict-326.png	https://archive.org/download/ANewDictionaryArmenian-english/page/leaf161.jpg	body
Խորազգաց		a.	very skilful, deeply versed.	dict-326.png	https://archive.org/download/ANewDictionaryArmenian-english/page/leaf161.jpg	body
Խորազննութիւն		s.	inscrutable investigation. [cane; penetrating, acute.; inscrutable investigation.	dict-326.png	https://archive.org/download/ANewDictionaryArmenian-english/page/leaf161.jpg	body
Խորախօսութի	Խորախօսութիւն	S.	S. Խորաբանութի.	dict-326.png	https://archive.org/download/ANewDictionaryArmenian-english/page/leaf161.jpg	body
Խորամուզ		s.	s. diver; a. S. Խորամուխ.	dict-326.png	https://archive.org/download/ANewDictionaryArmenian-english/page/leaf161.jpg	body
Խորանահարութի	Խորանահարութիւն	s.	s. pitching tents; encamping.	dict-326.png	https://archive.org/download/ANewDictionaryArmenian-english/page/leaf161.jpg	body
Խորանաշու		a.	a. travelling with tents, camping.	dict-326.png	https://archive.org/download/ANewDictionaryArmenian-english/page/leaf161.jpg	body
Խորանարդաձեւ		a.	cubiform.	dict-327.png	https://archive.org/download/ANewDictionaryArmenian-english/page/leaf161.jpg	body
Խորդազգեաց		a.	clad in sack-cloth.	dict-327.png	https://archive.org/download/ANewDictionaryArmenian-english/page/leaf161.jpg	body
Խործուխ				dict-327.png	https://archive.org/download/ANewDictionaryArmenian-english/page/leaf161.jpg	body
խորհ		a.	whose thoughts are bent on justice, just, equitable	dict-282.png	https://archive.org/download/ANewDictionaryArmenian-english/page/leaf139.jpg	body
Խորհրդազգածուի		s.	initiation.	dict-328.png	https://archive.org/download/ANewDictionaryArmenian-english/page/leaf162.jpg	body
Խորշակահարուի		s.	sun-stroke.	dict-329.png	https://archive.org/download/ANewDictionaryArmenian-english/page/leaf162.jpg	body
Խորշաքաշ առնեմ, ժողովեմ		va.	to plait, to arrange gracefully, to fit, to adjust with elegance.	dict-329.png	https://archive.org/download/ANewDictionaryArmenian-english/page/leaf162.jpg	body
Խորուղակ		s.	whooping-cough.	dict-329.png	https://archive.org/download/ANewDictionaryArmenian-english/page/leaf162.jpg	body
Խորուփիք		s.	concavity, cavity.	dict-329.png	https://archive.org/download/ANewDictionaryArmenian-english/page/leaf162.jpg	body
Խորսխեմ		va.	to make the honey-comb; to fill with honey-cakes.	dict-329.png	https://archive.org/download/ANewDictionaryArmenian-english/page/leaf162.jpg	body
Բանախոյզ, խուզաց		a.	examiner.	dict-124.png	https://archive.org/download/ANewDictionaryArmenian-english/page/leaf60.jpg	body
Խուժգուժ		S.	Խուժադուժ.	dict-330.png	https://archive.org/download/ANewDictionaryArmenian-english/page/leaf163.jpg	body
Խուլցուրթիւն		s.	cooing of doves.	dict-330.png	https://archive.org/download/ANewDictionaryArmenian-english/page/leaf163.jpg	body
Խունաւադութ		s.	seasoning, flavour	dict-330.png	https://archive.org/download/ANewDictionaryArmenian-english/page/leaf163.jpg	body
Խուփ		s.	lid, cover; mech. cap, head	dict-331.png	https://archive.org/download/ANewDictionaryArmenian-english/page/leaf163.jpg	body
Խռուտատեսակ		a.	bushy, briery.	dict-332.png	https://archive.org/download/ANewDictionaryArmenian-english/page/leaf164.jpg	body
Խստաբեռունք		s.	heavy loads.	dict-332.png	https://archive.org/download/ANewDictionaryArmenian-english/page/leaf164.jpg	body
Խստակրօնութի	Խստակրօնութիւն	s.	austerity, severity, mortification.	dict-332.png	https://archive.org/download/ANewDictionaryArmenian-english/page/leaf164.jpg	body
Խստապարանոցութի	Խստապարանոցութիւն	s.	pertinacity, wilfulness, stubbornness.	dict-332.png	https://archive.org/download/ANewDictionaryArmenian-english/page/leaf164.jpg	body
Խստասրտութի	Խստասրտութիւն	s.	hardness of heart, obduracy; pertinacity, obstinacy;; impenitency.	dict-332.png	https://archive.org/download/ANewDictionaryArmenian-english/page/leaf164.jpg	body
Խստավարութի	Խստավարութիւն	s.	life of privations & hardships, a Spartan existence.	dict-332.png	https://archive.org/download/ANewDictionaryArmenian-english/page/leaf164.jpg	body
Խտերբախ		a.	hard mouthed, intractable, untamable, ungovernable; flexible, obstinate, pertinacious, impetuous, headlong, fiery, rebellious;	dict-332.png	https://archive.org/download/ANewDictionaryArmenian-english/page/leaf164.jpg	body
Խիտ, խտի		a.	thickness, density; close, dense, thick, serried; compact, dense; crowded, numerous, frequent; full; compact, dense; crowded, numerous, frequent; full	dict-317.png	https://archive.org/download/ANewDictionaryArmenian-english/page/leaf156.jpg	body
Խտտանք		s.	softness, effeminacy; deceit, insidious caresses, dalliance.	dict-333.png	https://archive.org/download/ANewDictionaryArmenian-english/page/leaf164.jpg	body
Խտրադէմ				dict-333.png	https://archive.org/download/ANewDictionaryArmenian-english/page/leaf164.jpg	body
Խտրադիմաց		a.	physiognomist	dict-333.png	https://archive.org/download/ANewDictionaryArmenian-english/page/leaf164.jpg	body
Խտրողագիւթ		a.	consulting witches.	dict-333.png	https://archive.org/download/ANewDictionaryArmenian-english/page/leaf164.jpg	body
Խտրուի				dict-333.png	https://archive.org/download/ANewDictionaryArmenian-english/page/leaf164.jpg	body
Խրայեմ		va.	to put on shoes; to lace on boots or shoes.	dict-334.png	https://archive.org/download/ANewDictionaryArmenian-english/page/leaf165.jpg	body
Խրայք		s.	shoe-lace, shoe-string	dict-334.png	https://archive.org/download/ANewDictionaryArmenian-english/page/leaf165.jpg	body
Խրատտուուի		s.	admonition, warning.	dict-334.png	https://archive.org/download/ANewDictionaryArmenian-english/page/leaf165.jpg	body
Խրթնագրուի		s.	short-hand, stenography.	dict-334.png	https://archive.org/download/ANewDictionaryArmenian-english/page/leaf165.jpg	body
Խրթնուի		s.	obscurity; meanness.	dict-334.png	https://archive.org/download/ANewDictionaryArmenian-english/page/leaf165.jpg	body
Խրխինջ				dict-334.png	https://archive.org/download/ANewDictionaryArmenian-english/page/leaf165.jpg	body
Խրխուռ		s.	fragment, relic.	dict-334.png	https://archive.org/download/ANewDictionaryArmenian-english/page/leaf165.jpg	body
Խրճանամ		vn.	to become like a bundle, to be bound in a sheaf	dict-334.png	https://archive.org/download/ANewDictionaryArmenian-english/page/leaf165.jpg	body
Խրոխտեմ				dict-334.png	https://archive.org/download/ANewDictionaryArmenian-english/page/leaf165.jpg	body
Խրչմերես		a.	wrinkled; shrivelled or puckered (face); wrinkled, shrivelled or puckered (face).	dict-334.png	https://archive.org/download/ANewDictionaryArmenian-english/page/leaf165.jpg	body
Խօթապատճառ լինիմ		vn.	to feign sickness.	dict-335.png	https://archive.org/download/ANewDictionaryArmenian-english/page/leaf165.jpg	body
Խօլադատ		a.	foolish	dict-335.png	https://archive.org/download/ANewDictionaryArmenian-english/page/leaf165.jpg	body
Ծաղկաւէտանամ		vna.	to blossom, to bloom, to flower, to flourish; chem. to exfoliate.	dict-338.png	https://archive.org/download/ANewDictionaryArmenian-english/page/leaf167.jpg	body
Ծաղրածութի	Ծաղրածութիւն	s.	facetiousness, buffoonery, waggishness; mockery, jeering, bantering.; mockery, jeering, bantering.	dict-339.png	https://archive.org/download/ANewDictionaryArmenian-english/page/leaf167.jpg	body
Ծամածռութի	Ծամածռութիւն	s.	crookedness, sinuosity, winding; fig. grimace, contortion of face, distortion.; grimace, contortion of face, distortion.	dict-339.png	https://archive.org/download/ANewDictionaryArmenian-english/page/leaf167.jpg	body
Ծայրագիր		s.	eking piece; prolongation.	dict-339.png	https://archive.org/download/ANewDictionaryArmenian-english/page/leaf167.jpg	body
Ծայրախուղ հնձեմ		vn.	to reap ears of corn.	dict-339.png	https://archive.org/download/ANewDictionaryArmenian-english/page/leaf167.jpg	body
Ծայրուի		s.	summit; highest pitch; excellence; perfection.; summit, highest pitch; excellence, perfection.	dict-340.png	https://archive.org/download/ANewDictionaryArmenian-english/page/leaf168.jpg	body
Ծանրաթուն		a.	sleepy, drowsy,; somnolent;	dict-341.png	https://archive.org/download/ANewDictionaryArmenian-english/page/leaf168.jpg	body
Ծանրամտութ		s.	stupidity; peevish-; ness, obstinacy; cowardice.	dict-341.png	https://archive.org/download/ANewDictionaryArmenian-english/page/leaf168.jpg	body
Ծանրողութի	Ծանրողութիւն	s. mech.	gravitation.	dict-341.png	https://archive.org/download/ANewDictionaryArmenian-english/page/leaf168.jpg	body
Ծառակոտոր		a.	pruning	dict-342.png	https://archive.org/download/ANewDictionaryArmenian-english/page/leaf169.jpg	body
Ծառացումն			mount up in tree-like masses.	dict-342.png	https://archive.org/download/ANewDictionaryArmenian-english/page/leaf169.jpg	body
Ծերատածուի		s.	tending the aged.	dict-343.png	https://archive.org/download/ANewDictionaryArmenian-english/page/leaf169.jpg	body
Ծթրիմ		vn.	to grow rancid or rank; to smell rancid.; to grow rancid or rank; to smell rancid.	dict-344.png	https://archive.org/download/ANewDictionaryArmenian-english/page/leaf170.jpg	body
Արծարծանեմ, ծի, Արծարծեմ		va.	to stir; to poke; to blow the fire; to incense; to animate; to irritate; to revive; to renovate; to renew.; to stir, to poke, to blow the fire; to incense, to animate, to irritate; to revive, to renovate, to renew.	dict-108.png	https://archive.org/download/ANewDictionaryArmenian-english/page/leaf52.jpg	body
Ծիծեռնիկ		s.	pulley. [stem.	dict-344.png	https://archive.org/download/ANewDictionaryArmenian-english/page/leaf170.jpg	body
Ծիրանեզարդ				dict-345.png	https://archive.org/download/ANewDictionaryArmenian-english/page/leaf170.jpg	body
Ծիրաներիմիմ				dict-345.png	https://archive.org/download/ANewDictionaryArmenian-english/page/leaf170.jpg	body
Ծխականք				dict-345.png	https://archive.org/download/ANewDictionaryArmenian-english/page/leaf170.jpg	body
Ծծմբա–		a.	sulphurous, mixed with sulphur.	dict-345.png	https://archive.org/download/ANewDictionaryArmenian-english/page/leaf170.jpg	body
Ծկլամ		vn.	to reach or stretch oneself out to see.	dict-346.png	https://archive.org/download/ANewDictionaryArmenian-english/page/leaf171.jpg	body
Ծկլիկ		s.	yule-log. [the little finger.	dict-346.png	https://archive.org/download/ANewDictionaryArmenian-english/page/leaf171.jpg	body
Ծղինի		s.	hinge; pivot	dict-346.png	https://archive.org/download/ANewDictionaryArmenian-english/page/leaf171.jpg	body
Ծմէլ		s. bot.	spinage; beetroot.	dict-346.png	https://archive.org/download/ANewDictionaryArmenian-english/page/leaf171.jpg	body
Ծնգածալ				dict-346.png	https://archive.org/download/ANewDictionaryArmenian-english/page/leaf171.jpg	body
Ծնդիր		s.	genuflection, kneeling.	dict-346.png	https://archive.org/download/ANewDictionaryArmenian-english/page/leaf171.jpg	body
Ծնելութի	Ծնելութիւն	s.	child-birth, birth; ge-	dict-346.png	https://archive.org/download/ANewDictionaryArmenian-english/page/leaf171.jpg	body
Ծնողութի	Ծնողութիւն	s.	generation, paternity, maternity.	dict-347.png	https://archive.org/download/ANewDictionaryArmenian-english/page/leaf171.jpg	body
Ծնչումն		s.	birth; midwifery, obstetrics.	dict-347.png	https://archive.org/download/ANewDictionaryArmenian-english/page/leaf171.jpg	body
Ծովահերձ, Ծովահերձիկ		a.	that cuts, divides, [cleaves or ploughs the sea.; that cuts, divides, cleaves or ploughs the sea.	dict-348.png	https://archive.org/download/ANewDictionaryArmenian-english/page/leaf172.jpg	body
Ծովափն				dict-349.png	https://archive.org/download/ANewDictionaryArmenian-english/page/leaf172.jpg	body
Վերամբարձայած or ծու		a.	star-gazing	dict-710.png	https://archive.org/download/ANewDictionaryArmenian-english/page/leaf353.jpg	body
Ծուլամտութի	Ծուլամտութիւն	s.	s. idleness; listlessness, carelessness.; listlessness, carelessness.	dict-349.png	https://archive.org/download/ANewDictionaryArmenian-english/page/leaf172.jpg	body
Ծուլութի	Ծուլութիւն	s.	idleness; slothfulness; laziness; sluggishness; idleness, slothfulness, laziness, sluggishness	dict-350.png	https://archive.org/download/ANewDictionaryArmenian-english/page/leaf173.jpg	body
Ծռավիզ		a.	wry-necked.	dict-350.png	https://archive.org/download/ANewDictionaryArmenian-english/page/leaf173.jpg	body
Ծռութի	Ծռութիւն	s.	inclination, curve, bent	dict-350.png	https://archive.org/download/ANewDictionaryArmenian-english/page/leaf173.jpg	body
Ծրագրուի		s.	laying out	dict-350.png	https://archive.org/download/ANewDictionaryArmenian-english/page/leaf173.jpg	body
Ծօք		s.	water-crane.	dict-351.png	https://archive.org/download/ANewDictionaryArmenian-english/page/leaf173.jpg	body
Կազագործութի	Կազագործութիւն	s.	manufacture of gauze; distillation of gas.	dict-351.png	https://archive.org/download/ANewDictionaryArmenian-english/page/leaf173.jpg	body
Կազմագործուի		s.	furniture-making.	dict-351.png	https://archive.org/download/ANewDictionaryArmenian-english/page/leaf173.jpg	body
Կաթողիկոսութի	Կաթողիկոսութիւն	s.	patriarchal dignity, patriarchate.	dict-353.png	https://archive.org/download/ANewDictionaryArmenian-english/page/leaf174.jpg	body
Կաթսայագործութի	Կաթսայագործութիւն	s.	coppersmith's calling; mech. boiler manufacture.	dict-353.png	https://archive.org/download/ANewDictionaryArmenian-english/page/leaf174.jpg	body
Կալանաւորութի	Կալանաւորութիւն	s.	detention, captivity, imprisonment.	dict-353.png	https://archive.org/download/ANewDictionaryArmenian-english/page/leaf174.jpg	body
Կալուանաձոյլ		a.	galvanoplastic	dict-353.png	https://archive.org/download/ANewDictionaryArmenian-english/page/leaf174.jpg	body
Կախարդագիտութի	Կախարդագիտութիւն	s.	fairy or magic art or power, witchcraft, demonology.	dict-353.png	https://archive.org/download/ANewDictionaryArmenian-english/page/leaf174.jpg	body
Կախարդութի	Կախարդութիւն	s.	charm, enchantment, spell, fascination, sorcery, magic, witchcraft, theurgy.	dict-353.png	https://archive.org/download/ANewDictionaryArmenian-english/page/leaf174.jpg	body
Կամակատարութի	Կամակատարութիւն	s.	complaisance, obligingness, kindness.	dict-355.png	https://archive.org/download/ANewDictionaryArmenian-english/page/leaf175.jpg	body
Կամակորութի	Կամակորութիւն	s.	crookedness, tortuosity, winding; perversity, depravation	dict-356.png	https://archive.org/download/ANewDictionaryArmenian-english/page/leaf176.jpg	body
Կամակուի		s.	pleasure, contentment.	dict-356.png	https://archive.org/download/ANewDictionaryArmenian-english/page/leaf176.jpg	body
Կամելուի		s.	will, wish.	dict-356.png	https://archive.org/download/ANewDictionaryArmenian-english/page/leaf176.jpg	body
Կամնտայ		s.	coach-pole.	dict-356.png	https://archive.org/download/ANewDictionaryArmenian-english/page/leaf176.jpg	body
Կայթռոտ		a.	leaping skittishly here & there, skipping, tripping along.	dict-357.png	https://archive.org/download/ANewDictionaryArmenian-english/page/leaf176.jpg	body
Կայծակա-		a.	mixed with live coals; smouldering	dict-357.png	https://archive.org/download/ANewDictionaryArmenian-english/page/leaf176.jpg	body
Կայծանել մելան		s.		dict-358.png	https://archive.org/download/ANewDictionaryArmenian-english/page/leaf177.jpg	body
Կայծխոտ		s. bot.		dict-358.png	https://archive.org/download/ANewDictionaryArmenian-english/page/leaf177.jpg	body
Կայուի		s.	stability; firmness.; stability, firmness.	dict-358.png	https://archive.org/download/ANewDictionaryArmenian-english/page/leaf177.jpg	body
Կայսերութի	Կայսերութիւն	s.	empire; empire;	dict-358.png	https://archive.org/download/ANewDictionaryArmenian-english/page/leaf177.jpg	body
Կայտեր		s.	marks or veins in alabaster.	dict-358.png	https://archive.org/download/ANewDictionaryArmenian-english/page/leaf177.jpg	body
Կայտիւ		s.	rejoicing, exultation; capering, friskiness, frolicsomeness, playfulness: aquatic animal, fish.	dict-358.png	https://archive.org/download/ANewDictionaryArmenian-english/page/leaf177.jpg	body
Դանդաղագին, -գոյն, -կան		a.	very slow.	dict-166.png	https://archive.org/download/ANewDictionaryArmenian-english/page/leaf81.jpg	body
Կանանցահանդերձ		a.	petticoated, clothed in woman's garments.	dict-358.png	https://archive.org/download/ANewDictionaryArmenian-english/page/leaf177.jpg	body
Կանանցապետութի	Կանանցապետութիւն	s.	gynecocracy, petticoat government.	dict-358.png	https://archive.org/download/ANewDictionaryArmenian-english/page/leaf177.jpg	body
Կանխաբանութի	Կանխաբանութիւն	s.	foretelling, prediction; introduction.	dict-359.png	https://archive.org/download/ANewDictionaryArmenian-english/page/leaf177.jpg	body
Կանխագիտութի	Կանխագիտութիւն	s.	foreknowledge,	dict-359.png	https://archive.org/download/ANewDictionaryArmenian-english/page/leaf177.jpg	body
Կանխախօսուի		s.	prediction, prophe-	dict-359.png	https://archive.org/download/ANewDictionaryArmenian-english/page/leaf177.jpg	body
Կանխութի	Կանխութիւն	s.	priority; anteriority; priority, anteriority;	dict-360.png	https://archive.org/download/ANewDictionaryArmenian-english/page/leaf178.jpg	body
Կանկիչ		s.	wooden hook.	dict-360.png	https://archive.org/download/ANewDictionaryArmenian-english/page/leaf178.jpg	body
Կանոնագրական		a.	relating to rules or regulations.	dict-360.png	https://archive.org/download/ANewDictionaryArmenian-english/page/leaf178.jpg	body
Կանոնլցմունք		s.	appendix or supplement to the canons.	dict-360.png	https://archive.org/download/ANewDictionaryArmenian-english/page/leaf178.jpg	body
Կաշմքուռն		a.	strong, sturdy, robust, athletic, muscular, brawny.	dict-361.png	https://archive.org/download/ANewDictionaryArmenian-english/page/leaf178.jpg	body
Կապակցութի	Կապակցութիւն	s.	bond, joint, conjunction, connexion; coherence, relation, concatenation.	dict-361.png	https://archive.org/download/ANewDictionaryArmenian-english/page/leaf178.jpg	body
Կապտաշ		a.	sky-blue, sky-coloured.	dict-362.png	https://archive.org/download/ANewDictionaryArmenian-english/page/leaf179.jpg	body
Կապտուի		s.	spoiling, strip-	dict-362.png	https://archive.org/download/ANewDictionaryArmenian-english/page/leaf179.jpg	body
Կառաժուզ		s. zool.	gnat, mosquito.	dict-362.png	https://archive.org/download/ANewDictionaryArmenian-english/page/leaf179.jpg	body
Կառափնատեղ		s.	Golgotha, place of the skull, place of execution.; place of the skull; place of execution.	dict-363.png	https://archive.org/download/ANewDictionaryArmenian-english/page/leaf179.jpg	body
Կաստրիոս		s.	beaver; castor; Castor.; zool. beaver, castor; ast. Castor.	dict-363.png	https://archive.org/download/ANewDictionaryArmenian-english/page/leaf179.jpg	body
Կատաք		s.	bird living on herbs.	dict-364.png	https://archive.org/download/ANewDictionaryArmenian-english/page/leaf180.jpg	body
Կարասեկիր		a.	carrying goods; baggage-bearing; beast of burden.	dict-366.png	https://archive.org/download/ANewDictionaryArmenian-english/page/leaf181.jpg	body
Կարիստոս			(Greek word)	dict-367.png	https://archive.org/download/ANewDictionaryArmenian-english/page/leaf181.jpg	body
Կարծառ		s.	reel; winder.	dict-367.png	https://archive.org/download/ANewDictionaryArmenian-english/page/leaf181.jpg	body
Կարկաչահոս		a.	rushing or running with a murmuring noise; purling brook.	dict-369.png	https://archive.org/download/ANewDictionaryArmenian-english/page/leaf182.jpg	body
Կարկափանամ		vn.	to be mute, to become dumb, speechless, tongue-tied	dict-369.png	https://archive.org/download/ANewDictionaryArmenian-english/page/leaf182.jpg	body
Կարճամտեմ				dict-370.png	https://archive.org/download/ANewDictionaryArmenian-english/page/leaf183.jpg	body
Կարճինք		s.	root.	dict-370.png	https://archive.org/download/ANewDictionaryArmenian-english/page/leaf183.jpg	body
Կարմրատուտան		a.	red-tailed; red-tail, red-start.	dict-371.png	https://archive.org/download/ANewDictionaryArmenian-english/page/leaf183.jpg	body
Կարչն		s.	nerve, sinew; fig. strength.	dict-371.png	https://archive.org/download/ANewDictionaryArmenian-english/page/leaf183.jpg	body
Կարչնեղ		a.	nervous, muscular, vigorous, robust, strong, sturdy.	dict-371.png	https://archive.org/download/ANewDictionaryArmenian-english/page/leaf183.jpg	body
Կարչնեղութիւն		s.	robustness, sturdiness, strength, vigour.	dict-371.png	https://archive.org/download/ANewDictionaryArmenian-english/page/leaf183.jpg	body
կարսոն		s. bot.	parsley.	dict-782.png	https://archive.org/download/ANewDictionaryArmenian-english/page/leaf389.jpg	body
Կացաճի		s.	horseman; horse-soldier, trooper.	dict-372.png	https://archive.org/download/ANewDictionaryArmenian-english/page/leaf184.jpg	body
Կափկոփումն		s.	gnashing, chattering of the teeth	dict-372.png	https://archive.org/download/ANewDictionaryArmenian-english/page/leaf184.jpg	body
Կաթողիկեայ, կէից or կեայց		a.	a. uni-versal, general; catholic; թուղթ -կեայց, epistle, universal letter.	dict-352.png	https://archive.org/download/ANewDictionaryArmenian-english/page/leaf174.jpg	body
կեղծակարծիք		s.	doubt, misgiving, uncertainty, suspicion, mistrust.	dict-374.png	https://archive.org/download/ANewDictionaryArmenian-english/page/leaf185.jpg	body
Կենաղաւ		a.	murderous, killing, mortal, deadly, lethal.	dict-374.png	https://archive.org/download/ANewDictionaryArmenian-english/page/leaf185.jpg	body
Կենդանագրութի	Կենդանագրութիւն		painting: zoography.; graphy.	dict-375.png	https://archive.org/download/ANewDictionaryArmenian-english/page/leaf185.jpg	body
Կենդանածնութի	Կենդանածնութիւն		birth, bringing forth.	dict-375.png	https://archive.org/download/ANewDictionaryArmenian-english/page/leaf185.jpg	body
Կենդանակէզ առնեմ		va.	to burn alive.; to burn; alive.	dict-375.png	https://archive.org/download/ANewDictionaryArmenian-english/page/leaf185.jpg	body
Կենդանահատ			&c.	dict-375.png	https://archive.org/download/ANewDictionaryArmenian-english/page/leaf185.jpg	body
Կենդանաձայն աւանդուի			oral tradition.	dict-375.png	https://archive.org/download/ANewDictionaryArmenian-english/page/leaf185.jpg	body
Կենդոնատ		s.	rag, tatter.	dict-376.png	https://archive.org/download/ANewDictionaryArmenian-english/page/leaf186.jpg	body
Կենենղուտ		a.	alive, living; vital; vivacious.; vital; vivacious.	dict-376.png	https://archive.org/download/ANewDictionaryArmenian-english/page/leaf186.jpg	body
Վարնգենի or կենի		s.	cucumber-plant.	dict-706.png	https://archive.org/download/ANewDictionaryArmenian-english/page/leaf351.jpg	body
Կետագրեմ		va.	to punctuate;	dict-376.png	https://archive.org/download/ANewDictionaryArmenian-english/page/leaf186.jpg	body
Կետահարութի	Կետահարութիւն	s.	confines, limits.	dict-376.png	https://archive.org/download/ANewDictionaryArmenian-english/page/leaf186.jpg	body
Կերուխում		s.	eating & drinking, junketing, good living, good cheer, feasting.	dict-377.png	https://archive.org/download/ANewDictionaryArmenian-english/page/leaf186.jpg	body
Կերպակցութի	Կերպակցութիւն	s.	conformity; like-ness, resemblance, similarity.	dict-377.png	https://archive.org/download/ANewDictionaryArmenian-english/page/leaf186.jpg	body
Կերպարանակցուի		s.	conformity.	dict-378.png	https://archive.org/download/ANewDictionaryArmenian-english/page/leaf187.jpg	body
Կերպարանանութի	Կերպարանանութիւն	s.	prosopopea, personification.	dict-378.png	https://archive.org/download/ANewDictionaryArmenian-english/page/leaf187.jpg	body
Կերպարանանութի	Կերպարանանութիւն	s.	prosopopea, personification.	dict-378.png	https://archive.org/download/ANewDictionaryArmenian-english/page/leaf187.jpg	body
Կերպարանափոխութի	Կերպարանափոխութիւն	s.	metamorphosis, transformation, change.	dict-378.png	https://archive.org/download/ANewDictionaryArmenian-english/page/leaf187.jpg	body
Կերպարանութի	Կերպարանութիւն	S.	fic-tion, fraud, feint, deceit.	dict-378.png	https://archive.org/download/ANewDictionaryArmenian-english/page/leaf187.jpg	body
Կեցութի	Կեցութիւն	s.	existence, life; health.	dict-378.png	https://archive.org/download/ANewDictionaryArmenian-english/page/leaf187.jpg	body
Կեցցե՛ս, Կեցցէ՛		int.	bravo!; huzza!; hurrah!; bravo! huzza! hurrah!	dict-378.png	https://archive.org/download/ANewDictionaryArmenian-english/page/leaf187.jpg	body
Կեփազ		s.	finest gold.	dict-378.png	https://archive.org/download/ANewDictionaryArmenian-english/page/leaf187.jpg	body
Կզուի		s.	hunch; hump; humpback.; hunch, hump, humpback.	dict-378.png	https://archive.org/download/ANewDictionaryArmenian-english/page/leaf187.jpg	body
Կաթողիկեայ, կէից or կեայց		a.	a. uni-versal, general; catholic; թուղթ -կեայց, epistle, universal letter.	dict-352.png	https://archive.org/download/ANewDictionaryArmenian-english/page/leaf174.jpg	body
Կրուկ, կրկան, կրկունք, Կրունկն, կընկան		s.	heel; back, hind part	dict-399.png	https://archive.org/download/ANewDictionaryArmenian-english/page/leaf197.jpg	body
Կթելի		s.	production; produce.; production, produce.	dict-379.png	https://archive.org/download/ANewDictionaryArmenian-english/page/leaf187.jpg	body
Կթիա		s. chem.	chem. amygdalin.	dict-379.png	https://archive.org/download/ANewDictionaryArmenian-english/page/leaf187.jpg	body
Կթութի	Կթութիւն	a.	feeble, weak.; weak.	dict-379.png	https://archive.org/download/ANewDictionaryArmenian-english/page/leaf187.jpg	body
Կթութի	Կթութիւն	a.	feeble, weak.; weak.	dict-379.png	https://archive.org/download/ANewDictionaryArmenian-english/page/leaf187.jpg	body
Կիժ		s.	worthless, good for nothing fellow, ne'er do well.	dict-379.png	https://archive.org/download/ANewDictionaryArmenian-english/page/leaf187.jpg	body
Կիկլոպ		s.	cyclop.	dict-379.png	https://archive.org/download/ANewDictionaryArmenian-english/page/leaf187.jpg	body
Կիսաքոյր		s.	half-sister.	dict-380.png	https://archive.org/download/ANewDictionaryArmenian-english/page/leaf188.jpg	body
Կիտագրեմ		va.	to establish, to determine, to prescribe	dict-380.png	https://archive.org/download/ANewDictionaryArmenian-english/page/leaf188.jpg	body
Կլթիկ		S.	biscuit.	dict-381.png	https://archive.org/download/ANewDictionaryArmenian-english/page/leaf188.jpg	body
Կլիկ		or	ring-shaped ship	dict-381.png	https://archive.org/download/ANewDictionaryArmenian-english/page/leaf188.jpg	body
Կլուկ		S.	Տ. Ատոք.	dict-381.png	https://archive.org/download/ANewDictionaryArmenian-english/page/leaf188.jpg	body
Կլպտրուկ		s.	pimple.	dict-381.png	https://archive.org/download/ANewDictionaryArmenian-english/page/leaf188.jpg	body
Կծմընծուկ		s. bot.	garden-cresses.	dict-382.png	https://archive.org/download/ANewDictionaryArmenian-english/page/leaf189.jpg	body
Կսկիծ, կծոյ, ծի		s.	smart, smarting, tingling; twinge, twitch, sharp pain; regret, vexation, displeasure, evil, affliction, heart-rending anguish.; smart, smarting, tingling; twinge, twitch, sharp pain; regret, vexation, displeasure, evil, affliction, heart-rending anguish.	dict-395.png	https://archive.org/download/ANewDictionaryArmenian-english/page/leaf195.jpg	body
Կղպանք, Կղպեմ				dict-382.png	https://archive.org/download/ANewDictionaryArmenian-english/page/leaf189.jpg	body
Կղպանք, Կղպեմ				dict-382.png	https://archive.org/download/ANewDictionaryArmenian-english/page/leaf189.jpg	body
Կճասալ յատակ		s.	marble-pavement.; marble-pave-	dict-382.png	https://archive.org/download/ANewDictionaryArmenian-english/page/leaf189.jpg	body
Կճեպ				dict-382.png	https://archive.org/download/ANewDictionaryArmenian-english/page/leaf189.jpg	body
Կմբէթ			S. Գմբէթ, &c.	dict-383.png	https://archive.org/download/ANewDictionaryArmenian-english/page/leaf189.jpg	body
Կմբէթանի		s. pl.	cupolas, domes.	dict-383.png	https://archive.org/download/ANewDictionaryArmenian-english/page/leaf189.jpg	body
Կնահանուի		s.	repudiation; divorce.	dict-383.png	https://archive.org/download/ANewDictionaryArmenian-english/page/leaf189.jpg	body
Կնանտոց		s.	plectrum, ivory wand to play on a musical instrument with; bow, fiddle-stick.; bow, fiddle-stick.	dict-384.png	https://archive.org/download/ANewDictionaryArmenian-english/page/leaf190.jpg	body
Կնատաճորձ		s.	a sorry garment; rag, tatter.	dict-383.png	https://archive.org/download/ANewDictionaryArmenian-english/page/leaf189.jpg	body
Կնատութի	Կնատութիւն	s.	effeminacy, cowardice, softness, faint-heartedness, pusillanimity.	dict-383.png	https://archive.org/download/ANewDictionaryArmenian-english/page/leaf189.jpg	body
Կնճաձայն		a.	affected, prim; flattering, wheedling.	dict-383.png	https://archive.org/download/ANewDictionaryArmenian-english/page/leaf189.jpg	body
Կնճիւն		s.	knot, tie; pucker, wrinkle; frowning, frown; embarrassment, entanglement, complication, intrigue, scrape, difficulty, hinderance, hitch; - ծնանել յերեսս, to contract or knit one's brows, to frown; to look gruff, to put on a surly look; to turn up one's nose, to make wry faces; հատանել, բառնալ զ-ն, to decide a question, to solve or set at rest a disputed point; - կտաւոյ, plaits, folds; - խաղողոյ, husks of pressed grapes; S. Կոխած.	dict-383.png	https://archive.org/download/ANewDictionaryArmenian-english/page/leaf189.jpg	body
Կնճնի		s.	elm; elm;	dict-383.png	https://archive.org/download/ANewDictionaryArmenian-english/page/leaf189.jpg	body
Կնջուղտ		s.	beast half camel half wild-boar, chimera.	dict-384.png	https://archive.org/download/ANewDictionaryArmenian-english/page/leaf190.jpg	body
Կնքաբանութի	Կնքաբանութիւն	s.	blazon, heraldry.	dict-384.png	https://archive.org/download/ANewDictionaryArmenian-english/page/leaf190.jpg	body
Կշռաբանութի, -գիտուի	Կշռաբանութիւն	s.	statics.	dict-385.png	https://archive.org/download/ANewDictionaryArmenian-english/page/leaf190.jpg	body
Կշտամբուի		S.	Կշտամբանք. [armlet.	dict-385.png	https://archive.org/download/ANewDictionaryArmenian-english/page/leaf190.jpg	body
Կոծագիր		a.	lamenting, weeping.	dict-386.png	https://archive.org/download/ANewDictionaryArmenian-english/page/leaf191.jpg	body
Կոծոփուր				dict-386.png	https://archive.org/download/ANewDictionaryArmenian-english/page/leaf191.jpg	body
Կոկոզաբանութի	Կոկոզաբանութիւն	s.	magniloquence, boasting, bragging, pomposity; sophistry.	dict-386.png	https://archive.org/download/ANewDictionaryArmenian-english/page/leaf191.jpg	body
Կոկոլ		s.	tailless hen; tailless hen.	dict-386.png	https://archive.org/download/ANewDictionaryArmenian-english/page/leaf191.jpg	body
Կոկով		s.	testicle; testicle.	dict-386.png	https://archive.org/download/ANewDictionaryArmenian-english/page/leaf191.jpg	body
Կրկովիմ, Կոկովիմ		vn.	to have the eyes starting from their sockets.	dict-399.png	https://archive.org/download/ANewDictionaryArmenian-english/page/leaf197.jpg	body
Կողակ		s.	architrave; lateral construction; wood-work, frame work, planks, joists; back of a house.; * back of a house.	dict-385.png	https://archive.org/download/ANewDictionaryArmenian-english/page/leaf190.jpg	body
Կողբ		s.	ղերք, երց s. branch, bough.	dict-388.png	https://archive.org/download/ANewDictionaryArmenian-english/page/leaf192.jpg	body
Կողինճ		s.	bread-crust.	dict-387.png	https://archive.org/download/ANewDictionaryArmenian-english/page/leaf191.jpg	body
Կողպաս		s.	woman's veil	dict-385.png	https://archive.org/download/ANewDictionaryArmenian-english/page/leaf190.jpg	body
Կոճակաձիգ		s.	button-hook.	dict-388.png	https://archive.org/download/ANewDictionaryArmenian-english/page/leaf192.jpg	body
Կոյագնդիռ		s.	dung-beetle.	dict-388.png	https://archive.org/download/ANewDictionaryArmenian-english/page/leaf192.jpg	body
Կոյք		s.	diarrhœa, looseness of bowels, flux, dysentery.	dict-388.png	https://archive.org/download/ANewDictionaryArmenian-english/page/leaf192.jpg	body
Կոնճեղ		s. bot.	cyperus; turk. habbul' aziz.	dict-389.png	https://archive.org/download/ANewDictionaryArmenian-english/page/leaf192.jpg	body
Կոնոմ				dict-389.png	https://archive.org/download/ANewDictionaryArmenian-english/page/leaf192.jpg	body
Կոշտացեմ		va.	to form, to shape, to fashion, to figure.	dict-389.png	https://archive.org/download/ANewDictionaryArmenian-english/page/leaf192.jpg	body
Կոշտութիւն		s.	grossness, coarseness, indelicacy, rudeness.	dict-389.png	https://archive.org/download/ANewDictionaryArmenian-english/page/leaf192.jpg	body
Կոչելի				dict-389.png	https://archive.org/download/ANewDictionaryArmenian-english/page/leaf192.jpg	body
Կոպիտ, Կոպտութիւն				dict-389.png	https://archive.org/download/ANewDictionaryArmenian-english/page/leaf192.jpg	body
Կոպոճ		a.	beaten, ruined, destroyed, worn away.	dict-389.png	https://archive.org/download/ANewDictionaryArmenian-english/page/leaf192.jpg	body
Կոպոճամահ լինիմ		vn.	to be beaten or cudgelled to death; to die on the rack.	dict-389.png	https://archive.org/download/ANewDictionaryArmenian-english/page/leaf192.jpg	body
Կոպոճեմ		va.	to beat, to strike, to bemaul, to beat to death, to torture, to put to the rack, to murder, to slay, to massacre, to butcher, to kill in a violent & cruel manner	dict-389.png	https://archive.org/download/ANewDictionaryArmenian-english/page/leaf192.jpg	body
Կոպոճումն		s.	torment, torture, rack; slaughter; suffering, grief, trouble.	dict-389.png	https://archive.org/download/ANewDictionaryArmenian-english/page/leaf192.jpg	body
Կոպիտ, Կոպտութիւն				dict-389.png	https://archive.org/download/ANewDictionaryArmenian-english/page/leaf192.jpg	body
Կոռոփ		s.	buffalo-dung; large phlegm, ugly spittle.; buffalo-dung: large phlegm,; ugly spittle.	dict-390.png	https://archive.org/download/ANewDictionaryArmenian-english/page/leaf193.jpg	body
Կովնոց		s.	cow-house, vaccary.	dict-390.png	https://archive.org/download/ANewDictionaryArmenian-english/page/leaf193.jpg	body
Կոտիղ		s.	cotyla (measure).	dict-390.png	https://archive.org/download/ANewDictionaryArmenian-english/page/leaf193.jpg	body
Կոտինգ		s.	mug, drinking-vessel.	dict-390.png	https://archive.org/download/ANewDictionaryArmenian-english/page/leaf193.jpg	body
Կոտոշ		S.		dict-390.png	https://archive.org/download/ANewDictionaryArmenian-english/page/leaf193.jpg	body
Կորգ		a.	rough, untilled, unploughed, wild, waste;; fallow;; waste land.	dict-391.png	https://archive.org/download/ANewDictionaryArmenian-english/page/leaf193.jpg	body
Կորգակ		s.	helmet, casque.	dict-391.png	https://archive.org/download/ANewDictionaryArmenian-english/page/leaf193.jpg	body
Կորգանամ		vn.	to lie fallow.	dict-391.png	https://archive.org/download/ANewDictionaryArmenian-english/page/leaf193.jpg	body
Կորգացուցանեմ		va.	to let lie fallow.	dict-391.png	https://archive.org/download/ANewDictionaryArmenian-english/page/leaf193.jpg	body
Կորդին		s.	pack-saddle.	dict-391.png	https://archive.org/download/ANewDictionaryArmenian-english/page/leaf193.jpg	body
Կոր ի գլուխ				dict-391.png	https://archive.org/download/ANewDictionaryArmenian-english/page/leaf193.jpg	body
Կորինդն		s. bot.	daisy.	dict-391.png	https://archive.org/download/ANewDictionaryArmenian-english/page/leaf193.jpg	body
Կորնդան		s. bot.	origan.	dict-391.png	https://archive.org/download/ANewDictionaryArmenian-english/page/leaf193.jpg	body
Կորստապատիր		a.	causing loss; deceitful; delusive.; deceitful, delusive. [ing the perdition of.	dict-392.png	https://archive.org/download/ANewDictionaryArmenian-english/page/leaf194.jpg	body
Կուլուռիայ		s.	Gr. w.	dict-392.png	https://archive.org/download/ANewDictionaryArmenian-english/page/leaf194.jpg	body
Թակոյկ, կուկաց		s.	pitcher, water-vessel, jug, jar, water-pot, vessel, pot; cup, mug, goblet, bowl: the saveall of a candlestick; pitcher, water-vessel, jug, jar, water-pot, vessel, pot; cup, mug, goblet, bowl: the saveall of a candlestick.	dict-246.png	https://archive.org/download/ANewDictionaryArmenian-english/page/leaf121.jpg	body
Կունճն		s.	turf, sod	dict-393.png	https://archive.org/download/ANewDictionaryArmenian-english/page/leaf194.jpg	body
Բանկն, կունք		s.	coarse language; tale, story, fable.	dict-125.png	https://archive.org/download/ANewDictionaryArmenian-english/page/leaf60.jpg	body
Կուսակալութի	Կուսակալութիւն	s.	government of a province or department, prefecture.	dict-393.png	https://archive.org/download/ANewDictionaryArmenian-english/page/leaf194.jpg	body
Կուսակցեմ		S.	Կուսակից լինիմ.	dict-393.png	https://archive.org/download/ANewDictionaryArmenian-english/page/leaf194.jpg	body
Կուսապանդութի	Կուսապանդութիւն	s.	deflouring, violation, rape, ravishment.	dict-393.png	https://archive.org/download/ANewDictionaryArmenian-english/page/leaf194.jpg	body
Կուսապանդութի	Կուսապանդութիւն	s.	deflouring, violation, rape, ravishment.	dict-393.png	https://archive.org/download/ANewDictionaryArmenian-english/page/leaf194.jpg	body
Կուտական		a.	cumulative	dict-393.png	https://archive.org/download/ANewDictionaryArmenian-english/page/leaf194.jpg	body
Կուտուզ		a.	dwarf;	dict-394.png	https://archive.org/download/ANewDictionaryArmenian-english/page/leaf195.jpg	body
Կպուր կպուրի գամ		vn.	to come to blows, to fight, to fall to loggerheads, to fall together by the ears.	dict-394.png	https://archive.org/download/ANewDictionaryArmenian-english/page/leaf195.jpg	body
Կռահ		s.	conjecture;	dict-394.png	https://archive.org/download/ANewDictionaryArmenian-english/page/leaf195.jpg	body
Կռանարկութի	Կռանարկութիւն	s.	hammer-stroke.	dict-394.png	https://archive.org/download/ANewDictionaryArmenian-english/page/leaf195.jpg	body
Կռինչ		s.	the least noise, the least thing; a mere nothing.	dict-395.png	https://archive.org/download/ANewDictionaryArmenian-english/page/leaf195.jpg	body
Կռճիկ, -ճուկ				dict-395.png	https://archive.org/download/ANewDictionaryArmenian-english/page/leaf195.jpg	body
Կռնակ, ի		s.		dict-395.png	https://archive.org/download/ANewDictionaryArmenian-english/page/leaf195.jpg	body
Կռունկ, կռնկան		s.	crane;; ast. the -;; mech. -.; crane; the mech. -.	dict-395.png	https://archive.org/download/ANewDictionaryArmenian-english/page/leaf195.jpg	body
Կռուակցութի	Կռուակցութիւն	s.	alliance.; ally.	dict-395.png	https://archive.org/download/ANewDictionaryArmenian-english/page/leaf195.jpg	body
Կռուինջ		s. bot.	parietary, pellitory.	dict-395.png	https://archive.org/download/ANewDictionaryArmenian-english/page/leaf195.jpg	body
Կռիւ, կռուոց		s.	scuffle, struggle; strife, contest, debate, dispute, squabble, difference, contention, quarrel, wrangling; skirmish, combat, battle;; scuffle, struggle; strife, contest, debate, dispute, squabble, difference, contention, quarrel, wrangling; skirmish, combat, battle	dict-395.png	https://archive.org/download/ANewDictionaryArmenian-english/page/leaf195.jpg	body
Կռուփ, կռփաց		s.	fisticuff, blow with a fist; fig. blame, reproach, &c.;; fisticuff, blow with a fist; blame, reproach, &c.	dict-395.png	https://archive.org/download/ANewDictionaryArmenian-english/page/leaf195.jpg	body
Կսմթեմ				dict-396.png	https://archive.org/download/ANewDictionaryArmenian-english/page/leaf196.jpg	body
Կսմիթ		s.	pinch	dict-396.png	https://archive.org/download/ANewDictionaryArmenian-english/page/leaf196.jpg	body
Կտիտ, կտտի		s.	dung; muck.; dung, muck.	dict-396.png	https://archive.org/download/ANewDictionaryArmenian-english/page/leaf196.jpg	body
Կտրուկ խոտոյ		s.	new-mown grass.	dict-397.png	https://archive.org/download/ANewDictionaryArmenian-english/page/leaf196.jpg	body
Կրագուր		s.	lime-pit.	dict-397.png	https://archive.org/download/ANewDictionaryArmenian-english/page/leaf196.jpg	body
Կրականուի		s.	passibility.; passibility. [Ghebres.	dict-397.png	https://archive.org/download/ANewDictionaryArmenian-english/page/leaf196.jpg	body
Կրակետող		s.	fire-place, brazier; burning or live coals; wood fire.; burning or live coals; wood fire.	dict-397.png	https://archive.org/download/ANewDictionaryArmenian-english/page/leaf196.jpg	body
Կրթակա		a.	exercising, that exercises.	dict-397.png	https://archive.org/download/ANewDictionaryArmenian-english/page/leaf196.jpg	body
Կրծացաւուի		s.	pain in the breast.	dict-398.png	https://archive.org/download/ANewDictionaryArmenian-english/page/leaf197.jpg	body
Կրուկ, կրկան, կրկունք, Կրունկն, կընկան		s.	heel; back, hind part	dict-399.png	https://archive.org/download/ANewDictionaryArmenian-english/page/leaf197.jpg	body
Կրուկ, կրկան, կրկունք, Կրունկն, կընկան		s.	heel; back, hind part	dict-399.png	https://archive.org/download/ANewDictionaryArmenian-english/page/leaf197.jpg	body
Կրմզութիւն		s.	wild, untamed or unbroken state.	dict-399.png	https://archive.org/download/ANewDictionaryArmenian-english/page/leaf197.jpg	body
Կրմուզ		a.	unbroken, untamed.	dict-399.png	https://archive.org/download/ANewDictionaryArmenian-english/page/leaf197.jpg	body
Կրսեր . Կրտսեր		a.	younger, junior; minor; inferior	dict-399.png	https://archive.org/download/ANewDictionaryArmenian-english/page/leaf197.jpg	body
Կրօնագիտուի		s.	religious teaching.	dict-399.png	https://archive.org/download/ANewDictionaryArmenian-english/page/leaf197.jpg	body
Կրօնակրթուի		s.	religious exercises.	dict-399.png	https://archive.org/download/ANewDictionaryArmenian-english/page/leaf197.jpg	body
Կցեր		a.	shabby; beggarly; mean; stingy; scurvy; niggardly; close-fisted; covetous; sordid; miserly.; shabby, beggarly, mean, stingy, scurvy, niggardly, close-fisted, covetous, sordid, miserly.	dict-400.png	https://archive.org/download/ANewDictionaryArmenian-english/page/leaf198.jpg	body
Կցկցեալ				dict-400.png	https://archive.org/download/ANewDictionaryArmenian-english/page/leaf198.jpg	body
Կքնիմ		vn.	to cling to, to crawl on the ground.	dict-373.png	https://archive.org/download/ANewDictionaryArmenian-english/page/leaf184.jpg	body
Կօտ		s.	nut-shell; tortoise shell.	dict-401.png	https://archive.org/download/ANewDictionaryArmenian-english/page/leaf198.jpg	body
Հագռուակ		s.	hook, tenter-.	dict-401.png	https://archive.org/download/ANewDictionaryArmenian-english/page/leaf198.jpg	body
Հազարան		s.	sorb apple; crab-apple; [-րենի s. --tree.	dict-402.png	https://archive.org/download/ANewDictionaryArmenian-english/page/leaf199.jpg	body
Հալածչուի		s.	state of a persecutor.	dict-402.png	https://archive.org/download/ANewDictionaryArmenian-english/page/leaf199.jpg	body
Հալենորիկ		s.	marum, chamædris [maritima.	dict-402.png	https://archive.org/download/ANewDictionaryArmenian-english/page/leaf199.jpg	body
Հալըէվարդ		s.	queen-rose.	dict-402.png	https://archive.org/download/ANewDictionaryArmenian-english/page/leaf199.jpg	body
Հակառակակաց				dict-403.png	https://archive.org/download/ANewDictionaryArmenian-english/page/leaf199.jpg	body
Հակառակաձնոյց		a.	peace-breaking, seditious, factious.	dict-403.png	https://archive.org/download/ANewDictionaryArmenian-english/page/leaf199.jpg	body
Հակառակոստիս լինիմ				dict-403.png	https://archive.org/download/ANewDictionaryArmenian-english/page/leaf199.jpg	body
Հակառակութի	Հակառակութիւն	s.	contrariety, opposition, resistance, hostility, adversity; contestation, dispute, quarrel, contest; combat, conflict;	dict-403.png	https://archive.org/download/ANewDictionaryArmenian-english/page/leaf199.jpg	body
Հակասարան		s.	contradictor; -torily [բարբառել, to contradict].; contradictor;	dict-403.png	https://archive.org/download/ANewDictionaryArmenian-english/page/leaf199.jpg	body
Հակասուփող		s.	anti-concubine.	dict-403.png	https://archive.org/download/ANewDictionaryArmenian-english/page/leaf199.jpg	body
Հաղրք, բից		s.	springe, snare, noose, trap;; snare, toils;	dict-403.png	https://archive.org/download/ANewDictionaryArmenian-english/page/leaf199.jpg	body
Համակործանումն			entire destruction, extermination	dict-407.png	https://archive.org/download/ANewDictionaryArmenian-english/page/leaf201.jpg	body
Համայնաշինջ				dict-406.png	https://archive.org/download/ANewDictionaryArmenian-english/page/leaf201.jpg	body
Համայնաւէր		a.	universally destroying.; universally destroy	dict-406.png	https://archive.org/download/ANewDictionaryArmenian-english/page/leaf201.jpg	body
Համաշնչութի	Համաշնչութիւն	s.	unanimity	dict-407.png	https://archive.org/download/ANewDictionaryArmenian-english/page/leaf201.jpg	body
Համաչափութի	Համաչափութիւն	s.	equality, proportion, symmetry; commensurability	dict-407.png	https://archive.org/download/ANewDictionaryArmenian-english/page/leaf201.jpg	body
Համապատուութի	Համապատուութիւն	s.	equal honour, rank or dignity	dict-407.png	https://archive.org/download/ANewDictionaryArmenian-english/page/leaf201.jpg	body
Համառօտաբովանդակութի	Համառօտաբովանդակութիւն		an abridgement	dict-407.png	https://archive.org/download/ANewDictionaryArmenian-english/page/leaf201.jpg	body
Համառօտաբովանդակութի	Համառօտաբովանդակութիւն		an abridgement	dict-407.png	https://archive.org/download/ANewDictionaryArmenian-english/page/leaf201.jpg	body
Համառօտապատկեր			sketch, short notice, cursory view	dict-407.png	https://archive.org/download/ANewDictionaryArmenian-english/page/leaf201.jpg	body
Համասեռութի	Համասեռութիւն	s.	congenerousness, homogeneousness	dict-407.png	https://archive.org/download/ANewDictionaryArmenian-english/page/leaf201.jpg	body
Համաստեղան		S.	Սեղանակից	dict-407.png	https://archive.org/download/ANewDictionaryArmenian-english/page/leaf201.jpg	body
Համավիհ			chaos.	dict-407.png	https://archive.org/download/ANewDictionaryArmenian-english/page/leaf201.jpg	body
Համատարածութի	Համատարածութիւն	s.	extent, very great extent	dict-407.png	https://archive.org/download/ANewDictionaryArmenian-english/page/leaf201.jpg	body
Համբերութի	Համբերութիւն	s.	patience; suffering; hope; expectation; confidence; time; delay; patience, suffering; hope, expectation, confidence; time, delay	dict-410.png	https://archive.org/download/ANewDictionaryArmenian-english/page/leaf203.jpg	body
Համերակ		s.	foster-brother.	dict-411.png	https://archive.org/download/ANewDictionaryArmenian-english/page/leaf203.jpg	body
Համկարգ				dict-410.png	https://archive.org/download/ANewDictionaryArmenian-english/page/leaf203.jpg	body
Համրուի		s.	state of a dumb person,	dict-411.png	https://archive.org/download/ANewDictionaryArmenian-english/page/leaf203.jpg	body
Հայեցուի				dict-412.png	https://archive.org/download/ANewDictionaryArmenian-english/page/leaf204.jpg	body
Հայեցուկ				dict-412.png	https://archive.org/download/ANewDictionaryArmenian-english/page/leaf204.jpg	body
Հայութի	Հայութիւն	s.	the Armenian nationality.	dict-412.png	https://archive.org/download/ANewDictionaryArmenian-english/page/leaf204.jpg	body
Հայրագեղծ		a.	parricidal	dict-413.png	https://archive.org/download/ANewDictionaryArmenian-english/page/leaf204.jpg	body
Հայրագոյ		a.	like or resembling his father; following in the steps of his father; like a father	dict-413.png	https://archive.org/download/ANewDictionaryArmenian-english/page/leaf204.jpg	body
Հայրաւնարգ		a.	despising, contemning one's father	dict-413.png	https://archive.org/download/ANewDictionaryArmenian-english/page/leaf204.jpg	body
Հայրաւնռու		a.	despising, contemning one's father	dict-413.png	https://archive.org/download/ANewDictionaryArmenian-english/page/leaf204.jpg	body
Հանգունջ		a. ad.	turned or tucked up; close; fig. modest; reserved; cautious; wary; gathering up; picking up; closely; modestly; decently; cautiously.	dict-415.png	https://archive.org/download/ANewDictionaryArmenian-english/page/leaf205.jpg	body
Հանդարտողականն		s.	ethics, moral philosophy.	dict-415.png	https://archive.org/download/ANewDictionaryArmenian-english/page/leaf205.jpg	body
Հանդարտութի	Հանդարտութիւն	s.	tranquillity; stillness; repose; quiet; peace; silence; phlegm; calmness; coolness; composure; tranquillity, stillness, repose, quiet, peace, silence; phlegm, calmness, coolness, composure	dict-415.png	https://archive.org/download/ANewDictionaryArmenian-english/page/leaf205.jpg	body
Հանդերձաւորուի		s.	business, occupation, calling; work.	dict-416.png	https://archive.org/download/ANewDictionaryArmenian-english/page/leaf206.jpg	body
Հանդիպակայեաց		a.	perspective.	dict-417.png	https://archive.org/download/ANewDictionaryArmenian-english/page/leaf206.jpg	body
Հանդիսագիր		s.	agonotheta, gymnasiarch, agonistarch; president or chief of a ceremony, assembly, combat, show; *expositor, exhibiter.	dict-417.png	https://archive.org/download/ANewDictionaryArmenian-english/page/leaf206.jpg	body
Հանրած		s.	pantheist	dict-418.png	https://archive.org/download/ANewDictionaryArmenian-english/page/leaf207.jpg	body
Հաշուատեղան		s.	bank, counting-house, counter.	dict-419.png	https://archive.org/download/ANewDictionaryArmenian-english/page/leaf207.jpg	body
Հառաչք				dict-420.png	https://archive.org/download/ANewDictionaryArmenian-english/page/leaf208.jpg	body
Հասակակեայ		a.	grown up; of lofty stature	dict-420.png	https://archive.org/download/ANewDictionaryArmenian-english/page/leaf208.jpg	body
Հասակակեղ		a.	grown up; of lofty stature	dict-420.png	https://archive.org/download/ANewDictionaryArmenian-english/page/leaf208.jpg	body
Հասցէ				dict-423.png	https://archive.org/download/ANewDictionaryArmenian-english/page/leaf209.jpg	body
Հարթուի		s.	level, levelling, planing, smoothing; equality.	dict-425.png	https://archive.org/download/ANewDictionaryArmenian-english/page/leaf210.jpg	body
Հարկապահանջապետ		s.	receiver-general.	dict-427.png	https://archive.org/download/ANewDictionaryArmenian-english/page/leaf211.jpg	body
Հարկապահանջութի	Հարկապահանջութիւն	s.	tax-gathering, collection of taxes	dict-427.png	https://archive.org/download/ANewDictionaryArmenian-english/page/leaf211.jpg	body
Հարկատուարութիւն		s.	act of paying tribute; thraldom, servitude.	dict-427.png	https://archive.org/download/ANewDictionaryArmenian-english/page/leaf211.jpg	body
Հարկատուութի	Հարկատուութիւն	s.	act of paying tribute; thraldom, servitude.	dict-427.png	https://archive.org/download/ANewDictionaryArmenian-english/page/leaf211.jpg	body
Հարկաւորութի	Հարկաւորութիւն	s.	necessity, want; ministry, office, service; servitude.	dict-427.png	https://archive.org/download/ANewDictionaryArmenian-english/page/leaf211.jpg	body
Հարութի	Հարութիւն	s.	blow, beating.	dict-427.png	https://archive.org/download/ANewDictionaryArmenian-english/page/leaf211.jpg	body
Հարութի	Հարութիւն	s.	blow, beating.	dict-427.png	https://archive.org/download/ANewDictionaryArmenian-english/page/leaf211.jpg	body
Հարսնագեղէմ		va.	to array or adorn as a bride.	dict-428.png	https://archive.org/download/ANewDictionaryArmenian-english/page/leaf212.jpg	body
Հարսնածուական				dict-428.png	https://archive.org/download/ANewDictionaryArmenian-english/page/leaf212.jpg	body
Հարսնածու կտղուցք արգանդի		s.	uterine fury, hysterics.	dict-428.png	https://archive.org/download/ANewDictionaryArmenian-english/page/leaf212.jpg	body
Հարսնածու մատն				dict-428.png	https://archive.org/download/ANewDictionaryArmenian-english/page/leaf212.jpg	body
Հարսնածու մոլութիւն		s.	uterine fury, hysterics.	dict-428.png	https://archive.org/download/ANewDictionaryArmenian-english/page/leaf212.jpg	body
Հարսնեակ եղբայր				dict-428.png	https://archive.org/download/ANewDictionaryArmenian-english/page/leaf212.jpg	body
Հարստաբեր		a.	abundant, full	dict-428.png	https://archive.org/download/ANewDictionaryArmenian-english/page/leaf212.jpg	body
Հարստայեղաց		a.	very mighty; very rich, opulent	dict-428.png	https://archive.org/download/ANewDictionaryArmenian-english/page/leaf212.jpg	body
Հարտունք		s.	fields, country; seed- or sowing-time, tillage, ploughing.; seed- or sowing-time, tillage, ploughing.	dict-425.png	https://archive.org/download/ANewDictionaryArmenian-english/page/leaf210.jpg	body
Հարրուխ		S.	S. Խարբուխ.	dict-425.png	https://archive.org/download/ANewDictionaryArmenian-english/page/leaf210.jpg	body
Հարցարանեմ		S.		dict-428.png	https://archive.org/download/ANewDictionaryArmenian-english/page/leaf212.jpg	body
Հարց եւ փորձ				dict-429.png	https://archive.org/download/ANewDictionaryArmenian-english/page/leaf212.jpg	body
Հարց եւ քնին առնեմ		va.	to examine, to inquire into.	dict-429.png	https://archive.org/download/ANewDictionaryArmenian-english/page/leaf212.jpg	body
Հարցուի		s.	demand; divination.	dict-429.png	https://archive.org/download/ANewDictionaryArmenian-english/page/leaf212.jpg	body
Հացքուլէփ		a.	gluttonous, insatiable, insatiate.	dict-429.png	https://archive.org/download/ANewDictionaryArmenian-english/page/leaf212.jpg	body
Հաւագէտ		s.	augur, diviner by augury	dict-430.png	https://archive.org/download/ANewDictionaryArmenian-english/page/leaf213.jpg	body
Հաւաստութի	Հաւաստութիւն	S.		dict-431.png	https://archive.org/download/ANewDictionaryArmenian-english/page/leaf213.jpg	body
Հաւեմ		vna.	to begin; to begin.	dict-432.png	https://archive.org/download/ANewDictionaryArmenian-english/page/leaf214.jpg	body
Հաւճագ		s.	chicken	dict-432.png	https://archive.org/download/ANewDictionaryArmenian-english/page/leaf214.jpg	body
Հգնի		a.	curved, gibbous.	dict-432.png	https://archive.org/download/ANewDictionaryArmenian-english/page/leaf214.jpg	body
Հելլէն		s.	Hellene; Greek	dict-433.png	https://archive.org/download/ANewDictionaryArmenian-english/page/leaf214.jpg	body
Հեծանաձգութի	Հեծանաձգութիւն	s.	order or position of rafters; wood-work, frame-work; mech. shaft, thill.	dict-433.png	https://archive.org/download/ANewDictionaryArmenian-english/page/leaf214.jpg	body
Հեծեալք			cavalry, horse.	dict-433.png	https://archive.org/download/ANewDictionaryArmenian-english/page/leaf214.jpg	body
Հեծեծութի, ումն	Հեծեծութիւն			dict-433.png	https://archive.org/download/ANewDictionaryArmenian-english/page/leaf214.jpg	body
Հեծկլամ				dict-433.png	https://archive.org/download/ANewDictionaryArmenian-english/page/leaf214.jpg	body
Հեծկլտուք		s.	sob, hiccup, hiccough	dict-433.png	https://archive.org/download/ANewDictionaryArmenian-english/page/leaf214.jpg	body
Հեղ		s.	cottage, hut	dict-441.png	https://archive.org/download/ANewDictionaryArmenian-english/page/leaf218.jpg	body
Հերիսայ		s.	herissa or kesh-kek, an oriental dish, (a thick soup composed of fowl & pearl barley or wheat beaten up together, well boiled, & eaten with powdered cinna-mon).	dict-438.png	https://archive.org/download/ANewDictionaryArmenian-english/page/leaf217.jpg	body
Հեւք		s.	panting, shortness of breath.	dict-438.png	https://archive.org/download/ANewDictionaryArmenian-english/page/leaf217.jpg	body
Հիանչմար		a.	charming, ravishing, surprising, stupendous, admirable	dict-439.png	https://archive.org/download/ANewDictionaryArmenian-english/page/leaf217.jpg	body
Հիանչմարչքնաղ		a.	of marvellous beauty	dict-439.png	https://archive.org/download/ANewDictionaryArmenian-english/page/leaf217.jpg	body
Հիանչմարպատում		a.	unutterable, inexpressible, wonderful	dict-439.png	https://archive.org/download/ANewDictionaryArmenian-english/page/leaf217.jpg	body
Հիանչմարսքանչ		a.	wonderstruck, enraptured	dict-439.png	https://archive.org/download/ANewDictionaryArmenian-english/page/leaf217.jpg	body
Հիանչմարցական		a.	admiring, of admiration; ecstatic.	dict-439.png	https://archive.org/download/ANewDictionaryArmenian-english/page/leaf217.jpg	body
Սնամահակ or հիկ ելանեմ		vn.	to be baffled, balked, disappointed, deceived; -մէջ a. empty, void; -նամ, ացայ vn. to become empty, to be emptied; -նիմ, սնայ vn. to be nourished, fed, maintened; to be brought up, reared, educated, instructed.	dict-679.png	https://archive.org/download/ANewDictionaryArmenian-english/page/leaf337.jpg	body
Հիմնադրութի	Հիմնադրութիւն	s.	foundation; establishment, institution	dict-439.png	https://archive.org/download/ANewDictionaryArmenian-english/page/leaf217.jpg	body
Հիմնախիլ or յատակ առնեմ		va.	to demolish, to raze, to level with the ground	dict-439.png	https://archive.org/download/ANewDictionaryArmenian-english/page/leaf217.jpg	body
Հիմնարկուի				dict-439.png	https://archive.org/download/ANewDictionaryArmenian-english/page/leaf217.jpg	body
Հինհինամ		vn.	to pant. [breath.	dict-440.png	https://archive.org/download/ANewDictionaryArmenian-english/page/leaf218.jpg	body
Հինհինումն		s.	panting, shortness of	dict-440.png	https://archive.org/download/ANewDictionaryArmenian-english/page/leaf218.jpg	body
Հիւծանեմ		va.	to make lean, to extenuate, to emaciate	dict-441.png	https://archive.org/download/ANewDictionaryArmenian-english/page/leaf218.jpg	body
Հիւղնս		s.	ichneumon	dict-441.png	https://archive.org/download/ANewDictionaryArmenian-english/page/leaf218.jpg	body
Հիւպատական		a.	of a consul, consular	dict-441.png	https://archive.org/download/ANewDictionaryArmenian-english/page/leaf218.jpg	body
Հիւպատարան		s.	consulate	dict-441.png	https://archive.org/download/ANewDictionaryArmenian-english/page/leaf218.jpg	body
Հիւպերետ		s.	servant or minis	dict-441.png	https://archive.org/download/ANewDictionaryArmenian-english/page/leaf218.jpg	body
Հիւս ձեան			avalanch, snow-slip	dict-441.png	https://archive.org/download/ANewDictionaryArmenian-english/page/leaf218.jpg	body
Հիւսք		s.	texture, tissue; tress; braid; intertwining, interweaving, wreathing; knit	dict-441.png	https://archive.org/download/ANewDictionaryArmenian-english/page/leaf218.jpg	body
Հնարողուի		s.	invention, industry, art.	dict-444.png	https://archive.org/download/ANewDictionaryArmenian-english/page/leaf220.jpg	body
Հնդկական		a.	Indian.	dict-444.png	https://archive.org/download/ANewDictionaryArmenian-english/page/leaf220.jpg	body
Հոգա		vn.	to recover oneself, to come to oneself again	dict-445.png	https://archive.org/download/ANewDictionaryArmenian-english/page/leaf220.jpg	body
Հոգեփոխութի	Հոգեփոխութիւն	s.	transmigration of souls, metempsycosis.	dict-446.png	https://archive.org/download/ANewDictionaryArmenian-english/page/leaf221.jpg	body
Հոգիածութի	Հոգիածութիւն			dict-446.png	https://archive.org/download/ANewDictionaryArmenian-english/page/leaf221.jpg	body
Հոգիահրաշ				dict-446.png	https://archive.org/download/ANewDictionaryArmenian-english/page/leaf221.jpg	body
հոգւոյ տուն			guest's house.	dict-446.png	https://archive.org/download/ANewDictionaryArmenian-english/page/leaf221.jpg	body
Հոմանաբան		a.	equivocating; s. -tor; -եմ vn. to equivocate; -ութի Տ. Երկդիմուի; -ձայն, &c. Տ. Երկդիմի, Երկբան, &c.; s. -tor	dict-448.png	https://archive.org/download/ANewDictionaryArmenian-english/page/leaf222.jpg	body
Հորանոց		s.	dung-hole or pit.	dict-450.png	https://archive.org/download/ANewDictionaryArmenian-english/page/leaf223.jpg	body
Հորեմ		va.	to store up corn in pits.	dict-450.png	https://archive.org/download/ANewDictionaryArmenian-english/page/leaf223.jpg	body
Հուզկահար		s.	highwayman; robber, brigand, assassin	dict-451.png	https://archive.org/download/ANewDictionaryArmenian-english/page/leaf223.jpg	body
Հունչ		or	sound.	dict-451.png	https://archive.org/download/ANewDictionaryArmenian-english/page/leaf223.jpg	body
Հուշ		int.		dict-451.png	https://archive.org/download/ANewDictionaryArmenian-english/page/leaf223.jpg	body
Հուրասասոյց		a.	cold, cool.	dict-451.png	https://archive.org/download/ANewDictionaryArmenian-english/page/leaf223.jpg	body
Հպասանք		s.	exaggeration or affectation in dress or ornament, ridiculous medley, dandyism, finery, spruceness, puerile ornament, bibs & tuckers;; affectation, affected ways, mincing air, simpering.	dict-452.png	https://archive.org/download/ANewDictionaryArmenian-english/page/leaf224.jpg	body
Հպութի	Հպութիւն			dict-452.png	https://archive.org/download/ANewDictionaryArmenian-english/page/leaf224.jpg	body
Հռոդ		s.	salary; bursary;	dict-452.png	https://archive.org/download/ANewDictionaryArmenian-english/page/leaf224.jpg	body
Հսպատանք		s.	harlequin-	dict-452.png	https://archive.org/download/ANewDictionaryArmenian-english/page/leaf224.jpg	body
Հրաժարութի	Հրաժարութիւն	s.	renouncing; giving up; resignation; renunciation; abdication; dismission; departure from this life; decease; death; monastic life; renouncing, giving up, resignation, renunciation, abdication; departure from this life, decease, death	dict-453.png	https://archive.org/download/ANewDictionaryArmenian-english/page/leaf224.jpg	body
Հրաշափ		s.	pyrometer	dict-455.png	https://archive.org/download/ANewDictionaryArmenian-english/page/leaf225.jpg	body
Հրաշերմն		s.	scarlet fever.	dict-455.png	https://archive.org/download/ANewDictionaryArmenian-english/page/leaf225.jpg	body
Հրապարակութի	Հրապարակութիւն	s.	publicity, divul-gation, promulgation, making known.	dict-455.png	https://archive.org/download/ANewDictionaryArmenian-english/page/leaf225.jpg	body
Հրեայ		s.	jew, hebrew, israelite	dict-457.png	https://archive.org/download/ANewDictionaryArmenian-english/page/leaf226.jpg	body
Հրէից		s.	jew, hebrew, israelite; jew, hebrew, israelite;	dict-457.png	https://archive.org/download/ANewDictionaryArmenian-english/page/leaf226.jpg	body
Հրէուհի		s.	judaism. [digy, moon-calf.	dict-457.png	https://archive.org/download/ANewDictionaryArmenian-english/page/leaf226.jpg	body
Հրկիզութի	Հրկիզութիւն	s.	burning, conflagration, fire.	dict-457.png	https://archive.org/download/ANewDictionaryArmenian-english/page/leaf226.jpg	body
Հրոսիմ		vn.	to rush, to fall upon impetuously.	dict-458.png	https://archive.org/download/ANewDictionaryArmenian-english/page/leaf227.jpg	body
Հրուի		s.	fiery nature; ardor, heat.	dict-458.png	https://archive.org/download/ANewDictionaryArmenian-english/page/leaf227.jpg	body
Հօտխոտն		s. bot.	lycopodium, club-moss.	dict-458.png	https://archive.org/download/ANewDictionaryArmenian-english/page/leaf227.jpg	body
Ձաբռաւեմ		vn.	to tremble with age, to write in a trembling hand.	dict-458.png	https://archive.org/download/ANewDictionaryArmenian-english/page/leaf227.jpg	body
Ձաղանակ		a.	exposed to laughter, turned into derision; dishonourable, infamous, ignominious, opprobrious	dict-459.png	https://archive.org/download/ANewDictionaryArmenian-english/page/leaf227.jpg	body
Ձաղկեր		a.	having the hair erect	dict-459.png	https://archive.org/download/ANewDictionaryArmenian-english/page/leaf227.jpg	body
Ձաղկիք		a.	straight, erect, right	dict-459.png	https://archive.org/download/ANewDictionaryArmenian-english/page/leaf227.jpg	body
Ձամեմ		va.	to collect, to muster, to heap up; to collect, to mus-ter, to heap up.	dict-459.png	https://archive.org/download/ANewDictionaryArmenian-english/page/leaf227.jpg	body
Ձգողուի		s.	attraction	dict-461.png	https://archive.org/download/ANewDictionaryArmenian-english/page/leaf228.jpg	body
Ձեղունահանք		s.	sky-light.	dict-461.png	https://archive.org/download/ANewDictionaryArmenian-english/page/leaf228.jpg	body
Ձեռալուայ				dict-462.png	https://archive.org/download/ANewDictionaryArmenian-english/page/leaf229.jpg	body
Ձեռնագիտական		s.	chiromancy, palmistry	dict-463.png	https://archive.org/download/ANewDictionaryArmenian-english/page/leaf229.jpg	body
Ձեռնածուի		s.	juggling, trickery, trick, sleight of hand, sleight of hand tricks, legerdemain;	dict-463.png	https://archive.org/download/ANewDictionaryArmenian-english/page/leaf229.jpg	body
Ձեռնամխեմ or -մուխ լինիմ		or	to put one's hand to, to undertake; to meddle with, to prepare or dispose oneself; - անձամբ յանձն, to lay violent hands on oneself, to commit suicide;	dict-463.png	https://archive.org/download/ANewDictionaryArmenian-english/page/leaf229.jpg	body
Ձեռնաշուլուայ		s.	drainage water; excrement;	dict-463.png	https://archive.org/download/ANewDictionaryArmenian-english/page/leaf229.jpg	body
Ձեռնաշօշափելի		a.	tangible, palpable, material;	dict-463.png	https://archive.org/download/ANewDictionaryArmenian-english/page/leaf229.jpg	body
Ձեռնարձակութի	Ձեռնարձակութիւն	s.	aggression, encroachment, usurpation.	dict-463.png	https://archive.org/download/ANewDictionaryArmenian-english/page/leaf229.jpg	body
Ձեռներէցութիւն		s.	presumption; hardihood, arrogance; boldness, bravery, act of valour.; presumption, hardihood, arrogance	dict-464.png	https://archive.org/download/ANewDictionaryArmenian-english/page/leaf230.jpg	body
Ձեռնկախ		s.	pot, saucepan.	dict-464.png	https://archive.org/download/ANewDictionaryArmenian-english/page/leaf230.jpg	body
Ձեռնձգութի	Ձեռնձգութիւն	s.	stretching or holding out the hand; encroachment, usurpation.	dict-464.png	https://archive.org/download/ANewDictionaryArmenian-english/page/leaf230.jpg	body
Ձեռնոց		s.	glover	dict-464.png	https://archive.org/download/ANewDictionaryArmenian-english/page/leaf230.jpg	body
Ձերբաձգուի		s.	tossing or throwing from hand to hand, or from one to another.	dict-464.png	https://archive.org/download/ANewDictionaryArmenian-english/page/leaf230.jpg	body
Ձեւոց		s.	square, carpenter's-.	dict-464.png	https://archive.org/download/ANewDictionaryArmenian-english/page/leaf230.jpg	body
Ձիապան		s.	horse-boy, stable-boy; ostler.	dict-465.png	https://archive.org/download/ANewDictionaryArmenian-english/page/leaf230.jpg	body
Ձիթահանք		s.	olive-press; oil-mill	dict-466.png	https://archive.org/download/ANewDictionaryArmenian-english/page/leaf231.jpg	body
Ձիւնակղզլինիմ		vn.	to be smothered in snow	dict-466.png	https://archive.org/download/ANewDictionaryArmenian-english/page/leaf231.jpg	body
Ձիւնել		vn.	to snow	dict-466.png	https://archive.org/download/ANewDictionaryArmenian-english/page/leaf231.jpg	body
Ձկնատեսակք		s.	fish-pond, --pool, --reservoir	dict-466.png	https://archive.org/download/ANewDictionaryArmenian-english/page/leaf231.jpg	body
Ձմերեական				dict-467.png	https://archive.org/download/ANewDictionaryArmenian-english/page/leaf231.jpg	body
Ղակիչ		s.	intrenchment; encampment; camp; army; - ածել, գործել, to intrench, to throw up intrenchments, to pitch a camp.; encampment; camp; army	dict-468.png	https://archive.org/download/ANewDictionaryArmenian-english/page/leaf232.jpg	body
Ղամպայեալ		a.	embroidered, laced.	dict-468.png	https://archive.org/download/ANewDictionaryArmenian-english/page/leaf232.jpg	body
Բանակատեղ, Բանակետեղ, ետեղ, ղաց		s.	camp; campaign; place where an army is encamped.; camp, campaign, place where an army is encamped.	dict-124.png	https://archive.org/download/ANewDictionaryArmenian-english/page/leaf60.jpg	body
Ղեակ, Ղեկ, ղեկաց		s.	rudder, helm, tiller; oar, scull.; oar, scull.	dict-468.png	https://archive.org/download/ANewDictionaryArmenian-english/page/leaf232.jpg	body
Կտղիմ, ղեցայ		vn.	to become furious; to give up to a frantic transport; to become mad with love; passionate; frenzied with desire or lust; to tickle; to titillate; to be in rutting, in prurience.; to become furious, to give up to a frantic transport; to become mad with love, passionate, frenzied with desire or lust; to tickle, to titillate; to be in rutting, in pru	dict-396.png	https://archive.org/download/ANewDictionaryArmenian-english/page/leaf196.jpg	body
Ղըրկ				dict-469.png	https://archive.org/download/ANewDictionaryArmenian-english/page/leaf232.jpg	body
Կտղանք, -ղուցք		s.	fury; frenzy; erotic madness; tickling; titillation; rutting.; fury, frenzy; tickling, titillation	dict-396.png	https://archive.org/download/ANewDictionaryArmenian-english/page/leaf196.jpg	body
Ճակդարան		s.	child's rattle; castanets.	dict-470.png	https://archive.org/download/ANewDictionaryArmenian-english/page/leaf233.jpg	body
Ճաղ		S.		dict-470.png	https://archive.org/download/ANewDictionaryArmenian-english/page/leaf233.jpg	body
Ճայռոտ		a.	bleared, purblind	dict-471.png	https://archive.org/download/ANewDictionaryArmenian-english/page/leaf233.jpg	body
Ճանաչողուի		s.	knowledge; recognition.	dict-471.png	https://archive.org/download/ANewDictionaryArmenian-english/page/leaf233.jpg	body
Ճանճիւն		s.	fly; flies.; fly, flies.	dict-472.png	https://archive.org/download/ANewDictionaryArmenian-english/page/leaf234.jpg	body
Ճանճպան		s.	dish-cover. [catch-fly.; dish-cover.	dict-472.png	https://archive.org/download/ANewDictionaryArmenian-english/page/leaf234.jpg	body
Ճաշակառուի		s.	trial, tasting	dict-472.png	https://archive.org/download/ANewDictionaryArmenian-english/page/leaf234.jpg	body
Ճաշակաւորուի		s.	degustation	dict-472.png	https://archive.org/download/ANewDictionaryArmenian-english/page/leaf234.jpg	body
Ճապասիմ		vn.	to glide or crawl like a serpent or worm, to twist about, to twine or coil round; to writhe.	dict-472.png	https://archive.org/download/ANewDictionaryArmenian-english/page/leaf234.jpg	body
Ճառագայթատեսիկ		a.	radiant; luminous; blazing; bright; glittering.	dict-473.png	https://archive.org/download/ANewDictionaryArmenian-english/page/leaf234.jpg	body
Ճառագլխեմ		va.	to write; to describe; to narrate.	dict-473.png	https://archive.org/download/ANewDictionaryArmenian-english/page/leaf234.jpg	body
Ճարպիկ				dict-474.png	https://archive.org/download/ANewDictionaryArmenian-english/page/leaf235.jpg	body
Ճարտավար		s.	ruler; ruling-pen.; ruler; ruling-pen.	dict-474.png	https://archive.org/download/ANewDictionaryArmenian-english/page/leaf235.jpg	body
Ճեմիչ		s.	privy, water-closet	dict-475.png	https://archive.org/download/ANewDictionaryArmenian-english/page/leaf235.jpg	body
Ճեւեզիկ		s.	werewolf. [ղէն s. linen.	dict-476.png	https://archive.org/download/ANewDictionaryArmenian-english/page/leaf236.jpg	body
Ճմուռ		s.	gimour, an oriental sweet, (composed of small pieces of bread, honey, & butter, pressed together & baked).	dict-477.png	https://archive.org/download/ANewDictionaryArmenian-english/page/leaf236.jpg	body
Ճնշանունք		s.	vagina or womb-; anat. vagina or womb	dict-477.png	https://archive.org/download/ANewDictionaryArmenian-english/page/leaf236.jpg	body
Ճշդիւ. Ճշդով		ad.	justly, exactly, strictly, precisely, punctually; rigorously, austerely, scrupulously, sparingly, savingly, stingily, niggardly, scantily, frugally, meanly, miserably	dict-477.png	https://archive.org/download/ANewDictionaryArmenian-english/page/leaf236.jpg	body
Ճշկարօտ		s.	betony.	dict-478.png	https://archive.org/download/ANewDictionaryArmenian-english/page/leaf237.jpg	body
Կռճիկ, -ճուկ				dict-395.png	https://archive.org/download/ANewDictionaryArmenian-english/page/leaf195.jpg	body
Ճոքա		s.	boy, domestic, waiter.	dict-479.png	https://archive.org/download/ANewDictionaryArmenian-english/page/leaf237.jpg	body
Ճռնիկ		s.	go-cart.	dict-479.png	https://archive.org/download/ANewDictionaryArmenian-english/page/leaf237.jpg	body
Ճրագամար		s.	an ancient Greek oared-vessel, lychnis.	dict-479.png	https://archive.org/download/ANewDictionaryArmenian-english/page/leaf237.jpg	body
Ճօլօրիկ				dict-479.png	https://archive.org/download/ANewDictionaryArmenian-english/page/leaf237.jpg	body
Մագլէմ, -լցեմ		vn.	to claw, to scratch; to clutch, to catch	dict-480.png	https://archive.org/download/ANewDictionaryArmenian-english/page/leaf238.jpg	body
Մազգ		a.	firm, solid, compact.	dict-480.png	https://archive.org/download/ANewDictionaryArmenian-english/page/leaf238.jpg	body
Մազդութի	Մազդութիւն	s.	density.; [mazdeism.	dict-480.png	https://archive.org/download/ANewDictionaryArmenian-english/page/leaf238.jpg	body
Մազեկամօտ		s.	garment of goat's hair, or camlet.	dict-480.png	https://archive.org/download/ANewDictionaryArmenian-english/page/leaf238.jpg	body
Մազկոփիչ		a.	in agony, dying, at the last gasp	dict-480.png	https://archive.org/download/ANewDictionaryArmenian-english/page/leaf238.jpg	body
Մաժիստրոս		&c. S.	Մագիստրոս.	dict-480.png	https://archive.org/download/ANewDictionaryArmenian-english/page/leaf238.jpg	body
Մախաղութի	Մախաղութիւն	s.	lust, lechery, lewdness, lubricity, wantonness.	dict-481.png	https://archive.org/download/ANewDictionaryArmenian-english/page/leaf238.jpg	body
Մախաղութի	Մախաղութիւն	s.	lust, lechery, lewdness, lubricity, wantonness.	dict-481.png	https://archive.org/download/ANewDictionaryArmenian-english/page/leaf238.jpg	body
Մախիղ		a.	filthy, impure, abominable.	dict-481.png	https://archive.org/download/ANewDictionaryArmenian-english/page/leaf238.jpg	body
Մածանութի	Մածանութիւն	s.	viscosity, viscidity, glueyness, tenacity.	dict-481.png	https://archive.org/download/ANewDictionaryArmenian-english/page/leaf238.jpg	body
Մածոյցային		a.	gelatinous	dict-481.png	https://archive.org/download/ANewDictionaryArmenian-english/page/leaf238.jpg	body
Մածոյցուցումն				dict-481.png	https://archive.org/download/ANewDictionaryArmenian-english/page/leaf238.jpg	body
Մածուածումն		s.	pasting, gluing, soldering, cementing; conjunction, adhesion, fastening; coagulation, curdling; congelation.	dict-481.png	https://archive.org/download/ANewDictionaryArmenian-english/page/leaf238.jpg	body
Մակագանչութի	Մակագանչութիւն	s. rhet.	epiphonema	dict-481.png	https://archive.org/download/ANewDictionaryArmenian-english/page/leaf238.jpg	body
Մակադրանուն			surname	dict-481.png	https://archive.org/download/ANewDictionaryArmenian-english/page/leaf238.jpg	body
Մակադրութի	Մակադրութիւն	s.	imposition, superposition; surname	dict-481.png	https://archive.org/download/ANewDictionaryArmenian-english/page/leaf238.jpg	body
Մակածութի	Մակածութիւն	s.	induction, consequence	dict-481.png	https://archive.org/download/ANewDictionaryArmenian-english/page/leaf238.jpg	body
Մակաշրջանակ բոլորակ			epicycloid.	dict-481.png	https://archive.org/download/ANewDictionaryArmenian-english/page/leaf238.jpg	body
Մակարդեմ		vna.	to curdle, to coagulate, to clot, to congeal.	dict-481.png	https://archive.org/download/ANewDictionaryArmenian-english/page/leaf238.jpg	body
Մակաւասարեմ		va.	to put on a level with, to level, to make even; phys. to dip into a liquid up to a certain mark	dict-481.png	https://archive.org/download/ANewDictionaryArmenian-english/page/leaf238.jpg	body
Մակաւասարութի	Մակաւասարութիւն	s.	level.	dict-481.png	https://archive.org/download/ANewDictionaryArmenian-english/page/leaf238.jpg	body
Մակեղուած		a.	accessory, additional.	dict-481.png	https://archive.org/download/ANewDictionaryArmenian-english/page/leaf238.jpg	body
Մակոյկավար		s.	boatman, rower, oarsman	dict-482.png	https://archive.org/download/ANewDictionaryArmenian-english/page/leaf239.jpg	body
Մակոյկեմ		va.	to go by boat; to row, to impel by oars.	dict-482.png	https://archive.org/download/ANewDictionaryArmenian-english/page/leaf239.jpg	body
Մահաշուկ		S.	pernicious, exhaling death, malignant, deathly	dict-482.png	https://archive.org/download/ANewDictionaryArmenian-english/page/leaf239.jpg	body
Մահք		S.		dict-483.png	https://archive.org/download/ANewDictionaryArmenian-english/page/leaf239.jpg	body
Մաղունջք		s.	siftings.	dict-483.png	https://archive.org/download/ANewDictionaryArmenian-english/page/leaf239.jpg	body
Մայթ		s.	foot-, side-path, --way, flagging.	dict-484.png	https://archive.org/download/ANewDictionaryArmenian-english/page/leaf240.jpg	body
Մայրադիր		sf.	adopted mother	dict-484.png	https://archive.org/download/ANewDictionaryArmenian-english/page/leaf240.jpg	body
Մայրադորով		a.	full of maternal tenderness, care or love	dict-484.png	https://archive.org/download/ANewDictionaryArmenian-english/page/leaf240.jpg	body
Մայրադութ		a.	full of maternal tenderness, care or love	dict-484.png	https://archive.org/download/ANewDictionaryArmenian-english/page/leaf240.jpg	body
Մայրապականութի	Մայրապականութիւն	s.	incest	dict-484.png	https://archive.org/download/ANewDictionaryArmenian-english/page/leaf240.jpg	body
Մայրասպանութի	Մայրասպանութիւն	s.	matricide	dict-484.png	https://archive.org/download/ANewDictionaryArmenian-english/page/leaf240.jpg	body
Մայրար		s.	pine forest; wood, forest	dict-484.png	https://archive.org/download/ANewDictionaryArmenian-english/page/leaf240.jpg	body
Մայրեայ		a.	cedrine, of cedar wood	dict-484.png	https://archive.org/download/ANewDictionaryArmenian-english/page/leaf240.jpg	body
Մայրեղող		S.	խողխող	dict-484.png	https://archive.org/download/ANewDictionaryArmenian-english/page/leaf240.jpg	body
Մայրութի	Մայրութիւն	s.	maternity, motherhood.	dict-484.png	https://archive.org/download/ANewDictionaryArmenian-english/page/leaf240.jpg	body
Մանդ		s. bot.	mango	dict-484.png	https://archive.org/download/ANewDictionaryArmenian-english/page/leaf240.jpg	body
Մանչ				dict-486.png	https://archive.org/download/ANewDictionaryArmenian-english/page/leaf241.jpg	body
Մանրախոտ		s.	grass, greensward, sward, grass-plot	dict-486.png	https://archive.org/download/ANewDictionaryArmenian-english/page/leaf241.jpg	body
Մանրաճիճ		s.	small worm, animalcule	dict-486.png	https://archive.org/download/ANewDictionaryArmenian-english/page/leaf241.jpg	body
Մանրատունկ		s.	small plant	dict-486.png	https://archive.org/download/ANewDictionaryArmenian-english/page/leaf241.jpg	body
Մանրութի	Մանրութիւն	s.	minuteness, thinness,	dict-487.png	https://archive.org/download/ANewDictionaryArmenian-english/page/leaf241.jpg	body
Մաշկագցեցիկ		a.	dermopterous; hymenopteral;; hymenopter;; garment of skin;	dict-487.png	https://archive.org/download/ANewDictionaryArmenian-english/page/leaf241.jpg	body
Մասուր		s.	seed-pod of the rose.	dict-488.png	https://archive.org/download/ANewDictionaryArmenian-english/page/leaf242.jpg	body
Մատակախաղ		a.	in rut, neighing after,ready to mount, covering,mounting	dict-488.png	https://archive.org/download/ANewDictionaryArmenian-english/page/leaf242.jpg	body
Մատնափոխ խաղացումն		s. mus.	fingering, playing on, touching.	dict-489.png	https://archive.org/download/ANewDictionaryArmenian-english/page/leaf242.jpg	body
Մարանաթա		s.	Maran-atha, it signifies, the Lord comes, or, the Lord is come; (it was a form of threatening, cursing or anathematizing among the Jews).; Syriac w. Maran-atha, it signifies, the Lord comes, or, the Lord is come; (it was a form of threatening, cursing or anathematizing among the Jews).	dict-490.png	https://archive.org/download/ANewDictionaryArmenian-english/page/leaf243.jpg	body
Մարդաբուրաստան			garden planted by man	dict-492.png	https://archive.org/download/ANewDictionaryArmenian-english/page/leaf244.jpg	body
Մարդահոյլ		s.	multitude, crowd	dict-492.png	https://archive.org/download/ANewDictionaryArmenian-english/page/leaf244.jpg	body
Մարդտունկ		s.	human race, human creature, man	dict-492.png	https://archive.org/download/ANewDictionaryArmenian-english/page/leaf244.jpg	body
Մարդքաղաքացի		s.	inhabitant or dweller in man	dict-492.png	https://archive.org/download/ANewDictionaryArmenian-english/page/leaf244.jpg	body
Մարդքայլ		a.	walking as man	dict-492.png	https://archive.org/download/ANewDictionaryArmenian-english/page/leaf244.jpg	body
Մարթի		v. imp.	it is possible	dict-493.png	https://archive.org/download/ANewDictionaryArmenian-english/page/leaf244.jpg	body
Մարթշութիւն		s.	dexterity, ability, cleverness.	dict-493.png	https://archive.org/download/ANewDictionaryArmenian-english/page/leaf244.jpg	body
Մարթուշ		a.	clever, skilful, expert.	dict-493.png	https://archive.org/download/ANewDictionaryArmenian-english/page/leaf244.jpg	body
Մարմաս		s. med.	St. Anthony's fire; feeling a prickling, subject to a pricking sensation.	dict-493.png	https://archive.org/download/ANewDictionaryArmenian-english/page/leaf244.jpg	body
Մարտաւա՜ն		int.	would to Heaven that! if it might be!; if it might be!	dict-494.png	https://archive.org/download/ANewDictionaryArmenian-english/page/leaf245.jpg	body
Մեծայաճախ		a.	lengthy, long	dict-497.png	https://archive.org/download/ANewDictionaryArmenian-english/page/leaf246.jpg	body
Մեծանձնութի	Մեծանձնութիւն	s.	magnanimity, greatness of mind, generosity; great stature, tallness	dict-497.png	https://archive.org/download/ANewDictionaryArmenian-english/page/leaf246.jpg	body
Մեծապաշտամունք		s.	great solemnity	dict-497.png	https://archive.org/download/ANewDictionaryArmenian-english/page/leaf246.jpg	body
Մեկի		a.	simple; easy; clear; evident; intelligible.; simple, easy, clear, evident, intelligible.	dict-498.png	https://archive.org/download/ANewDictionaryArmenian-english/page/leaf247.jpg	body
Մեկնակազէնի		a.	having only one horse.	dict-498.png	https://archive.org/download/ANewDictionaryArmenian-english/page/leaf247.jpg	body
Մեհենազարդութի	Մեհենազարդութիւն	s.	office or duties of a neocorus;	dict-499.png	https://archive.org/download/ANewDictionaryArmenian-english/page/leaf247.jpg	body
Մեհենազերծութի	Մեհենազերծութիւն	s.	sacrilege, sacrilegious robbery;	dict-499.png	https://archive.org/download/ANewDictionaryArmenian-english/page/leaf247.jpg	body
Մեղանչակութիւն		s.	peccability;	dict-499.png	https://archive.org/download/ANewDictionaryArmenian-english/page/leaf247.jpg	body
Մեղլեմ		va.	to sweeten with honey.	dict-501.png	https://archive.org/download/ANewDictionaryArmenian-english/page/leaf248.jpg	body
Մեղմի		a.	insinuating, alluring, enticing, smirking; unsincere, deceitful, subtile, fraudulent, wicked, malicious	dict-500.png	https://archive.org/download/ANewDictionaryArmenian-english/page/leaf248.jpg	body
Մեղմութի	Մեղմութիւն	s.	softening, mitigation,	dict-500.png	https://archive.org/download/ANewDictionaryArmenian-english/page/leaf248.jpg	body
Մեղոշ		a.	purple-colour; flesh- or rose-colour.	dict-500.png	https://archive.org/download/ANewDictionaryArmenian-english/page/leaf248.jpg	body
Մենուի		s.	solitude; lonesomeness; solitude, lonesomeness.	dict-501.png	https://archive.org/download/ANewDictionaryArmenian-english/page/leaf248.jpg	body
Մեռինեայ		s.	bot. aconite, wolf's bane.	dict-501.png	https://archive.org/download/ANewDictionaryArmenian-english/page/leaf248.jpg	body
Մերանութ		a.	of our nature, human	dict-502.png	https://archive.org/download/ANewDictionaryArmenian-english/page/leaf249.jpg	body
մեքես			what poor creatures we are!	dict-504.png	https://archive.org/download/ANewDictionaryArmenian-english/page/leaf250.jpg	body
Մէջակէտ		s.	centre.	dict-505.png	https://archive.org/download/ANewDictionaryArmenian-english/page/leaf250.jpg	body
Մէջերկրեայ				dict-505.png	https://archive.org/download/ANewDictionaryArmenian-english/page/leaf250.jpg	body
Մթագնած		a.	gloomy, dark, obscure, dismal, dull, sombre	dict-505.png	https://archive.org/download/ANewDictionaryArmenian-english/page/leaf250.jpg	body
Մթագնածութիւն		s.	darkening, darkness.	dict-505.png	https://archive.org/download/ANewDictionaryArmenian-english/page/leaf250.jpg	body
Միակէս-թթուուկ		s. chem.	sesquioxide	dict-507.png	https://archive.org/download/ANewDictionaryArmenian-english/page/leaf251.jpg	body
Միակուզի		a.	simple	dict-507.png	https://archive.org/download/ANewDictionaryArmenian-english/page/leaf251.jpg	body
Միահանք		s.	buffoonery, drollery	dict-507.png	https://archive.org/download/ANewDictionaryArmenian-english/page/leaf251.jpg	body
Միահովիմ				dict-507.png	https://archive.org/download/ANewDictionaryArmenian-english/page/leaf251.jpg	body
Միաճիւղ		a. bot.	of one trunk, unistirpis	dict-507.png	https://archive.org/download/ANewDictionaryArmenian-english/page/leaf251.jpg	body
Միատեւութիւն		s.	cohabitation, living in the same house	dict-509.png	https://archive.org/download/ANewDictionaryArmenian-english/page/leaf252.jpg	body
Միգապատիմ		vn.	to get cloudy.	dict-509.png	https://archive.org/download/ANewDictionaryArmenian-english/page/leaf252.jpg	body
Միզագրիմ		vn.	to suffer from stone or strangury, to be afflicted with the gravel.	dict-509.png	https://archive.org/download/ANewDictionaryArmenian-english/page/leaf252.jpg	body
Միզագրութիւն		s.	strangury, gravel, dysury, ischury, stoppage, suppression or retention of urine, pain & difficulty in discharging the urine;	dict-509.png	https://archive.org/download/ANewDictionaryArmenian-english/page/leaf252.jpg	body
Միզիա		s. chem.	urea.	dict-509.png	https://archive.org/download/ANewDictionaryArmenian-english/page/leaf252.jpg	body
Միմեանսզրկուի		s.	mutual damage.	dict-509.png	https://archive.org/download/ANewDictionaryArmenian-english/page/leaf252.jpg	body
Մի մի		a. s.	each; every one; ad. one another; one by one	dict-506.png	https://archive.org/download/ANewDictionaryArmenian-english/page/leaf251.jpg	body
Մինովտացուլ		s.	minotaur.	dict-510.png	https://archive.org/download/ANewDictionaryArmenian-english/page/leaf253.jpg	body
Մծղնութիւն		s.	incest; lechery, lewdness, lust.	dict-514.png	https://archive.org/download/ANewDictionaryArmenian-english/page/leaf255.jpg	body
Մկնակերակ		a.	gnawed or eaten by rats or mice	dict-514.png	https://archive.org/download/ANewDictionaryArmenian-english/page/leaf255.jpg	body
Մկնասարջ		s.	mus-ursinus	dict-514.png	https://archive.org/download/ANewDictionaryArmenian-english/page/leaf255.jpg	body
Մկնդահարւոր		s.	halberdier, pikeman.	dict-514.png	https://archive.org/download/ANewDictionaryArmenian-english/page/leaf255.jpg	body
Մկրատատուն		s.	baptistery; font, baptismal font.	dict-514.png	https://archive.org/download/ANewDictionaryArmenian-english/page/leaf255.jpg	body
Մձութի	Մձութիւն	s.	darkness, spot, dirt.	dict-514.png	https://archive.org/download/ANewDictionaryArmenian-english/page/leaf255.jpg	body
Մղձամժէտ		a.	subject to the nightmare.	dict-514.png	https://archive.org/download/ANewDictionaryArmenian-english/page/leaf255.jpg	body
Մղձկուի		s.	denseness (of smoke).	dict-514.png	https://archive.org/download/ANewDictionaryArmenian-english/page/leaf255.jpg	body
Մղտագունութի	Մղտագունութիւն	s.	obscurity, darkness.	dict-514.png	https://archive.org/download/ANewDictionaryArmenian-english/page/leaf255.jpg	body
Մղտամամ				dict-514.png	https://archive.org/download/ANewDictionaryArmenian-english/page/leaf255.jpg	body
Մմլիմ		vn.	to soil, dirt or pollute oneself.	dict-514.png	https://archive.org/download/ANewDictionaryArmenian-english/page/leaf255.jpg	body
Մնալի		a.	transitory, transient, unstable, inconstant.	dict-515.png	https://archive.org/download/ANewDictionaryArmenian-english/page/leaf255.jpg	body
Մնացականութի	Մնացականութիւն	s.	stability, permanence	dict-515.png	https://archive.org/download/ANewDictionaryArmenian-english/page/leaf255.jpg	body
Մնացուն				dict-515.png	https://archive.org/download/ANewDictionaryArmenian-english/page/leaf255.jpg	body
Մնիճայ		s.	weevil.	dict-515.png	https://archive.org/download/ANewDictionaryArmenian-english/page/leaf255.jpg	body
Մշակահ		s.	the Georgics	dict-515.png	https://archive.org/download/ANewDictionaryArmenian-english/page/leaf255.jpg	body
Մշակութի	Մշակութիւն	s.	cultivation, husbandry, tillage, agriculture; culture, cultivation; servitude.	dict-515.png	https://archive.org/download/ANewDictionaryArmenian-english/page/leaf255.jpg	body
Մշտադատա		a.	very tiresome, importunate, troublesome	dict-515.png	https://archive.org/download/ANewDictionaryArmenian-english/page/leaf255.jpg	body
Մշտադէղ		a.	always running or flowing, falling continually	dict-515.png	https://archive.org/download/ANewDictionaryArmenian-english/page/leaf255.jpg	body
Մշտածանօթ		a.	well known	dict-515.png	https://archive.org/download/ANewDictionaryArmenian-english/page/leaf255.jpg	body
Մշտահամար		a.	annual; accustomed; established	dict-515.png	https://archive.org/download/ANewDictionaryArmenian-english/page/leaf255.jpg	body
Մշտահիրք		a.	continuous, quotidian	dict-515.png	https://archive.org/download/ANewDictionaryArmenian-english/page/leaf255.jpg	body
Մշտաշարժութի	Մշտաշարժութիւն	s.	perpetual motion	dict-515.png	https://archive.org/download/ANewDictionaryArmenian-english/page/leaf255.jpg	body
Մոլորութի	Մոլորութիւն	s.	wandering, straying, aberration; error, heresy; seduction, perversion, subornation, corruption; fury, mania, folly, frenzy, madness	dict-517.png	https://archive.org/download/ANewDictionaryArmenian-english/page/leaf256.jpg	body
Մոլութի	Մոլութիւն	s.	fury, rage, mania, frenzy, madness, folly; violent passion; transport, enthusiasm; vice, bad habit.	dict-517.png	https://archive.org/download/ANewDictionaryArmenian-english/page/leaf256.jpg	body
Մոծեր		s.	charcoal-powder.	dict-517.png	https://archive.org/download/ANewDictionaryArmenian-english/page/leaf256.jpg	body
Մոմշոր				dict-517.png	https://archive.org/download/ANewDictionaryArmenian-english/page/leaf256.jpg	body
Մոմպան				dict-518.png	https://archive.org/download/ANewDictionaryArmenian-english/page/leaf257.jpg	body
Մորոսխօսութի	Մորոսխօսութիւն	s.	foolishness, senseless speech or talking.	dict-518.png	https://archive.org/download/ANewDictionaryArmenian-english/page/leaf257.jpg	body
Մուլ		a.	tamed, tractable	dict-519.png	https://archive.org/download/ANewDictionaryArmenian-english/page/leaf257.jpg	body
Մուլդա				dict-519.png	https://archive.org/download/ANewDictionaryArmenian-english/page/leaf257.jpg	body
Ձեռնամխեմ or -մուխ լինիմ		or	to put one's hand to, to undertake; to meddle with, to prepare or dispose oneself; - անձամբ յանձն, to lay violent hands on oneself, to commit suicide;	dict-463.png	https://archive.org/download/ANewDictionaryArmenian-english/page/leaf229.jpg	body
Մուծանող ծիկ		s.	gentleman usher	dict-519.png	https://archive.org/download/ANewDictionaryArmenian-english/page/leaf257.jpg	body
Մուծանող ծումն		s.	introduction.	dict-519.png	https://archive.org/download/ANewDictionaryArmenian-english/page/leaf257.jpg	body
Մուծեմ		va.	to remove, to put or set	dict-518.png	https://archive.org/download/ANewDictionaryArmenian-english/page/leaf257.jpg	body
Մռգգայլիմ		vn.	to devour, to gobble up, to eat like a hog, to swallow or gulp down, to stuff oneself.	dict-520.png	https://archive.org/download/ANewDictionaryArmenian-english/page/leaf258.jpg	body
Մռուզ		a.	dog-muzzled; faced.	dict-520.png	https://archive.org/download/ANewDictionaryArmenian-english/page/leaf258.jpg	body
Մռտութի	Մռտութիւն	s.	rebellion, revolt.	dict-520.png	https://archive.org/download/ANewDictionaryArmenian-english/page/leaf258.jpg	body
Մսագին		s.	price of meat.	dict-520.png	https://archive.org/download/ANewDictionaryArmenian-english/page/leaf258.jpg	body
Մսանաբանութի	Մսանաբանութիւն	s. anat.	adenology	dict-520.png	https://archive.org/download/ANewDictionaryArmenian-english/page/leaf258.jpg	body
Մսրամսուտ		a.	bred in the stable.	dict-521.png	https://archive.org/download/ANewDictionaryArmenian-english/page/leaf258.jpg	body
Մտաբերութի	Մտաբերութիւն	s.	intent, intention, resolve; crim-inal attempt.	dict-521.png	https://archive.org/download/ANewDictionaryArmenian-english/page/leaf258.jpg	body
Մտադիւրութի	Մտադիւրութիւն	s.	eager-ness, diligence, goodwill, cheerful-ness	dict-521.png	https://archive.org/download/ANewDictionaryArmenian-english/page/leaf258.jpg	body
Մտադրութի	Մտադրութիւն			dict-521.png	https://archive.org/download/ANewDictionaryArmenian-english/page/leaf258.jpg	body
Մտաթափութի	Մտաթափութիւն	s.	mental derangement or alienation, lunacy, insanity, madness.	dict-521.png	https://archive.org/download/ANewDictionaryArmenian-english/page/leaf258.jpg	body
Մտախորհիմ		vn.	to think, to muse, to reflect, to ponder, to rack one's brains	dict-521.png	https://archive.org/download/ANewDictionaryArmenian-english/page/leaf258.jpg	body
Մտախուզ		a.	investigating, examining.	dict-521.png	https://archive.org/download/ANewDictionaryArmenian-english/page/leaf258.jpg	body
Մտածիչ				dict-521.png	https://archive.org/download/ANewDictionaryArmenian-english/page/leaf258.jpg	body
Մտածութի	Մտածութիւն	s.	thought, me-ditation,consideration,reflection,idea, imagination, fancy	dict-521.png	https://archive.org/download/ANewDictionaryArmenian-english/page/leaf258.jpg	body
Մտահաճութի	Մտահաճութիւն	s.	presump-tion; prepossession, prejudice	dict-521.png	https://archive.org/download/ANewDictionaryArmenian-english/page/leaf258.jpg	body
Մտահասութի	Մտահասութիւն	s.	comprehension	dict-521.png	https://archive.org/download/ANewDictionaryArmenian-english/page/leaf258.jpg	body
Մտայուզութի	Մտայուզութիւն	s.	agitation of mind, care, inquietude, perplexity	dict-521.png	https://archive.org/download/ANewDictionaryArmenian-english/page/leaf258.jpg	body
Մտայօժարութի	Մտայօժարութիւն	s.	goodwill, eagerness, wil-lingness.	dict-521.png	https://archive.org/download/ANewDictionaryArmenian-english/page/leaf258.jpg	body
Մտեհան լինիմ		vn.	to have escaped the memory, to be forgotten	dict-522.png	https://archive.org/download/ANewDictionaryArmenian-english/page/leaf259.jpg	body
Մրգանք		s. pl.	fruitage.	dict-523.png	https://archive.org/download/ANewDictionaryArmenian-english/page/leaf259.jpg	body
Մրդիկ		s.	berry, small fruit.	dict-523.png	https://archive.org/download/ANewDictionaryArmenian-english/page/leaf259.jpg	body
Մրդուզ		a.	vile, abject, low, base, mean, despicable; obscure.	dict-523.png	https://archive.org/download/ANewDictionaryArmenian-english/page/leaf259.jpg	body
Մրոտ				dict-523.png	https://archive.org/download/ANewDictionaryArmenian-english/page/leaf259.jpg	body
Մրջիննոց		s.	ant-nest, --hole.	dict-523.png	https://archive.org/download/ANewDictionaryArmenian-english/page/leaf259.jpg	body
Մքռեմ		vn.	to gorge, glut or cram oneself, to stuff & swill.	dict-523.png	https://archive.org/download/ANewDictionaryArmenian-english/page/leaf259.jpg	body
Յագդգեմ		va.	to push, to shove.	dict-525.png	https://archive.org/download/ANewDictionaryArmenian-english/page/leaf260.jpg	body
Յախսրտ		a.	bold, audacious; s. auda-	dict-525.png	https://archive.org/download/ANewDictionaryArmenian-english/page/leaf260.jpg	body
Յածեգաձի		s.	piratical coasting vessel, epactroceles.	dict-525.png	https://archive.org/download/ANewDictionaryArmenian-english/page/leaf260.jpg	body
Յածուստ		ad.	from God; of God.; from God, of God.	dict-535.png	https://archive.org/download/ANewDictionaryArmenian-english/page/leaf265.jpg	body
Յակինթակապ		a.	studded or set with hyacinths	dict-525.png	https://archive.org/download/ANewDictionaryArmenian-english/page/leaf260.jpg	body
Յակուբիլ		s.	see-saw	dict-525.png	https://archive.org/download/ANewDictionaryArmenian-english/page/leaf260.jpg	body
Յաղաղարձիմ		vn.	to be impertinent or insolent; to live dissolutely, to give oneself up to debauchery.	dict-525.png	https://archive.org/download/ANewDictionaryArmenian-english/page/leaf260.jpg	body
Յամենուստ		ad.	on all sides, from all parts.	dict-527.png	https://archive.org/download/ANewDictionaryArmenian-english/page/leaf261.jpg	body
Յամենուտ		ad.		dict-527.png	https://archive.org/download/ANewDictionaryArmenian-english/page/leaf261.jpg	body
Յամպար		s.	amber-gris; bot. (purple) sweet-sultan, mimosa farnesiana, acacia.	dict-527.png	https://archive.org/download/ANewDictionaryArmenian-english/page/leaf261.jpg	body
Այթիւռ, յԱյթիւռ or յԱյթիոս կամ				dict-053.png	https://archive.org/download/ANewDictionaryArmenian-english/page/leaf24.jpg	body
Այթիւռ, յԱյթիւռ or յԱյթիոս կամ				dict-053.png	https://archive.org/download/ANewDictionaryArmenian-english/page/leaf24.jpg	body
Յայնմ հետէ				dict-527.png	https://archive.org/download/ANewDictionaryArmenian-english/page/leaf261.jpg	body
Յայնմ վայրի				dict-527.png	https://archive.org/download/ANewDictionaryArmenian-english/page/leaf261.jpg	body
Յայսմ հետէ		ad.	hereafter, henceforward, henceforth, from this moment or hour, for the future.	dict-527.png	https://archive.org/download/ANewDictionaryArmenian-english/page/leaf261.jpg	body
Յայսմ վայրի				dict-527.png	https://archive.org/download/ANewDictionaryArmenian-english/page/leaf261.jpg	body
Յայս սակս				dict-527.png	https://archive.org/download/ANewDictionaryArmenian-english/page/leaf261.jpg	body
Յանդգայիմ		vn.	to be or become apathetic; to be out of one's senses.; to be or become apathetic; to be out of one's senses.	dict-530.png	https://archive.org/download/ANewDictionaryArmenian-english/page/leaf263.jpg	body
Յանդգնութի	Յանդգնութիւն	s.	audacity; boldness; rashness; temerity; hardihood; impudence; sauciness; insolence; arrogance; presumption; licence; too great liberty; frolic; youthful pranks; audacity, boldness, rashness, temerity, hardihood; impudence, sauciness, insolence, arrogance, presumption; licence, too great liberty; frolic, youthful pranks	dict-529.png	https://archive.org/download/ANewDictionaryArmenian-english/page/leaf262.jpg	body
Յանիխնայ				dict-530.png	https://archive.org/download/ANewDictionaryArmenian-english/page/leaf263.jpg	body
Յանկա...				dict-530.png	https://archive.org/download/ANewDictionaryArmenian-english/page/leaf263.jpg	body
Յանկարծածիր		a.	happening suddenly or unexpectedly; momentaneous, of short duration	dict-530.png	https://archive.org/download/ANewDictionaryArmenian-english/page/leaf263.jpg	body
Յանկարծակիորէն		ad.	unawares, unexpectedly, quickly, suddenly, abruptly, all at once	dict-530.png	https://archive.org/download/ANewDictionaryArmenian-english/page/leaf263.jpg	body
Յանկաւոր				dict-530.png	https://archive.org/download/ANewDictionaryArmenian-english/page/leaf263.jpg	body
Յանկեմ				dict-530.png	https://archive.org/download/ANewDictionaryArmenian-english/page/leaf263.jpg	body
Յանհնարից գոյ		v. imp.	it is impossible, it can't be done.	dict-530.png	https://archive.org/download/ANewDictionaryArmenian-english/page/leaf263.jpg	body
Յանհնարիցն է		v. imp.	it is impossible, it can't be done.	dict-530.png	https://archive.org/download/ANewDictionaryArmenian-english/page/leaf263.jpg	body
Յաշաղ		s.	fascination, evil-eye, charm	dict-531.png	https://archive.org/download/ANewDictionaryArmenian-english/page/leaf263.jpg	body
Յառաջխաղացութի	Յառաջխաղացութիւն	s.	advancement; artistic progress	dict-534.png	https://archive.org/download/ANewDictionaryArmenian-english/page/leaf265.jpg	body
Յառաջձգուի				dict-534.png	https://archive.org/download/ANewDictionaryArmenian-english/page/leaf265.jpg	body
Յառաջշարժութի	Յառաջշարժութիւն	s.	progress, process.	dict-534.png	https://archive.org/download/ANewDictionaryArmenian-english/page/leaf265.jpg	body
Հիմնախիլ or յատակ առնեմ		va.	to demolish, to raze, to level with the ground	dict-439.png	https://archive.org/download/ANewDictionaryArmenian-english/page/leaf217.jpg	body
Յարգիմ		vn.	to become straw.	dict-537.png	https://archive.org/download/ANewDictionaryArmenian-english/page/leaf266.jpg	body
Յարգուի		s.		dict-537.png	https://archive.org/download/ANewDictionaryArmenian-english/page/leaf266.jpg	body
Յարկածածուկ		a.	roofed, covered by a roof; under cover or shelter; buri-	dict-537.png	https://archive.org/download/ANewDictionaryArmenian-english/page/leaf266.jpg	body
Յաւակնագեղց		a.	audacious, rash, inconsiderate; ad. audaciously.	dict-538.png	https://archive.org/download/ANewDictionaryArmenian-english/page/leaf267.jpg	body
Յաւաղէ դամ, Յաւականիմ		vn.	to last, to endure, to be prolonged or protracted.	dict-538.png	https://archive.org/download/ANewDictionaryArmenian-english/page/leaf267.jpg	body
Յաւելագրեմ				dict-539.png	https://archive.org/download/ANewDictionaryArmenian-english/page/leaf267.jpg	body
Յաւիտենագիր		a.	established from the beginning of the world, from time immemorial, perpetual, eternal.	dict-539.png	https://archive.org/download/ANewDictionaryArmenian-english/page/leaf267.jpg	body
Յափշիմ		vn.	to be extinguished or quenched.	dict-540.png	https://archive.org/download/ANewDictionaryArmenian-english/page/leaf268.jpg	body
Յեգեր		s.	crown.	dict-540.png	https://archive.org/download/ANewDictionaryArmenian-english/page/leaf268.jpg	body
Յեղանակութի	Յեղանակութիւն	s.	change, variation	dict-540.png	https://archive.org/download/ANewDictionaryArmenian-english/page/leaf268.jpg	body
Յետնութի	Յետնութիւն	s.	lowest rank; extrem-ity; posteriority.	dict-542.png	https://archive.org/download/ANewDictionaryArmenian-english/page/leaf269.jpg	body
Յետսադարձութի	Յետսադարձութիւն	s.	return; contumacy, rebellion.	dict-542.png	https://archive.org/download/ANewDictionaryArmenian-english/page/leaf269.jpg	body
Յետսադարձութի	Յետսադարձութիւն	s.	return; contumacy, rebellion.	dict-542.png	https://archive.org/download/ANewDictionaryArmenian-english/page/leaf269.jpg	body
Յետտերեւակի		ad.	backwards, receding	dict-542.png	https://archive.org/download/ANewDictionaryArmenian-english/page/leaf269.jpg	body
Յերազմոյծ		a.	subject to dreams, full of dreams or fancies; Herazmuin.	dict-542.png	https://archive.org/download/ANewDictionaryArmenian-english/page/leaf269.jpg	body
Յերկարողի		a.	long-winded.	dict-543.png	https://archive.org/download/ANewDictionaryArmenian-english/page/leaf269.jpg	body
Յիղդիմ		or	Յեղդիմ vn. to dry the waters off the earth.	dict-543.png	https://archive.org/download/ANewDictionaryArmenian-english/page/leaf269.jpg	body
Յիշատա՛գիր		s.	album.	dict-543.png	https://archive.org/download/ANewDictionaryArmenian-english/page/leaf269.jpg	body
Յիշելուք		s.	memory, remembrance.	dict-544.png	https://archive.org/download/ANewDictionaryArmenian-english/page/leaf270.jpg	body
Յիս տէր		int.	oh my lord! I pray you my lord! tell me my lord!	dict-544.png	https://archive.org/download/ANewDictionaryArmenian-english/page/leaf270.jpg	body
Յոզանամ		vn.	to grow proud; to grow proud;	dict-546.png	https://archive.org/download/ANewDictionaryArmenian-english/page/leaf271.jpg	body
Յոզացուցանեմ		va.	to render negligent; to make proud.; to render neglig-ent: to make proud.	dict-546.png	https://archive.org/download/ANewDictionaryArmenian-english/page/leaf271.jpg	body
Յողն կամ				dict-546.png	https://archive.org/download/ANewDictionaryArmenian-english/page/leaf271.jpg	body
Յոյր սակս		ad.	why? on what account? for what reason?	dict-546.png	https://archive.org/download/ANewDictionaryArmenian-english/page/leaf271.jpg	body
Յոռութի	Յոռութիւն	s.	bad condition or quality, deterioration, degeneracy, decay.	dict-546.png	https://archive.org/download/ANewDictionaryArmenian-english/page/leaf271.jpg	body
Յորդահոսանք		s.	flood or overflow of waters, torrent.	dict-547.png	https://archive.org/download/ANewDictionaryArmenian-english/page/leaf271.jpg	body
Յորդահոսք		s.	flood or overflow of waters, torrent.; flood or overflow of waters, torrent;	dict-547.png	https://archive.org/download/ANewDictionaryArmenian-english/page/leaf271.jpg	body
Յորդեզեակ		a.	a. high, acute, shrill.	dict-547.png	https://archive.org/download/ANewDictionaryArmenian-english/page/leaf271.jpg	body
Յորձենռանդն		a.	boiling, foaming; agitated, furious, turbulent.	dict-547.png	https://archive.org/download/ANewDictionaryArmenian-english/page/leaf271.jpg	body
Յուդա		s.	Judas, traitor	dict-548.png	https://archive.org/download/ANewDictionaryArmenian-english/page/leaf272.jpg	body
Յուզափնդիր		a.	searching, prying, investigating, scrutinizing	dict-548.png	https://archive.org/download/ANewDictionaryArmenian-english/page/leaf272.jpg	body
Յուզաքննին				dict-548.png	https://archive.org/download/ANewDictionaryArmenian-english/page/leaf272.jpg	body
Ձեռնահմայ, յուի		S.	Տ. -գէտ, գիտականն ;	dict-463.png	https://archive.org/download/ANewDictionaryArmenian-english/page/leaf229.jpg	body
Յուսափափաք		a.	full of desire & hope.	dict-550.png	https://archive.org/download/ANewDictionaryArmenian-english/page/leaf273.jpg	body
Յուրաստ լինիմ		vn.	to deny, to disown.	dict-550.png	https://archive.org/download/ANewDictionaryArmenian-english/page/leaf273.jpg	body
Յոքամ		vn.	vn. to fret, to grieve, to worry or vex oneself, to be uneasy, agitated.	dict-547.png	https://archive.org/download/ANewDictionaryArmenian-english/page/leaf271.jpg	body
Յոքն			with its derivatives.	dict-550.png	https://archive.org/download/ANewDictionaryArmenian-english/page/leaf273.jpg	body
Յոքնա...			with its derivatives.	dict-550.png	https://archive.org/download/ANewDictionaryArmenian-english/page/leaf273.jpg	body
Յօժարուի		s.	natural bent; disposition; inclination; propension; proneness; tendency; taste; natural bent, disposition, inclination, propension, proneness, tendency, taste	dict-551.png	https://archive.org/download/ANewDictionaryArmenian-english/page/leaf273.jpg	body
Յօնճօճ		a.	knitting the brows nervously.	dict-551.png	https://archive.org/download/ANewDictionaryArmenian-english/page/leaf273.jpg	body
Յօշոտեմ		va.	to cut to pieces; to cut up; to tear in pieces	dict-551.png	https://archive.org/download/ANewDictionaryArmenian-english/page/leaf273.jpg	body
Յօսում		vna.	to weave; to intertwine; to fornicate, to commit fornication; to violate, to force, to deflower; to weave, to intertwine	dict-551.png	https://archive.org/download/ANewDictionaryArmenian-english/page/leaf273.jpg	body
Յօտումն				dict-551.png	https://archive.org/download/ANewDictionaryArmenian-english/page/leaf273.jpg	body
Յօրանչումն		s.	yawning; gaping.	dict-551.png	https://archive.org/download/ANewDictionaryArmenian-english/page/leaf273.jpg	body
Նազարարուի		s.	reverence, respect, homage.	dict-552.png	https://archive.org/download/ANewDictionaryArmenian-english/page/leaf274.jpg	body
Նազիմ		vn.	to pout, to be dainty, to give oneself airs, to stand upon ceremony, to make some difficulty, to be fussy, very particular, disdainful, overnice, to turn up one's nose, to simper, to smirk, to want asking, to hesitate; to play the bully, to set up for a beau, to boast or brag of, to pique or plume oneself; to put on the airs of a lord.; to pout, to be dainty, to give oneself airs, to stand upon ceremony, to make some difficulty, to be fussy, very particular, disdainful, overnice, to turn up one's nose, to simper, to smirk, to want asking, to hesitate; to play the bully, to set up for a beau, to boast or brag of, to pique or plume oneself; to put on the airs of a lord.	dict-552.png	https://archive.org/download/ANewDictionaryArmenian-english/page/leaf274.jpg	body
Նազուգ		s.	winder.	dict-552.png	https://archive.org/download/ANewDictionaryArmenian-english/page/leaf274.jpg	body
Նախագահք				dict-553.png	https://archive.org/download/ANewDictionaryArmenian-english/page/leaf274.jpg	body
Նախադրաց		s.	founder or institutor; gr. preposition	dict-553.png	https://archive.org/download/ANewDictionaryArmenian-english/page/leaf274.jpg	body
Նախազգուշութի	Նախազգուշութիւն	s.	precaution	dict-553.png	https://archive.org/download/ANewDictionaryArmenian-english/page/leaf274.jpg	body
Նախաթոռք		s.	first seat, highest place	dict-553.png	https://archive.org/download/ANewDictionaryArmenian-english/page/leaf274.jpg	body
Նախաժամանութիւն		s.	prevention.	dict-553.png	https://archive.org/download/ANewDictionaryArmenian-english/page/leaf274.jpg	body
Նախախնամք		s.	foresight	dict-553.png	https://archive.org/download/ANewDictionaryArmenian-english/page/leaf274.jpg	body
Նախածնողք		s.	forefathers, ancestors.	dict-553.png	https://archive.org/download/ANewDictionaryArmenian-english/page/leaf274.jpg	body
Նախակարգք		s.	premises	dict-553.png	https://archive.org/download/ANewDictionaryArmenian-english/page/leaf274.jpg	body
Նախահայեցուկ		s.	foresight	dict-553.png	https://archive.org/download/ANewDictionaryArmenian-english/page/leaf274.jpg	body
Նախաձեռնութի	Նախաձեռնութիւն	s.	enterprise.	dict-554.png	https://archive.org/download/ANewDictionaryArmenian-english/page/leaf275.jpg	body
Նախամասնութի	Նախամասնութիւն	s.	prerogative, privilege	dict-554.png	https://archive.org/download/ANewDictionaryArmenian-english/page/leaf275.jpg	body
Նախամեծարուի		s.	preference	dict-554.png	https://archive.org/download/ANewDictionaryArmenian-english/page/leaf275.jpg	body
Նախամուտք		s.	portal.	dict-554.png	https://archive.org/download/ANewDictionaryArmenian-english/page/leaf275.jpg	body
Նախայայտ առնեմ		va.	to manifest previously	dict-554.png	https://archive.org/download/ANewDictionaryArmenian-english/page/leaf275.jpg	body
Նախայօժարութի	Նախայօժարութիւն	s.	predisposition.	dict-554.png	https://archive.org/download/ANewDictionaryArmenian-english/page/leaf275.jpg	body
Նախանձաբեկիմ		vn.	to bear envy, to be tormented with envy	dict-554.png	https://archive.org/download/ANewDictionaryArmenian-english/page/leaf275.jpg	body
Նախանձախնդիր		s.	zealous, fervent, ardent; zealot, a zealous partisan; avenger	dict-554.png	https://archive.org/download/ANewDictionaryArmenian-english/page/leaf275.jpg	body
Նախանձայոյզ		a.	envy, jealousy; zealous, fervent, ardent	dict-554.png	https://archive.org/download/ANewDictionaryArmenian-english/page/leaf275.jpg	body
Նախանձայուզութի	Նախանձայուզութիւն	s.	zeal, fervour, warmth; envy, jealousy	dict-554.png	https://archive.org/download/ANewDictionaryArmenian-english/page/leaf275.jpg	body
Նախանձաւորութի	Նախանձաւորութիւն	s.	zeal, emulation, rivalry; enviousness, jealousy	dict-554.png	https://archive.org/download/ANewDictionaryArmenian-english/page/leaf275.jpg	body
Նահատակութի	Նահատակութիւն	s.	bravery, valour; great achievement, exploit, heroism; struggle, fight, wrestling, match; suffering, labour, tribulation, mortification; martyrdom.	dict-557.png	https://archive.org/download/ANewDictionaryArmenian-english/page/leaf276.jpg	body
Նաղովրի		s.	Hebrew w. sceptre.	dict-552.png	https://archive.org/download/ANewDictionaryArmenian-english/page/leaf274.jpg	body
Նարգիլակ		s.	nutmeg.	dict-558.png	https://archive.org/download/ANewDictionaryArmenian-english/page/leaf277.jpg	body
Ախոնդանք, նաց, Ախոնդիք, դեաց		s. pl.	hypochondria: entrails, intestines, pluck.	dict-039.png	https://archive.org/download/ANewDictionaryArmenian-english/page/leaf17.jpg	body
Նգարեկեմ				dict-559.png	https://archive.org/download/ANewDictionaryArmenian-english/page/leaf277.jpg	body
Նդոսիմ		vn.	to grow mouldy, to get spoiled.	dict-559.png	https://archive.org/download/ANewDictionaryArmenian-english/page/leaf277.jpg	body
Բարձունենեակ, նեկաց		s. bot.	south-ernwood.	dict-130.png	https://archive.org/download/ANewDictionaryArmenian-english/page/leaf63.jpg	body
Նեղադարշապար		a.	narrow-heeled	dict-560.png	https://archive.org/download/ANewDictionaryArmenian-english/page/leaf278.jpg	body
Նենգաւ		ad.	with fraud, fraudulently, artfully, insidiously, maliciously, treacherously, knavishly	dict-560.png	https://archive.org/download/ANewDictionaryArmenian-english/page/leaf278.jpg	body
Նենգիւ				dict-560.png	https://archive.org/download/ANewDictionaryArmenian-english/page/leaf278.jpg	body
Նենգով		ad.	with fraud, fraudulently, artfully, insidiously, maliciously, treacherously, knavishly	dict-560.png	https://archive.org/download/ANewDictionaryArmenian-english/page/leaf278.jpg	body
Նեստր		s.	Hebrew w. neessarian	dict-561.png	https://archive.org/download/ANewDictionaryArmenian-english/page/leaf278.jpg	body
Նետող ազգ			Scythians, Sarmatians.	dict-561.png	https://archive.org/download/ANewDictionaryArmenian-english/page/leaf278.jpg	body
Ներանձնամ		vn.	to withdraw or seclude oneself from the world, to give oneself up to a spiritual life	dict-561.png	https://archive.org/download/ANewDictionaryArmenian-english/page/leaf278.jpg	body
Ներկրթեմ		va.	to instruct well	dict-561.png	https://archive.org/download/ANewDictionaryArmenian-english/page/leaf278.jpg	body
Ներհոտանաչափ		s.	s. eudosmometer; -հոսումն s. eudosmose.	dict-562.png	https://archive.org/download/ANewDictionaryArmenian-english/page/leaf279.jpg	body
Ներմարգանամ			S. Մարգանամ.	dict-562.png	https://archive.org/download/ANewDictionaryArmenian-english/page/leaf279.jpg	body
Ներմարդկուի			-գութի, -մարմնութիւն s. incarnation.	dict-562.png	https://archive.org/download/ANewDictionaryArmenian-english/page/leaf279.jpg	body
Ներմիտ		a.	endowed with intellect, reasonable, rational	dict-561.png	https://archive.org/download/ANewDictionaryArmenian-english/page/leaf278.jpg	body
Ներմուծեմ		vn.	to enter, to introduce oneself	dict-561.png	https://archive.org/download/ANewDictionaryArmenian-english/page/leaf278.jpg	body
Ներմսեայ		a.	monthly	dict-561.png	https://archive.org/download/ANewDictionaryArmenian-english/page/leaf278.jpg	body
Ներնիւթեմ		va.	to infer, to deduce.	dict-561.png	https://archive.org/download/ANewDictionaryArmenian-english/page/leaf278.jpg	body
Ներողութի	Ներողութիւն	s.	s. indulgence; pardon, remission, mercy, pity; -թեամբ ad. indulgently.; pardon; remission; mercy; pity	dict-562.png	https://archive.org/download/ANewDictionaryArmenian-english/page/leaf279.jpg	body
Բարձկենեար, ներոյ		s. pl.	small cu-	dict-130.png	https://archive.org/download/ANewDictionaryArmenian-english/page/leaf63.jpg	body
Ներութի	Ներութիւն	s.	-ումն s. pardon; - խընդրել, to beg pardon or forgiveness, to apologize. [Ներքս.	dict-562.png	https://archive.org/download/ANewDictionaryArmenian-english/page/leaf279.jpg	body
Ներտասական		a.	a. corporeal, material.; material.	dict-562.png	https://archive.org/download/ANewDictionaryArmenian-english/page/leaf279.jpg	body
Ներտրամագրական		a.	or գրեալ a. inward, innate, inborn; - բան, idea, thought, conceit; -դրութի s. natural disposition; conception, thought.; innate; inborn	dict-562.png	https://archive.org/download/ANewDictionaryArmenian-english/page/leaf279.jpg	body
Ներք		s.	period or cycle of six hundred years, or 600 months	dict-561.png	https://archive.org/download/ANewDictionaryArmenian-english/page/leaf278.jpg	body
Նէեդաս		s. H. w.	neolassa; peacock.; peacock.	dict-563.png	https://archive.org/download/ANewDictionaryArmenian-english/page/leaf279.jpg	body
Հակոտնեայք, նէից		s.	antipodes.	dict-403.png	https://archive.org/download/ANewDictionaryArmenian-english/page/leaf199.jpg	body
Թշնամանիկ, -նիչ, -նող		a.	offensive; insulting; injurious; outrageous; insolent; saucy; impertinent; offensive, insulting, injurious, outrageous, insolent, saucy, impertinent;	dict-260.png	https://archive.org/download/ANewDictionaryArmenian-english/page/leaf128.jpg	body
Նխաշ		a.	poor, necessitous, indigent	dict-563.png	https://archive.org/download/ANewDictionaryArmenian-english/page/leaf279.jpg	body
Նկարատախտակ		s.	picture; painting; picture, painting	dict-565.png	https://archive.org/download/ANewDictionaryArmenian-english/page/leaf280.jpg	body
Դժնիկ, նկաց		s.	buck-thorn.	dict-175.png	https://archive.org/download/ANewDictionaryArmenian-english/page/leaf85.jpg	body
Նմա		pron.	to him or her; to him or her.	dict-565.png	https://archive.org/download/ANewDictionaryArmenian-english/page/leaf280.jpg	body
Նմանաբժիշկ			homoeopathic doctor; homœopathic doctor	dict-565.png	https://archive.org/download/ANewDictionaryArmenian-english/page/leaf280.jpg	body
Նմանահետեւ		a.	imitating, following	dict-565.png	https://archive.org/download/ANewDictionaryArmenian-english/page/leaf280.jpg	body
Նմանահետեւումն		s.	conformity; imitation	dict-565.png	https://archive.org/download/ANewDictionaryArmenian-english/page/leaf280.jpg	body
Համանմանակի, -նմանեալ, -նմանի				dict-406.png	https://archive.org/download/ANewDictionaryArmenian-english/page/leaf201.jpg	body
Նշանադրութիւն		s.	making the sign of the cross	dict-567.png	https://archive.org/download/ANewDictionaryArmenian-english/page/leaf281.jpg	body
Նշանակութի	Նշանակութիւն	s.	signification, interpretation, meaning, sense	dict-567.png	https://archive.org/download/ANewDictionaryArmenian-english/page/leaf281.jpg	body
Նշանասպասաւորաց			livery	dict-567.png	https://archive.org/download/ANewDictionaryArmenian-english/page/leaf281.jpg	body
Նշատերեւ		a.	shaped like a almond-leaf.	dict-567.png	https://archive.org/download/ANewDictionaryArmenian-english/page/leaf281.jpg	body
Նշաւոր			deed.	dict-567.png	https://archive.org/download/ANewDictionaryArmenian-english/page/leaf281.jpg	body
Նշգարենի		s. bot.	yoke-elm, horn-beam.	dict-567.png	https://archive.org/download/ANewDictionaryArmenian-english/page/leaf281.jpg	body
Նոխազական թթուուտ		s. chem.	hircic acid	dict-568.png	https://archive.org/download/ANewDictionaryArmenian-english/page/leaf282.jpg	body
Նոխազերգութի	Նոխազերգութիւն			dict-568.png	https://archive.org/download/ANewDictionaryArmenian-english/page/leaf282.jpg	body
Նոխազիւտ		s. chem.	hircine	dict-568.png	https://archive.org/download/ANewDictionaryArmenian-english/page/leaf282.jpg	body
Թշնամանիկ, -նիչ, -նող		a.	offensive; insulting; injurious; outrageous; insolent; saucy; impertinent; offensive, insulting, injurious, outrageous, insolent, saucy, impertinent;	dict-260.png	https://archive.org/download/ANewDictionaryArmenian-english/page/leaf128.jpg	body
Նողկութի	Նողկութիւն			dict-568.png	https://archive.org/download/ANewDictionaryArmenian-english/page/leaf282.jpg	body
Նողկտութի	Նողկտութիւն			dict-568.png	https://archive.org/download/ANewDictionaryArmenian-english/page/leaf282.jpg	body
Նոճիահահ		a.	ornamented with cypress.	dict-568.png	https://archive.org/download/ANewDictionaryArmenian-english/page/leaf282.jpg	body
Նոյնաբանութի	Նոյնաբանութիւն	s.	repetition of words; tautology; literal translation	dict-568.png	https://archive.org/download/ANewDictionaryArmenian-english/page/leaf282.jpg	body
Նոյնաձայնութի	Նոյնաձայնութիւն	s.	homophony	dict-568.png	https://archive.org/download/ANewDictionaryArmenian-english/page/leaf282.jpg	body
Նոյնաձեւութի	Նոյնաձեւութիւն	s.	isomorphism; uniformity	dict-568.png	https://archive.org/download/ANewDictionaryArmenian-english/page/leaf282.jpg	body
Նոյնամասնութի	Նոյնամասնութիւն	s.	isomerism	dict-568.png	https://archive.org/download/ANewDictionaryArmenian-english/page/leaf282.jpg	body
նոն		s. bot.	pilosella,	dict-492.png	https://archive.org/download/ANewDictionaryArmenian-english/page/leaf244.jpg	body
Նոպայ		s.	period; med. period.	dict-569.png	https://archive.org/download/ANewDictionaryArmenian-english/page/leaf282.jpg	body
Նոտարագիր				dict-569.png	https://archive.org/download/ANewDictionaryArmenian-english/page/leaf282.jpg	body
Նորա		pron.	to him or to her; to him or to her.	dict-569.png	https://archive.org/download/ANewDictionaryArmenian-english/page/leaf282.jpg	body
Նոցա		pron.	to them.	dict-570.png	https://archive.org/download/ANewDictionaryArmenian-english/page/leaf283.jpg	body
Նուիրակուի		s.	nunciature; deputa-	dict-572.png	https://archive.org/download/ANewDictionaryArmenian-english/page/leaf284.jpg	body
Նուռ		s.		dict-572.png	https://archive.org/download/ANewDictionaryArmenian-english/page/leaf284.jpg	body
Նուռն ճանակ		s.	chief citizen.	dict-572.png	https://archive.org/download/ANewDictionaryArmenian-english/page/leaf284.jpg	body
Նոքա		pron.	they.	dict-572.png	https://archive.org/download/ANewDictionaryArmenian-english/page/leaf284.jpg	body
Նսիք		s.	tribulation; difficulty; labour.; tribulation, difficulty, labour.	dict-573.png	https://archive.org/download/ANewDictionaryArmenian-english/page/leaf284.jpg	body
Նստատեղ				dict-573.png	https://archive.org/download/ANewDictionaryArmenian-english/page/leaf284.jpg	body
Նստուկ		ad.	sitting. [ing.; sitting.	dict-573.png	https://archive.org/download/ANewDictionaryArmenian-english/page/leaf284.jpg	body
Նօթուի		s.	hunger; fast; fasting.[tives.; fast, fasting.	dict-573.png	https://archive.org/download/ANewDictionaryArmenian-english/page/leaf284.jpg	body
Շաբաթշէայ		s.	week's labour.	dict-574.png	https://archive.org/download/ANewDictionaryArmenian-english/page/leaf285.jpg	body
Շահար		s.	woody wild; forest; woody wild, forest	dict-575.png	https://archive.org/download/ANewDictionaryArmenian-english/page/leaf285.jpg	body
Շահարացի		a.	sylvan; savage; wild; sylvan, savage, wild	dict-575.png	https://archive.org/download/ANewDictionaryArmenian-english/page/leaf285.jpg	body
Շահաւէտաբար		ad.	advantageously; usefully; profitably; advantageously, usefully, profitably	dict-575.png	https://archive.org/download/ANewDictionaryArmenian-english/page/leaf285.jpg	body
Շաղախամած				dict-575.png	https://archive.org/download/ANewDictionaryArmenian-english/page/leaf285.jpg	body
Շաղախուտ		a.	muddy; miry.; muddy, miry.	dict-575.png	https://archive.org/download/ANewDictionaryArmenian-english/page/leaf285.jpg	body
Շաղաւաշութիւն		a.	insinuating, false, double-tongued; cheating, fraudulent.	dict-576.png	https://archive.org/download/ANewDictionaryArmenian-english/page/leaf286.jpg	body
Շաղինար		s. bot.	bot. bastard- or fool's parsley.	dict-576.png	https://archive.org/download/ANewDictionaryArmenian-english/page/leaf286.jpg	body
Շաղղայեց		a.	fat & lusty, corpulent,	dict-576.png	https://archive.org/download/ANewDictionaryArmenian-english/page/leaf286.jpg	body
Շամղկասկ		s. bot.	bot. symphytum, pul-monaria, comfrey, consound.	dict-576.png	https://archive.org/download/ANewDictionaryArmenian-english/page/leaf286.jpg	body
Շամպետ		s.	tetrarch.	dict-576.png	https://archive.org/download/ANewDictionaryArmenian-english/page/leaf286.jpg	body
Շամպետութիւն		s.	tetrarchy.	dict-576.png	https://archive.org/download/ANewDictionaryArmenian-english/page/leaf286.jpg	body
Շամրացի		a. s.	Samaritan.	dict-576.png	https://archive.org/download/ANewDictionaryArmenian-english/page/leaf286.jpg	body
Շանախուր		s.	price of a dog; hire of a prostitute	dict-577.png	https://archive.org/download/ANewDictionaryArmenian-english/page/leaf286.jpg	body
Շանթաքար		s.	meteoric stone, meterolite	dict-577.png	https://archive.org/download/ANewDictionaryArmenian-english/page/leaf286.jpg	body
Շաշ		s.	milk-diet, --food; maker or dealer in milk products.	dict-577.png	https://archive.org/download/ANewDictionaryArmenian-english/page/leaf286.jpg	body
Շապիկք		s.	shirt, linen	dict-577.png	https://archive.org/download/ANewDictionaryArmenian-english/page/leaf286.jpg	body
Շառագուննեմ		vn.	to blush, to redden with shame, to be ashamed, confounded	dict-577.png	https://archive.org/download/ANewDictionaryArmenian-english/page/leaf286.jpg	body
Շառայլողով		a.	radiant, refulgent	dict-577.png	https://archive.org/download/ANewDictionaryArmenian-english/page/leaf286.jpg	body
Շառապ		a.	quite ashamed or abashed	dict-577.png	https://archive.org/download/ANewDictionaryArmenian-english/page/leaf286.jpg	body
Շառաւան		s.	camel	dict-577.png	https://archive.org/download/ANewDictionaryArmenian-english/page/leaf286.jpg	body
Շառափափ		a.	emitting rays	dict-577.png	https://archive.org/download/ANewDictionaryArmenian-english/page/leaf286.jpg	body
Շառումն		s.	shining	dict-577.png	https://archive.org/download/ANewDictionaryArmenian-english/page/leaf286.jpg	body
Շառռհաշ		s.	wild-pomegranate seed	dict-577.png	https://archive.org/download/ANewDictionaryArmenian-english/page/leaf286.jpg	body
Շառռոտեմ		va.	to scarify	dict-577.png	https://archive.org/download/ANewDictionaryArmenian-english/page/leaf286.jpg	body
Շատճղու		s.	bot. thistle.	dict-578.png	https://archive.org/download/ANewDictionaryArmenian-english/page/leaf287.jpg	body
Շատնում				dict-578.png	https://archive.org/download/ANewDictionaryArmenian-english/page/leaf287.jpg	body
Շատրար		s.	skin-sieve; skin-sieve.	dict-578.png	https://archive.org/download/ANewDictionaryArmenian-english/page/leaf287.jpg	body
Շարագրաց		s.	composer, writer, author	dict-578.png	https://archive.org/download/ANewDictionaryArmenian-english/page/leaf287.jpg	body
Շարադրած		s.	composition; wording; work; writing; works; treatise; memory, monument; composition, wording; work, writing, works, treatise	dict-578.png	https://archive.org/download/ANewDictionaryArmenian-english/page/leaf287.jpg	body
Շարադրող		s.	composer	dict-578.png	https://archive.org/download/ANewDictionaryArmenian-english/page/leaf287.jpg	body
Շարապայ		s.	syrup.	dict-578.png	https://archive.org/download/ANewDictionaryArmenian-english/page/leaf287.jpg	body
Դժոխաշարժ, շարժելի		a.	moved with much difficulty.	dict-175.png	https://archive.org/download/ANewDictionaryArmenian-english/page/leaf85.jpg	body
Շարխատ		s.	usury, illegal interest.	dict-579.png	https://archive.org/download/ANewDictionaryArmenian-english/page/leaf287.jpg	body
Շափառուկք		s.	obscurity in day-time; fig. sadness in mirth.	dict-580.png	https://archive.org/download/ANewDictionaryArmenian-english/page/leaf288.jpg	body
Շեղահատական		a.	rhombohedral	dict-580.png	https://archive.org/download/ANewDictionaryArmenian-english/page/leaf288.jpg	body
Շեղբ		s.	sword or knife blade.	dict-580.png	https://archive.org/download/ANewDictionaryArmenian-english/page/leaf288.jpg	body
Շեղիկ		s.	sword or knife blade.	dict-580.png	https://archive.org/download/ANewDictionaryArmenian-english/page/leaf288.jpg	body
Շեղնիստ		s.	rhomboid	dict-580.png	https://archive.org/download/ANewDictionaryArmenian-english/page/leaf288.jpg	body
Շեշտողոր		s.	word accented on the last syllable; barytone. [acutely.	dict-580.png	https://archive.org/download/ANewDictionaryArmenian-english/page/leaf288.jpg	body
Շեշտողորեմ		va.	to utter sharply,	dict-580.png	https://archive.org/download/ANewDictionaryArmenian-english/page/leaf288.jpg	body
Շեռ		S.		dict-580.png	https://archive.org/download/ANewDictionaryArmenian-english/page/leaf288.jpg	body
Շետիկ		s.	fine hair-sieve. [of --.; fine hair-sieve. [of -.	dict-580.png	https://archive.org/download/ANewDictionaryArmenian-english/page/leaf288.jpg	body
Շէգ				dict-581.png	https://archive.org/download/ANewDictionaryArmenian-english/page/leaf288.jpg	body
Շթոցք		s.	splash.	dict-581.png	https://archive.org/download/ANewDictionaryArmenian-english/page/leaf288.jpg	body
Շիկամորթ խոյոց			morocco, spanish leather	dict-581.png	https://archive.org/download/ANewDictionaryArmenian-english/page/leaf288.jpg	body
Շիկափայտ			Brasil-wood, Queen's wood	dict-581.png	https://archive.org/download/ANewDictionaryArmenian-english/page/leaf288.jpg	body
Շիկխարի		s.	alkanet.	dict-581.png	https://archive.org/download/ANewDictionaryArmenian-english/page/leaf288.jpg	body
Շիղագէտ		a.	beholding the mote in another's eye; censurer, fault-finder.	dict-581.png	https://archive.org/download/ANewDictionaryArmenian-english/page/leaf288.jpg	body
Շիճիտակկիմ		vn.	to be red with eating & drinking.	dict-581.png	https://archive.org/download/ANewDictionaryArmenian-english/page/leaf288.jpg	body
Շիչք		s.	nape of the neck.	dict-582.png	https://archive.org/download/ANewDictionaryArmenian-english/page/leaf289.jpg	body
Շիպ				dict-582.png	https://archive.org/download/ANewDictionaryArmenian-english/page/leaf289.jpg	body
Շիրիշակ		s.	wooden padlock.	dict-582.png	https://archive.org/download/ANewDictionaryArmenian-english/page/leaf289.jpg	body
Շլին		s.	neck.	dict-582.png	https://archive.org/download/ANewDictionaryArmenian-english/page/leaf289.jpg	body
Շլնետակ		s.	under part of the chin.	dict-582.png	https://archive.org/download/ANewDictionaryArmenian-english/page/leaf289.jpg	body
Շլոռ				dict-582.png	https://archive.org/download/ANewDictionaryArmenian-english/page/leaf289.jpg	body
Շղուականք		s.	female fineries, show, dress, attire, &c.	dict-583.png	https://archive.org/download/ANewDictionaryArmenian-english/page/leaf289.jpg	body
Շղուարարոյ				dict-583.png	https://archive.org/download/ANewDictionaryArmenian-english/page/leaf289.jpg	body
Շղուտաբարոյ		a.	savage, wild, ferocious.	dict-583.png	https://archive.org/download/ANewDictionaryArmenian-english/page/leaf289.jpg	body
Շղպիք				dict-583.png	https://archive.org/download/ANewDictionaryArmenian-english/page/leaf289.jpg	body
Շմբբոց		s.	sack.	dict-583.png	https://archive.org/download/ANewDictionaryArmenian-english/page/leaf289.jpg	body
Շնմոլուհի		s.	adultery; idolatry.	dict-583.png	https://archive.org/download/ANewDictionaryArmenian-english/page/leaf289.jpg	body
Շնորհագոհութիւն			gratefulness, gratitude, thankfulness	dict-584.png	https://archive.org/download/ANewDictionaryArmenian-english/page/leaf290.jpg	body
Շնորհակալութի	Շնորհակալութիւն	s.	pleasure	dict-584.png	https://archive.org/download/ANewDictionaryArmenian-english/page/leaf290.jpg	body
Շնորհակարգութի	Շնորհակարգութիւն	s.	constitution by divine grace	dict-584.png	https://archive.org/download/ANewDictionaryArmenian-english/page/leaf290.jpg	body
Շնորհավաճառութի	Շնորհավաճառութիւն	s.	simony	dict-584.png	https://archive.org/download/ANewDictionaryArmenian-english/page/leaf290.jpg	body
Շնորհատուութի or տրութի	Շնորհատուութի or տրութիւն	s.	gift of grace; donation, favour, liberality	dict-584.png	https://archive.org/download/ANewDictionaryArmenian-english/page/leaf290.jpg	body
Շնորհատուութի or տրութի	Շնորհատուութի or տրութիւն	s.	gift of grace; donation, favour, liberality	dict-584.png	https://archive.org/download/ANewDictionaryArmenian-english/page/leaf290.jpg	body
Շնութի	Շնութիւն	s.	canine nature: adultery, fornication; fig. idolatry	dict-584.png	https://archive.org/download/ANewDictionaryArmenian-english/page/leaf290.jpg	body
Շնուի		s. pl.	dogs.	dict-585.png	https://archive.org/download/ANewDictionaryArmenian-english/page/leaf290.jpg	body
Շնչաբերութի	Շնչաբերութիւն	s.	respiration; animation	dict-584.png	https://archive.org/download/ANewDictionaryArmenian-english/page/leaf290.jpg	body
Շնչածնութի	Շնչածնութիւն	s.	creation of the soul, animation	dict-584.png	https://archive.org/download/ANewDictionaryArmenian-english/page/leaf290.jpg	body
Շնչակալ անօթ		s.	lung	dict-584.png	https://archive.org/download/ANewDictionaryArmenian-english/page/leaf290.jpg	body
Շնչառութի	Շնչառութիւն	s.	respiration.	dict-584.png	https://archive.org/download/ANewDictionaryArmenian-english/page/leaf290.jpg	body
Շնչասպառութի	Շնչասպառութիւն	s.	being out of breath, breathlessness.	dict-584.png	https://archive.org/download/ANewDictionaryArmenian-english/page/leaf290.jpg	body
Շնչաւորութի	Շնչաւորութիւն	s.	act of breathing, respiration, animation, vitality; sensuality.	dict-584.png	https://archive.org/download/ANewDictionaryArmenian-english/page/leaf290.jpg	body
Շնւի		s. pl.	dogs.	dict-585.png	https://archive.org/download/ANewDictionaryArmenian-english/page/leaf290.jpg	body
Շնքիք		s.	dog's-dung.	dict-585.png	https://archive.org/download/ANewDictionaryArmenian-english/page/leaf290.jpg	body
Շողմող		s.	tale-bearer, tell-tale, backbiter, informer, slanderer; a. tale-bearing, slanderous	dict-585.png	https://archive.org/download/ANewDictionaryArmenian-english/page/leaf290.jpg	body
Շողոլի		s.	vapour, exhalation.	dict-585.png	https://archive.org/download/ANewDictionaryArmenian-english/page/leaf290.jpg	body
Շոպագ		s.	string of comfits.	dict-586.png	https://archive.org/download/ANewDictionaryArmenian-english/page/leaf291.jpg	body
Շոպռպեմ		va.	to snatch away; to pluck off; to take away; to ravish; to carry off.	dict-586.png	https://archive.org/download/ANewDictionaryArmenian-english/page/leaf291.jpg	body
Շորտեմ				dict-586.png	https://archive.org/download/ANewDictionaryArmenian-english/page/leaf291.jpg	body
Շուագ		s.	fore-court.	dict-586.png	https://archive.org/download/ANewDictionaryArmenian-english/page/leaf291.jpg	body
Շուղայ		s.	skein of silk, &c.	dict-586.png	https://archive.org/download/ANewDictionaryArmenian-english/page/leaf291.jpg	body
Շուշանացեալ		a.	lilied	dict-587.png	https://archive.org/download/ANewDictionaryArmenian-english/page/leaf291.jpg	body
Շուտասլաց				dict-587.png	https://archive.org/download/ANewDictionaryArmenian-english/page/leaf291.jpg	body
Շուտս				dict-588.png	https://archive.org/download/ANewDictionaryArmenian-english/page/leaf292.jpg	body
Շուփայ			collyrium; eye-salve.; collyrium; eye-salve.	dict-587.png	https://archive.org/download/ANewDictionaryArmenian-english/page/leaf291.jpg	body
Շռայլք		s.	licentiousness, lewdness, debauch	dict-587.png	https://archive.org/download/ANewDictionaryArmenian-english/page/leaf291.jpg	body
Շռիւնչ		s.	sound, flourish.	dict-588.png	https://archive.org/download/ANewDictionaryArmenian-english/page/leaf292.jpg	body
Շռնջան		s.	humming-top, whipping-top, peg-top.	dict-588.png	https://archive.org/download/ANewDictionaryArmenian-english/page/leaf292.jpg	body
Շռնջապահ		s.	head-stall; frontlet.	dict-588.png	https://archive.org/download/ANewDictionaryArmenian-english/page/leaf292.jpg	body
Շտիկ		s.	swelling; tumour.; swelling, tumour.	dict-588.png	https://archive.org/download/ANewDictionaryArmenian-english/page/leaf292.jpg	body
Շրատ		s.	whey; serum.; whey, serum.	dict-588.png	https://archive.org/download/ANewDictionaryArmenian-english/page/leaf292.jpg	body
Շրջաբեւեռային		a.	circumpolar	dict-588.png	https://archive.org/download/ANewDictionaryArmenian-english/page/leaf292.jpg	body
Շրջագոյն		a.	roaming; wandering	dict-588.png	https://archive.org/download/ANewDictionaryArmenian-english/page/leaf292.jpg	body
Շքաշոր		a.	dried in the shade.	dict-590.png	https://archive.org/download/ANewDictionaryArmenian-english/page/leaf293.jpg	body
Ոգեթափանձ		a.	anxious, eager;	dict-591.png	https://archive.org/download/ANewDictionaryArmenian-english/page/leaf293.jpg	body
Ոգեշնորհ				dict-591.png	https://archive.org/download/ANewDictionaryArmenian-english/page/leaf293.jpg	body
Ոգեվարիմ				dict-591.png	https://archive.org/download/ANewDictionaryArmenian-english/page/leaf293.jpg	body
Ոգեւոր լինել ի				dict-591.png	https://archive.org/download/ANewDictionaryArmenian-english/page/leaf293.jpg	body
Ո՛ եւ պէս		a.	whoever it may be.	dict-592.png	https://archive.org/download/ANewDictionaryArmenian-english/page/leaf294.jpg	body
Ոլիմպոս		s.	Olympus; heaven. [grapes.; heaven. [grapes.	dict-593.png	https://archive.org/download/ANewDictionaryArmenian-english/page/leaf294.jpg	body
Ոխութի	Ոխութիւն	s.	S. Ոխ; revenge; wrath, anger, indignation.; wrath,	dict-593.png	https://archive.org/download/ANewDictionaryArmenian-english/page/leaf294.jpg	body
Ողբերգուի		s.	plaintive song, dirge	dict-593.png	https://archive.org/download/ANewDictionaryArmenian-english/page/leaf294.jpg	body
Ողիկ ողիկ գամ			S. Ողողանամ:	dict-593.png	https://archive.org/download/ANewDictionaryArmenian-english/page/leaf294.jpg	body
Ողիմբրոս		s.	Olympus; heaven. [grapes.; heaven. [grapes.	dict-593.png	https://archive.org/download/ANewDictionaryArmenian-english/page/leaf294.jpg	body
Ողիմպոս		s.	Olympus; heaven. [grapes.; heaven. [grapes.	dict-593.png	https://archive.org/download/ANewDictionaryArmenian-english/page/leaf294.jpg	body
Ողին		s.	spine, back-bone; chine, back; spinal marrow;; chine, back; spinal marrow	dict-593.png	https://archive.org/download/ANewDictionaryArmenian-english/page/leaf294.jpg	body
Ողնժնեայ		a.	headstrong, doggedly tenacious, pertinacious, obstinate.	dict-593.png	https://archive.org/download/ANewDictionaryArmenian-english/page/leaf294.jpg	body
Ողոխ		s.	green outer shell of walnut, walnut-husk.	dict-592.png	https://archive.org/download/ANewDictionaryArmenian-english/page/leaf294.jpg	body
Ողոր		s.	wicker, osier; osier-band, straw-band	dict-592.png	https://archive.org/download/ANewDictionaryArmenian-english/page/leaf294.jpg	body
Ողորի		s.	water-willow, osier.	dict-592.png	https://archive.org/download/ANewDictionaryArmenian-english/page/leaf294.jpg	body
Ողունք		s.	spine, back-bone; chine, back; spinal marrow;; chine, back; spinal marrow	dict-593.png	https://archive.org/download/ANewDictionaryArmenian-english/page/leaf294.jpg	body
Ոճորք				dict-596.png	https://archive.org/download/ANewDictionaryArmenian-english/page/leaf296.jpg	body
Ամօթոյ, ոյք				dict-053.png	https://archive.org/download/ANewDictionaryArmenian-english/page/leaf24.jpg	body
Ոչխարուի		s.	sheepish nature; sheepishness.	dict-597.png	https://archive.org/download/ANewDictionaryArmenian-english/page/leaf296.jpg	body
Ոչնչութի	Ոչնչութիւն	s.	nothingness; nothing; nullity.; nothingness, nothing	dict-597.png	https://archive.org/download/ANewDictionaryArmenian-english/page/leaf296.jpg	body
Ոսկերիտ		s.	osseine.	dict-598.png	https://archive.org/download/ANewDictionaryArmenian-english/page/leaf297.jpg	body
Ոսկերչութի	Ոսկերչութիւն	s.	goldsmith's art.	dict-598.png	https://archive.org/download/ANewDictionaryArmenian-english/page/leaf297.jpg	body
Ոսկէ				dict-598.png	https://archive.org/download/ANewDictionaryArmenian-english/page/leaf297.jpg	body
Ոսկիաբան		s.	Chrysologus;; Chrysologus	dict-598.png	https://archive.org/download/ANewDictionaryArmenian-english/page/leaf297.jpg	body
Ոսկրաբանութի	Ոսկրաբանութիւն	s.	osteology	dict-599.png	https://archive.org/download/ANewDictionaryArmenian-english/page/leaf297.jpg	body
Ոսկրաբեկութի	Ոսկրաբեկութիւն	s. med.	osteo-cope	dict-599.png	https://archive.org/download/ANewDictionaryArmenian-english/page/leaf297.jpg	body
Ոսկրագրութի	Ոսկրագրութիւն	s.	osteography	dict-599.png	https://archive.org/download/ANewDictionaryArmenian-english/page/leaf297.jpg	body
Ոսկրահատութի	Ոսկրահատութիւն	s.	osteotomy	dict-599.png	https://archive.org/download/ANewDictionaryArmenian-english/page/leaf297.jpg	body
Ոսկրաքանդ առնեմ		va.	to dislocate, to put out of joint, to disjoint, to luxate or lux	dict-599.png	https://archive.org/download/ANewDictionaryArmenian-english/page/leaf297.jpg	body
Ոսնուհ		s.	astrophy, emaciation.	dict-599.png	https://archive.org/download/ANewDictionaryArmenian-english/page/leaf297.jpg	body
Ոսոխութի	Ոսոխութիւն	s.	enmity; rivality; opposition.	dict-599.png	https://archive.org/download/ANewDictionaryArmenian-english/page/leaf297.jpg	body
Ոսպնիք		s.	lentiles; pulse.	dict-599.png	https://archive.org/download/ANewDictionaryArmenian-english/page/leaf297.jpg	body
Ոստախաղ լինիմ		vn.	to leap from branch to branch	dict-599.png	https://archive.org/download/ANewDictionaryArmenian-english/page/leaf297.jpg	body
Ոստայնանկութի	Ոստայնանկութիւն	s.	weaving; tapestry.	dict-599.png	https://archive.org/download/ANewDictionaryArmenian-english/page/leaf297.jpg	body
Ոստարձակ լինիմ				dict-599.png	https://archive.org/download/ANewDictionaryArmenian-english/page/leaf297.jpg	body
Ոստաքանցութի	Ոստաքանցութիւն	s.	lopping, cutting off.	dict-599.png	https://archive.org/download/ANewDictionaryArmenian-english/page/leaf297.jpg	body
Ոստեղիս		s.	glutine.	dict-599.png	https://archive.org/download/ANewDictionaryArmenian-english/page/leaf297.jpg	body
Ոստիկանութի	Ոստիկանութիւն	s.	prefecture; inspectorship; ministry, office.	dict-599.png	https://archive.org/download/ANewDictionaryArmenian-english/page/leaf297.jpg	body
Ոստրիք		s. Gr. w.	oyster; shell-fish.	dict-599.png	https://archive.org/download/ANewDictionaryArmenian-english/page/leaf297.jpg	body
Ոտնիւթի		ad.	slowly, gently, furtively, little by little.; slowly, gently, furtive-ly, little by little.	dict-601.png	https://archive.org/download/ANewDictionaryArmenian-english/page/leaf298.jpg	body
Ոտնուրագ		s.	adze, addice.	dict-601.png	https://archive.org/download/ANewDictionaryArmenian-english/page/leaf298.jpg	body
Որբուհի		s.	orphanhood, orphanage.	dict-601.png	https://archive.org/download/ANewDictionaryArmenian-english/page/leaf298.jpg	body
Որ էն		s.	I Am, He who is, God, the Supreme Being;; I Am; He who is; God; the Supreme Being	dict-602.png	https://archive.org/download/ANewDictionaryArmenian-english/page/leaf299.jpg	body
Որթնոց		s.	vineyard; stalk of dried vine-cuttings : calf-house.	dict-602.png	https://archive.org/download/ANewDictionaryArmenian-english/page/leaf299.jpg	body
Որկորստութի	Որկորստութիւն	S.		dict-603.png	https://archive.org/download/ANewDictionaryArmenian-english/page/leaf299.jpg	body
Որոշք		s.	step, stair, round	dict-604.png	https://archive.org/download/ANewDictionaryArmenian-english/page/leaf300.jpg	body
Որովայնածուլութի	Որովայնածուլութիւն	s.	flux, laxity, looseness, diarrhœa, scouring	dict-604.png	https://archive.org/download/ANewDictionaryArmenian-english/page/leaf300.jpg	body
Որովայնածուլութի	Որովայնածուլութիւն	s.	flux, laxity, looseness, diarrhœa, scouring	dict-604.png	https://archive.org/download/ANewDictionaryArmenian-english/page/leaf300.jpg	body
Որովայնահմայութի	Որովայնահմայութիւն	s.	gastromancy	dict-604.png	https://archive.org/download/ANewDictionaryArmenian-english/page/leaf300.jpg	body
Որովայնամոլութի	Որովայնամոլութիւն	s.	gastromany	dict-604.png	https://archive.org/download/ANewDictionaryArmenian-english/page/leaf300.jpg	body
Որովայնապաշտութի	Որովայնապաշտութիւն	s.	gastrolatria	dict-604.png	https://archive.org/download/ANewDictionaryArmenian-english/page/leaf300.jpg	body
Որովայնաւոր		a.	abdominary	dict-604.png	https://archive.org/download/ANewDictionaryArmenian-english/page/leaf300.jpg	body
Որսորդութի	Որսորդութիւն	s.	hunting; shooting; shooting	dict-606.png	https://archive.org/download/ANewDictionaryArmenian-english/page/leaf301.jpg	body
Փոթուած, ոց, Փոթութի	Փոթութիւն	s.	folding; plaiting; fold; folding, plaiting, fold.	dict-763.png	https://archive.org/download/ANewDictionaryArmenian-english/page/leaf379.jpg	body
Ութեւտասնածալ		a.	in-18mo	dict-606.png	https://archive.org/download/ANewDictionaryArmenian-english/page/leaf301.jpg	body
ութի	ութիւն	s.	dignity, office or post of kislar-agasi.	dict-492.png	https://archive.org/download/ANewDictionaryArmenian-english/page/leaf244.jpg	body
ութի	ութիւն	s.	dignity, office or post of kislar-agasi.	dict-492.png	https://archive.org/download/ANewDictionaryArmenian-english/page/leaf244.jpg	body
Ութնիստ		s.	octahedron	dict-606.png	https://archive.org/download/ANewDictionaryArmenian-english/page/leaf301.jpg	body
Ութնիւ		s.	octophorum	dict-606.png	https://archive.org/download/ANewDictionaryArmenian-english/page/leaf301.jpg	body
Ուժակեր		a.	vegetarian	dict-607.png	https://archive.org/download/ANewDictionaryArmenian-english/page/leaf301.jpg	body
Ուժանամ		vn.	to cool down, to be estranged; to remove, to go out of, to abandon, to fail	dict-607.png	https://archive.org/download/ANewDictionaryArmenian-english/page/leaf301.jpg	body
Ուժացուցանեմ		va.	to cool, to damp, to estrange; to avert, to remove.	dict-607.png	https://archive.org/download/ANewDictionaryArmenian-english/page/leaf301.jpg	body
Աշխոյժութիւն, Աշխոյժք, ուժից, Աշխուժութիւն		s.	vivacity, spirit, gaiety, sprightliness; rapture; mettle.	dict-087.png	https://archive.org/download/ANewDictionaryArmenian-english/page/leaf41.jpg	body
Հակառակախօս, -ուի		S.		dict-403.png	https://archive.org/download/ANewDictionaryArmenian-english/page/leaf199.jpg	body
Ուլնապնդութիւն		s.	stiff-neck, pain in the neck	dict-607.png	https://archive.org/download/ANewDictionaryArmenian-english/page/leaf301.jpg	body
Ուխտադրութի	Ուխտադրութիւն	s.	making a vow; concluding a treaty; vow; profession; wish, desire	dict-607.png	https://archive.org/download/ANewDictionaryArmenian-english/page/leaf301.jpg	body
Ուխտազանցութի	Ուխտազանցութիւն	s.	violation of a vow, of a convention, contravention, breach, infraction of treaties; transgression	dict-607.png	https://archive.org/download/ANewDictionaryArmenian-english/page/leaf301.jpg	body
Ուղեգնացութի	Ուղեգնացութիւն	s.	travelling, journeying.	dict-607.png	https://archive.org/download/ANewDictionaryArmenian-english/page/leaf301.jpg	body
Ուղեկիցք			retinue, train, attendants, suite, cortege	dict-607.png	https://archive.org/download/ANewDictionaryArmenian-english/page/leaf301.jpg	body
Ուղեկցութի	Ուղեկցութիւն	s.	travelling companion, accompanying, following, company; convoy.	dict-607.png	https://archive.org/download/ANewDictionaryArmenian-english/page/leaf301.jpg	body
Ուղխաւուր		s.	torrent-water	dict-608.png	https://archive.org/download/ANewDictionaryArmenian-english/page/leaf302.jpg	body
Ուղխաւուրլոր		a.	having small torrents.; [overflow.	dict-608.png	https://archive.org/download/ANewDictionaryArmenian-english/page/leaf302.jpg	body
Ուղխաւուրցան		a.	inundating, overflowing	dict-608.png	https://archive.org/download/ANewDictionaryArmenian-english/page/leaf302.jpg	body
Ուղխիւնահոս		a.	rushing like a torrent; torrential.; [tially.	dict-608.png	https://archive.org/download/ANewDictionaryArmenian-english/page/leaf302.jpg	body
Ուղղափառահաւատ		a.	orthodox, catholic	dict-609.png	https://archive.org/download/ANewDictionaryArmenian-english/page/leaf302.jpg	body
Ուղղետակ		s.	rudder, helm; regulator	dict-609.png	https://archive.org/download/ANewDictionaryArmenian-english/page/leaf302.jpg	body
Ուղտի		S.	Որթի	dict-609.png	https://archive.org/download/ANewDictionaryArmenian-english/page/leaf302.jpg	body
Ում եւ պէտս		a.	useless, worthless, futile, flimsy; whatever, whatsoever; uselessly	dict-609.png	https://archive.org/download/ANewDictionaryArmenian-english/page/leaf302.jpg	body
Հեծեծութի, ումն	Հեծեծութիւն			dict-433.png	https://archive.org/download/ANewDictionaryArmenian-english/page/leaf214.jpg	body
Ումպէտս		a.	useless, worthless, futile, flimsy; whatever, whatsoever; uselessly	dict-609.png	https://archive.org/download/ANewDictionaryArmenian-english/page/leaf302.jpg	body
Ույդ		s.	god of hell, Pluto	dict-609.png	https://archive.org/download/ANewDictionaryArmenian-english/page/leaf302.jpg	body
Ույդք		s.	god of hell, Pluto	dict-609.png	https://archive.org/download/ANewDictionaryArmenian-english/page/leaf302.jpg	body
Ունակամ		vn.	to habituate, to accustom oneself	dict-609.png	https://archive.org/download/ANewDictionaryArmenian-english/page/leaf302.jpg	body
Ունական		a.	habitual; habituated, inured; innate, inborn	dict-609.png	https://archive.org/download/ANewDictionaryArmenian-english/page/leaf302.jpg	body
Ունակուցանեմ		va.	to habituate, to accustom	dict-609.png	https://archive.org/download/ANewDictionaryArmenian-english/page/leaf302.jpg	body
Ունետէր				dict-610.png	https://archive.org/download/ANewDictionaryArmenian-english/page/leaf303.jpg	body
Ունկն եւ բունկն		a.	heard by hear-say, auricular, doubtful; heard by hearsay, auricular, doubtful.	dict-611.png	https://archive.org/download/ANewDictionaryArmenian-english/page/leaf303.jpg	body
Ուռնագոռգ		a.	a. resounding; clang-ing; ad. with hammering; - բոմբիւն, hammer-blow; clang; - հնչէին սալք, the hammer-blows resounded on the anvil.; clanging; ad. with hammering	dict-612.png	https://archive.org/download/ANewDictionaryArmenian-english/page/leaf304.jpg	body
Ուռութի	Ուռութիւն	s.	sorcerer.	dict-612.png	https://archive.org/download/ANewDictionaryArmenian-english/page/leaf304.jpg	body
Ուռութի	Ուռութիւն	s.	sorcerer.	dict-612.png	https://archive.org/download/ANewDictionaryArmenian-english/page/leaf304.jpg	body
Ուսընդանութի	Ուսընդանութիւն	ad.	worn crosswise.	dict-612.png	https://archive.org/download/ANewDictionaryArmenian-english/page/leaf304.jpg	body
Ուսընդանութի	Ուսընդանութիւն	ad.	worn crosswise.	dict-612.png	https://archive.org/download/ANewDictionaryArmenian-english/page/leaf304.jpg	body
Ուտի				dict-612.png	https://archive.org/download/ANewDictionaryArmenian-english/page/leaf304.jpg	body
Գնացուցանեմ, ուցի		va.	to cause to walk or run. [that moves.	dict-157.png	https://archive.org/download/ANewDictionaryArmenian-english/page/leaf76.jpg	body
Ոփրանա		s.	offering.	dict-615.png	https://archive.org/download/ANewDictionaryArmenian-english/page/leaf305.jpg	body
Ոքող		s.	thistle	dict-615.png	https://archive.org/download/ANewDictionaryArmenian-english/page/leaf305.jpg	body
Չայլակերպութի	Չայլակերպութիւն	s.	unalterableness, unchangeableness.	dict-615.png	https://archive.org/download/ANewDictionaryArmenian-english/page/leaf305.jpg	body
Չարագործաբաշխս		s.	evil-star	dict-616.png	https://archive.org/download/ANewDictionaryArmenian-english/page/leaf306.jpg	body
Չարադաստակ		a.	spent with fatigue	dict-616.png	https://archive.org/download/ANewDictionaryArmenian-english/page/leaf306.jpg	body
Չարադիտակ			S. Չարագեղ	dict-616.png	https://archive.org/download/ANewDictionaryArmenian-english/page/leaf306.jpg	body
Չարադիւթութիւն		s.	demoniacal wickedness, abominable malice; misadventure, very great misfortune.	dict-616.png	https://archive.org/download/ANewDictionaryArmenian-english/page/leaf306.jpg	body
Չարաժանիք		a.	furnished with sharp teeth, claws	dict-616.png	https://archive.org/download/ANewDictionaryArmenian-english/page/leaf306.jpg	body
Չարալուրք		s.	sad news; incredible woes, unheard of disasters.	dict-616.png	https://archive.org/download/ANewDictionaryArmenian-english/page/leaf306.jpg	body
Չարախտաժամ		ad.	very bad, cruel, intolerable, insufferable	dict-616.png	https://archive.org/download/ANewDictionaryArmenian-english/page/leaf306.jpg	body
Չարածերք		s.	incorrigible old man	dict-617.png	https://archive.org/download/ANewDictionaryArmenian-english/page/leaf306.jpg	body
Չարահիւանդ		a.	spoilt, corrupt; diseased, contagious, infected	dict-617.png	https://archive.org/download/ANewDictionaryArmenian-english/page/leaf306.jpg	body
Չարահմայութիւն		s.	prejudice, presumption	dict-617.png	https://archive.org/download/ANewDictionaryArmenian-english/page/leaf306.jpg	body
Չարայաշաղ		a.	jealous, meanly envious, ill-wishing, malignant	dict-617.png	https://archive.org/download/ANewDictionaryArmenian-english/page/leaf306.jpg	body
Չարայոյր		s.	a wicked man	dict-617.png	https://archive.org/download/ANewDictionaryArmenian-english/page/leaf306.jpg	body
Չարաշուկ		a.	disastrous, dismal, very grievous; baleful, atrocious, ferocious	dict-618.png	https://archive.org/download/ANewDictionaryArmenian-english/page/leaf307.jpg	body
Չարավիրապ		a.	very ferocious.	dict-618.png	https://archive.org/download/ANewDictionaryArmenian-english/page/leaf307.jpg	body
Չարարուեստք		s.	artifices, intrigues	dict-618.png	https://archive.org/download/ANewDictionaryArmenian-english/page/leaf307.jpg	body
Չարգարութիւն		s.	injustice, iniquity.	dict-618.png	https://archive.org/download/ANewDictionaryArmenian-english/page/leaf307.jpg	body
Չարիժ		vn.	to be no more on good terms with, to be at variance with.	dict-618.png	https://archive.org/download/ANewDictionaryArmenian-english/page/leaf307.jpg	body
Չարութեամբ		ad.	wickedly, maliciously, malignantly.	dict-618.png	https://archive.org/download/ANewDictionaryArmenian-english/page/leaf307.jpg	body
Չարունակ		s.	sly, pernicious art.	dict-618.png	https://archive.org/download/ANewDictionaryArmenian-english/page/leaf307.jpg	body
Չարչարելութի	Չարչարելութիւն	s.	passibility.	dict-619.png	https://archive.org/download/ANewDictionaryArmenian-english/page/leaf307.jpg	body
Չարչարելութի	Չարչարելութիւն	s.	passibility.	dict-619.png	https://archive.org/download/ANewDictionaryArmenian-english/page/leaf307.jpg	body
Չարչարութ				dict-619.png	https://archive.org/download/ANewDictionaryArmenian-english/page/leaf307.jpg	body
Չարպէչէր		s.	woman's veil.	dict-619.png	https://archive.org/download/ANewDictionaryArmenian-english/page/leaf307.jpg	body
Չափաբերութի	Չափաբերութիւն	s.	measure, symmetry, proportion; rhythm, meter	dict-619.png	https://archive.org/download/ANewDictionaryArmenian-english/page/leaf307.jpg	body
Չափագիտութի	Չափագիտութիւն	s.	mathematics	dict-619.png	https://archive.org/download/ANewDictionaryArmenian-english/page/leaf307.jpg	body
Չափազանցութի	Չափազանցութիւն	s.	exaggeration, excess; hyperbole	dict-619.png	https://archive.org/download/ANewDictionaryArmenian-english/page/leaf307.jpg	body
Չափչգիտուի		s.	ignorance of one's true state.	dict-620.png	https://archive.org/download/ANewDictionaryArmenian-english/page/leaf308.jpg	body
Չբարերարութի	Չբարերարութիւն	s.	want of disposition to do good; selfishness.	dict-620.png	https://archive.org/download/ANewDictionaryArmenian-english/page/leaf308.jpg	body
Չնչեան, Չնչին, չենոյ		a.	of nothing, of little value, puny, light, feeble, low, despicable, frivolous, futile, vain; very little, small	dict-621.png	https://archive.org/download/ANewDictionaryArmenian-english/page/leaf308.jpg	body
Չզապխապփուն		a.	unshaken, firm, solid.	dict-620.png	https://archive.org/download/ANewDictionaryArmenian-english/page/leaf308.jpg	body
Չէչ		s.	honeyless bee-hive	dict-620.png	https://archive.org/download/ANewDictionaryArmenian-english/page/leaf308.jpg	body
Չըր		s.	fountain-conduit of wood or stone.	dict-620.png	https://archive.org/download/ANewDictionaryArmenian-english/page/leaf308.jpg	body
Չիլ		s.	spotted, speckled partridge.	dict-620.png	https://archive.org/download/ANewDictionaryArmenian-english/page/leaf308.jpg	body
Չլուեալ, Չլուելոյն առնել		unheard of	unheard of; to turn a deaf ear to, to desire not to hear, not to hear on that side.	dict-621.png	https://archive.org/download/ANewDictionaryArmenian-english/page/leaf308.jpg	body
Չխոստովանութի	Չխոստովանութիւն	s.	not confessing or professing.	dict-621.png	https://archive.org/download/ANewDictionaryArmenian-english/page/leaf308.jpg	body
Չկամութի	Չկամութիւն	s.	unwillingness, ill-will.	dict-621.png	https://archive.org/download/ANewDictionaryArmenian-english/page/leaf308.jpg	body
Չհամարեալ յազգս		S.		dict-621.png	https://archive.org/download/ANewDictionaryArmenian-english/page/leaf308.jpg	body
Չմիաբանութի	Չմիաբանութիւն	s.	disunion, disagreement, variance.	dict-621.png	https://archive.org/download/ANewDictionaryArmenian-english/page/leaf308.jpg	body
Չյաջողուի		s.	unsuccessfulness, misadventure, misfortune.	dict-621.png	https://archive.org/download/ANewDictionaryArmenian-english/page/leaf308.jpg	body
Չյարութի	Չյարութիւն	s.	false resurrection.	dict-621.png	https://archive.org/download/ANewDictionaryArmenian-english/page/leaf308.jpg	body
Չորթան		s.	dried curds for winter use.	dict-622.png	https://archive.org/download/ANewDictionaryArmenian-english/page/leaf309.jpg	body
Չոր թթու		s.	pickled turnips to cook for winter use.	dict-622.png	https://archive.org/download/ANewDictionaryArmenian-english/page/leaf309.jpg	body
Չորթնկուլ		s.	gypaetus.; zool. gypaetus.	dict-622.png	https://archive.org/download/ANewDictionaryArmenian-english/page/leaf309.jpg	body
Չորիրք		a.	fourth ; — մասն, the fourth part, a quarter, quadrant.	dict-622.png	https://archive.org/download/ANewDictionaryArmenian-english/page/leaf309.jpg	body
Չորոտանի		a.	four-footed ; s. S. Չորք	dict-622.png	https://archive.org/download/ANewDictionaryArmenian-english/page/leaf309.jpg	body
Չորոցք		s.	leading pair of draught oxen.	dict-622.png	https://archive.org/download/ANewDictionaryArmenian-english/page/leaf309.jpg	body
Չորս				dict-622.png	https://archive.org/download/ANewDictionaryArmenian-english/page/leaf309.jpg	body
Չուարարութի	Չուարարութիւն	s.	departure, removing, removal, decampment.	dict-622.png	https://archive.org/download/ANewDictionaryArmenian-english/page/leaf309.jpg	body
Չսնապարծութի	Չսնապարծութիւն	s.	unostentatiousness, simplicity.	dict-623.png	https://archive.org/download/ANewDictionaryArmenian-english/page/leaf309.jpg	body
Չքնաղուհի		s.	beauty, delicacy, gentility, grace, handsomeness, elegance, gracefulness.	dict-623.png	https://archive.org/download/ANewDictionaryArmenian-english/page/leaf309.jpg	body
Պագուք		s.		dict-624.png	https://archive.org/download/ANewDictionaryArmenian-english/page/leaf310.jpg	body
Պաժիռ		s.		dict-624.png	https://archive.org/download/ANewDictionaryArmenian-english/page/leaf310.jpg	body
Պակասութի	Պակասութիւն	s.	want, failure, diminution, decrease; deficiency; fault, imperfection; blemish, defect; dearth,	dict-624.png	https://archive.org/download/ANewDictionaryArmenian-english/page/leaf310.jpg	body
Պահանդ		s.	iron or wooden tie-piece, binding-piece, notched-rail, brace; buttress, flying-buttress	dict-625.png	https://archive.org/download/ANewDictionaryArmenian-english/page/leaf310.jpg	body
Պահեցողութի	Պահեցողութիւն	S.		dict-626.png	https://archive.org/download/ANewDictionaryArmenian-english/page/leaf311.jpg	body
Պահկութի	Պահկութիւն	s.	statute service, forced labour.	dict-626.png	https://archive.org/download/ANewDictionaryArmenian-english/page/leaf311.jpg	body
Պաղատիս		s.	dried fig; string of dried figs; a frail.; dried fig, string of dried figs, a frail.	dict-626.png	https://archive.org/download/ANewDictionaryArmenian-english/page/leaf311.jpg	body
Պաղլեղուտ		s.	aluminate	dict-627.png	https://archive.org/download/ANewDictionaryArmenian-english/page/leaf311.jpg	body
Պաղլտրակ		s.	icicle.; [steeping in alum.	dict-627.png	https://archive.org/download/ANewDictionaryArmenian-english/page/leaf311.jpg	body
Պաճարեղութի	Պաճարեղութիւն	s.	bestiality, brute	dict-627.png	https://archive.org/download/ANewDictionaryArmenian-english/page/leaf311.jpg	body
Պաճուճեալ		a.		dict-627.png	https://archive.org/download/ANewDictionaryArmenian-english/page/leaf311.jpg	body
Պաճուճեալ առասպելք			cunningly devised fables	dict-627.png	https://archive.org/download/ANewDictionaryArmenian-english/page/leaf311.jpg	body
Պաճուճեալ կերակուրք			skilfully dressed meats.	dict-627.png	https://archive.org/download/ANewDictionaryArmenian-english/page/leaf311.jpg	body
Պայծառաբանութի	Պայծառաբանութիւն	s.	florid style	dict-627.png	https://archive.org/download/ANewDictionaryArmenian-english/page/leaf311.jpg	body
Պայուսասիկ		s.	fifty pounds.	dict-628.png	https://archive.org/download/ANewDictionaryArmenian-english/page/leaf312.jpg	body
Պայտ		s.	iron, horse-shoe.	dict-628.png	https://archive.org/download/ANewDictionaryArmenian-english/page/leaf312.jpg	body
Լանջապահ, -պան, -պանակ		s.	corselet, habergeon, cuirass, breast-plate.; corselet, habergeon, cuirass, breastplate.	dict-287.png	https://archive.org/download/ANewDictionaryArmenian-english/page/leaf141.jpg	body
Պանդեմք		a.	popular.	dict-628.png	https://archive.org/download/ANewDictionaryArmenian-english/page/leaf312.jpg	body
Պաշուլակ		s.	seed cucumber.	dict-629.png	https://archive.org/download/ANewDictionaryArmenian-english/page/leaf312.jpg	body
Պաշտօնակալութի	Պաշտօնակալութիւն	s.	bureaucracy	dict-630.png	https://archive.org/download/ANewDictionaryArmenian-english/page/leaf313.jpg	body
Պաշտօնատարութի	Պաշտօնատարութիւն	s.	service; ministry, office, charge, function	dict-630.png	https://archive.org/download/ANewDictionaryArmenian-english/page/leaf313.jpg	body
Պապադաւանական		a. s.	papal, pontifical; papist	dict-630.png	https://archive.org/download/ANewDictionaryArmenian-english/page/leaf313.jpg	body
Պապադաւանութի	Պապադաւանութիւն	s.	papistry, popery.	dict-630.png	https://archive.org/download/ANewDictionaryArmenian-english/page/leaf313.jpg	body
Պապադաւանութի	Պապադաւանութիւն	s.	papistry, popery.	dict-630.png	https://archive.org/download/ANewDictionaryArmenian-english/page/leaf313.jpg	body
Պապենական		a.	paternal, ancestral, hereditary.	dict-630.png	https://archive.org/download/ANewDictionaryArmenian-english/page/leaf313.jpg	body
Պապուկ		s.	camomile.	dict-630.png	https://archive.org/download/ANewDictionaryArmenian-english/page/leaf313.jpg	body
Պապուռիճ			bot. camomile.	dict-630.png	https://archive.org/download/ANewDictionaryArmenian-english/page/leaf313.jpg	body
Պառակտութի	Պառակտութիւն	s.	disunion, division, discord, dissension, faction.	dict-631.png	https://archive.org/download/ANewDictionaryArmenian-english/page/leaf313.jpg	body
Պառավառոս		s. Gr. w.	prevaricator, apostate, renegade.	dict-631.png	https://archive.org/download/ANewDictionaryArmenian-english/page/leaf313.jpg	body
Պաս		S.	Պահք.	dict-631.png	https://archive.org/download/ANewDictionaryArmenian-english/page/leaf313.jpg	body
Պասգեմ		vn.	to sport, to dance, to leap as children in the lap, to coax, to fondle, to caress; to sport or play as small animals.	dict-653.png	https://archive.org/download/ANewDictionaryArmenian-english/page/leaf324.jpg	body
Պասքուի		s.	excessive thirst, thirstiness; siccity, dryness, ardity.	dict-631.png	https://archive.org/download/ANewDictionaryArmenian-english/page/leaf313.jpg	body
Պատահութի	Պատահութիւն	s.	meeting, interview, talk, colloquy.	dict-631.png	https://archive.org/download/ANewDictionaryArmenian-english/page/leaf313.jpg	body
Պատանեկագիտուի		s.		dict-632.png	https://archive.org/download/ANewDictionaryArmenian-english/page/leaf314.jpg	body
Պատանեկատուփին		s.		dict-632.png	https://archive.org/download/ANewDictionaryArmenian-english/page/leaf314.jpg	body
Պատանութի	Պատանութիւն	s.	adolescence, youth.	dict-632.png	https://archive.org/download/ANewDictionaryArmenian-english/page/leaf314.jpg	body
Պատասռուն		s.		dict-632.png	https://archive.org/download/ANewDictionaryArmenian-english/page/leaf314.jpg	body
Պատաստ		s.	load, burden, bundle, bale; package, roll; wrapper, cover.	dict-632.png	https://archive.org/download/ANewDictionaryArmenian-english/page/leaf314.jpg	body
Պատաստանք		s.	wrapper, envelope; packing.	dict-632.png	https://archive.org/download/ANewDictionaryArmenian-english/page/leaf314.jpg	body
Պատաստեմ		va.	to envelop, to	dict-632.png	https://archive.org/download/ANewDictionaryArmenian-english/page/leaf314.jpg	body
Պատգամաւորութի	Պատգամաւորութիւն			dict-633.png	https://archive.org/download/ANewDictionaryArmenian-english/page/leaf314.jpg	body
Պատելիք		s.	band, bandage.	dict-633.png	https://archive.org/download/ANewDictionaryArmenian-english/page/leaf314.jpg	body
Պատեհութի	Պատեհութիւն	s.	convenience, fitness, decency; opportunity, seasonableness, fitness of time, of circumstances; chance	dict-633.png	https://archive.org/download/ANewDictionaryArmenian-english/page/leaf314.jpg	body
Պատկանաւորութի	Պատկանաւորութիւն	s.	convenience, suitableness, decency.	dict-635.png	https://archive.org/download/ANewDictionaryArmenian-english/page/leaf315.jpg	body
Պատկանութի	Պատկանութիւն			dict-635.png	https://archive.org/download/ANewDictionaryArmenian-english/page/leaf315.jpg	body
Պատկերագրուի		s.	portrait-painting; description, painting; iconography; description, painting; iconography	dict-636.png	https://archive.org/download/ANewDictionaryArmenian-english/page/leaf316.jpg	body
Պատկերական վերլուծութի	Պատկերական վերլուծութիւն	s.	chem. spectral analysis	dict-636.png	https://archive.org/download/ANewDictionaryArmenian-english/page/leaf316.jpg	body
Պատկերական վերլուծութի	Պատկերական վերլուծութիւն	s.	chem. spectral analysis	dict-636.png	https://archive.org/download/ANewDictionaryArmenian-english/page/leaf316.jpg	body
Պատկերակցութի	Պատկերակցութիւն	s.	conformity, resemblance, likeness	dict-636.png	https://archive.org/download/ANewDictionaryArmenian-english/page/leaf316.jpg	body
Պատկերահանութի	Պատկերահանութիւն	s.	painting	dict-636.png	https://archive.org/download/ANewDictionaryArmenian-english/page/leaf316.jpg	body
Պատկերամարտութի	Պատկերամարտութիւն	s.	iconomachy, iconoclasty, war against images	dict-636.png	https://archive.org/download/ANewDictionaryArmenian-english/page/leaf316.jpg	body
Պատկերանկարագիր		por	portrait; likeness; trait, likeness	dict-636.png	https://archive.org/download/ANewDictionaryArmenian-english/page/leaf316.jpg	body
Պատկերապաշտութի	Պատկերապաշտութիւն	s.	iconolatria; idolatry; idolatry	dict-636.png	https://archive.org/download/ANewDictionaryArmenian-english/page/leaf316.jpg	body
Պատճառադրութի	Պատճառադրութիւն	s.	pretext, excuse, plea	dict-636.png	https://archive.org/download/ANewDictionaryArmenian-english/page/leaf316.jpg	body
Պատճառականութի	Պատճառականութիւն	s.	causality	dict-636.png	https://archive.org/download/ANewDictionaryArmenian-english/page/leaf316.jpg	body
Պատճէան		s.	double; copy; duplicate; transeript; minute; letter; writing; edict; decree; double, copy, duplicate, transcript, minute; letter, writing, edict, decree.	dict-636.png	https://archive.org/download/ANewDictionaryArmenian-english/page/leaf316.jpg	body
Պատմութի	Պատմութիւն	s.	narration, history, historical account	dict-636.png	https://archive.org/download/ANewDictionaryArmenian-english/page/leaf316.jpg	body
Պատշաճութի	Պատշաճութիւն	s.	s. Պատշաճողութի; building, construction; -ումն s. orientation, finding the cardinal points.	dict-637.png	https://archive.org/download/ANewDictionaryArmenian-english/page/leaf316.jpg	body
Պարապութի	Պարապութիւն	s.	inactivity, idleness, disoccupation; occupation, application, exercise, study; leisure, opportunity, ease.	dict-641.png	https://archive.org/download/ANewDictionaryArmenian-english/page/leaf318.jpg	body
Պարառութի	Պարառութիւն	s.	comprehension, containing, embracing; syllepsis; party, assembly	dict-641.png	https://archive.org/download/ANewDictionaryArmenian-english/page/leaf318.jpg	body
Պարբերութի	Պարբերութիւն	s.	revolution, circulation, turn; period.	dict-641.png	https://archive.org/download/ANewDictionaryArmenian-english/page/leaf318.jpg	body
Պարգեւատուութի	Պարգեւատուութիւն	s.	gift, donation;	dict-642.png	https://archive.org/download/ANewDictionaryArmenian-english/page/leaf319.jpg	body
Պարերգութի	Պարերգութիւն	s.	ballad; madrigal; chorus.	dict-642.png	https://archive.org/download/ANewDictionaryArmenian-english/page/leaf319.jpg	body
Պարզակրօնութի	Պարզակրօնութիւն	s.	puritanism;	dict-642.png	https://archive.org/download/ANewDictionaryArmenian-english/page/leaf319.jpg	body
Պարզաչափութի	Պարզաչափութիւն	s.	eudiometry;	dict-642.png	https://archive.org/download/ANewDictionaryArmenian-english/page/leaf319.jpg	body
Պարզատոմար		s.	a simple & compendious almanack.	dict-642.png	https://archive.org/download/ANewDictionaryArmenian-english/page/leaf319.jpg	body
Պարզկայ		օդ		dict-642.png	https://archive.org/download/ANewDictionaryArmenian-english/page/leaf319.jpg	body
Պարծենողուի		sf.		dict-643.png	https://archive.org/download/ANewDictionaryArmenian-english/page/leaf319.jpg	body
Պարկօշ		s.	wood-pigeon; ring-dove.; wood-pigeon, ring-dove.	dict-643.png	https://archive.org/download/ANewDictionaryArmenian-english/page/leaf319.jpg	body
Պարունակութի	Պարունակութիւն	s.	contents; capacity.	dict-644.png	https://archive.org/download/ANewDictionaryArmenian-english/page/leaf320.jpg	body
Պարուռ		s.	rush-rope, coarse rope of hay.	dict-644.png	https://archive.org/download/ANewDictionaryArmenian-english/page/leaf320.jpg	body
Պարսաւագէտ		null		dict-644.png	https://archive.org/download/ANewDictionaryArmenian-english/page/leaf320.jpg	body
Պարսաւանս ածել		null		dict-644.png	https://archive.org/download/ANewDictionaryArmenian-english/page/leaf320.jpg	body
Պարսաւանս դնել		null		dict-644.png	https://archive.org/download/ANewDictionaryArmenian-english/page/leaf320.jpg	body
Պարսաւանս տալ ի փառս իւր		null	to sully one's reputation. [carping, fault-finding.	dict-644.png	https://archive.org/download/ANewDictionaryArmenian-english/page/leaf320.jpg	body
Պարսկադէն		s.	the Persian religion	dict-644.png	https://archive.org/download/ANewDictionaryArmenian-english/page/leaf320.jpg	body
Պարսկածոց		null	the Persian Gulf	dict-644.png	https://archive.org/download/ANewDictionaryArmenian-english/page/leaf320.jpg	body
Պարսկահաւ		null	peacock	dict-644.png	https://archive.org/download/ANewDictionaryArmenian-english/page/leaf320.jpg	body
Պարսպաշինութի	Պարսպաշինութիւն	s.	fortification	dict-644.png	https://archive.org/download/ANewDictionaryArmenian-english/page/leaf320.jpg	body
Պարսպուրեմ		null		dict-644.png	https://archive.org/download/ANewDictionaryArmenian-english/page/leaf320.jpg	body
Պարտաբաշխ		s.	tribute, tax, contribution; assessment.	dict-645.png	https://archive.org/download/ANewDictionaryArmenian-english/page/leaf320.jpg	body
Պարտահատումն		s.	redemption, buying out, off or up	dict-645.png	https://archive.org/download/ANewDictionaryArmenian-english/page/leaf320.jpg	body
Պարտուխաթափ		a.	venting secret rancour	dict-646.png	https://archive.org/download/ANewDictionaryArmenian-english/page/leaf321.jpg	body
Պարտք				dict-646.png	https://archive.org/download/ANewDictionaryArmenian-english/page/leaf321.jpg	body
Պաւղիանոս		s. a.	Paulinites, Paulianist, Samosatene.; Paulinician, Paulinist, Samosatene.	dict-646.png	https://archive.org/download/ANewDictionaryArmenian-english/page/leaf321.jpg	body
Պերեւէշտք		s.	mustaches; curls of the beard.	dict-646.png	https://archive.org/download/ANewDictionaryArmenian-english/page/leaf321.jpg	body
Պերճուհի		s.	magnificence, elegance; pride, presumption, arrogance	dict-647.png	https://archive.org/download/ANewDictionaryArmenian-english/page/leaf321.jpg	body
Պեւեսկի		s.	pine; lighted pine-branch, fire-stick, firebrand.	dict-647.png	https://archive.org/download/ANewDictionaryArmenian-english/page/leaf321.jpg	body
Պզեմ		vn.	to leap about as calves.	dict-647.png	https://archive.org/download/ANewDictionaryArmenian-english/page/leaf321.jpg	body
Պէգաս		s.	Pegasus.	dict-646.png	https://archive.org/download/ANewDictionaryArmenian-english/page/leaf321.jpg	body
Պէծ		s.	a little.	dict-647.png	https://archive.org/download/ANewDictionaryArmenian-english/page/leaf321.jpg	body
Պէկար				dict-646.png	https://archive.org/download/ANewDictionaryArmenian-english/page/leaf321.jpg	body
Պէհիարոն		s. bot.	arum, colocasia.	dict-646.png	https://archive.org/download/ANewDictionaryArmenian-english/page/leaf321.jpg	body
Պէսպիսութի	Պէսպիսութիւն	s.	variety, diversity, difference.	dict-647.png	https://archive.org/download/ANewDictionaryArmenian-english/page/leaf321.jpg	body
Պժոժ		s.	cocoon.	dict-647.png	https://archive.org/download/ANewDictionaryArmenian-english/page/leaf321.jpg	body
Պիժիկ		s.	spots on the human nails.	dict-647.png	https://archive.org/download/ANewDictionaryArmenian-english/page/leaf321.jpg	body
Պիլիլիկ		s.		dict-647.png	https://archive.org/download/ANewDictionaryArmenian-english/page/leaf321.jpg	body
Պիլոր		s.		dict-647.png	https://archive.org/download/ANewDictionaryArmenian-english/page/leaf321.jpg	body
Պիտականութիւն		s.	catachresis	dict-648.png	https://archive.org/download/ANewDictionaryArmenian-english/page/leaf322.jpg	body
Պիտակութի	Պիտակութիւն	s.	abuse, impropriety; bastardy; rhet. catachresis.	dict-648.png	https://archive.org/download/ANewDictionaryArmenian-english/page/leaf322.jpg	body
Պիտանուի		s.	utility, profit, advantage; use, employ.	dict-648.png	https://archive.org/download/ANewDictionaryArmenian-english/page/leaf322.jpg	body
Պիտառութի	Պիտառութիւն	s.	word, oracle, prediction; testimony, witness; use, employ; want, necessity; work; writing, useful treatise.	dict-648.png	https://archive.org/download/ANewDictionaryArmenian-english/page/leaf322.jpg	body
Պիւթի		s.	Pythian games.	dict-648.png	https://archive.org/download/ANewDictionaryArmenian-english/page/leaf322.jpg	body
Պիւթոն		s.	Pythia; Python-	dict-648.png	https://archive.org/download/ANewDictionaryArmenian-english/page/leaf322.jpg	body
Պլզամ				dict-648.png	https://archive.org/download/ANewDictionaryArmenian-english/page/leaf322.jpg	body
Պղեմբատա		s. Lat. w.	plumbatæ, leaden shot or bullets.	dict-648.png	https://archive.org/download/ANewDictionaryArmenian-english/page/leaf322.jpg	body
Պղող		s.	addled-egg.	dict-649.png	https://archive.org/download/ANewDictionaryArmenian-english/page/leaf322.jpg	body
Պղպեղիա		s. chem.	peperine.	dict-649.png	https://archive.org/download/ANewDictionaryArmenian-english/page/leaf322.jpg	body
Պղպջուն		a.	quite full, brimful.	dict-649.png	https://archive.org/download/ANewDictionaryArmenian-english/page/leaf322.jpg	body
Պճեղան				dict-649.png	https://archive.org/download/ANewDictionaryArmenian-english/page/leaf322.jpg	body
Պճկեմ		va.	to pull out or to pieces hairs, feathers, flowers & similar	dict-649.png	https://archive.org/download/ANewDictionaryArmenian-english/page/leaf322.jpg	body
Պճղունք		s.	instep; ankle; ankle-bone; foot; instep, ankle, ankle-bone	dict-649.png	https://archive.org/download/ANewDictionaryArmenian-english/page/leaf322.jpg	body
Պճնազարդօրէն				dict-649.png	https://archive.org/download/ANewDictionaryArmenian-english/page/leaf322.jpg	body
Պճնողութի	Պճնողութիւն	s.	dandyism, affectation in dress.	dict-649.png	https://archive.org/download/ANewDictionaryArmenian-english/page/leaf322.jpg	body
Պճնութի	Պճնութիւն	s.	ornament, dress, embellishment	dict-649.png	https://archive.org/download/ANewDictionaryArmenian-english/page/leaf322.jpg	body
Պնդագոյնս		ad.	firmly, tightly, strongly; steadily, steadfastly; constantly, earnestly, diligently	dict-650.png	https://archive.org/download/ANewDictionaryArmenian-english/page/leaf323.jpg	body
Պշտակ			S. Պրշակ.	dict-650.png	https://archive.org/download/ANewDictionaryArmenian-english/page/leaf323.jpg	body
Պողոտ		s.	high-way; thoroughfare, broad street.	dict-650.png	https://archive.org/download/ANewDictionaryArmenian-english/page/leaf323.jpg	body
Պողպատ			steel	dict-650.png	https://archive.org/download/ANewDictionaryArmenian-english/page/leaf323.jpg	body
Պոպլակ		s. bot.	bot. St. John's wort, hypericum.	dict-650.png	https://archive.org/download/ANewDictionaryArmenian-english/page/leaf323.jpg	body
Պոռնկութի	Պոռնկութիւն	s.	fornication, prostitution, whoredom, harlotry.	dict-651.png	https://archive.org/download/ANewDictionaryArmenian-english/page/leaf323.jpg	body
Պուխերիկ		s.	chimney.	dict-651.png	https://archive.org/download/ANewDictionaryArmenian-english/page/leaf323.jpg	body
Պուպրիկ		s.	toy; plaything; doll.; toy, plaything, doll.	dict-651.png	https://archive.org/download/ANewDictionaryArmenian-english/page/leaf323.jpg	body
Պուրճ		pl.		dict-651.png	https://archive.org/download/ANewDictionaryArmenian-english/page/leaf323.jpg	body
Պպլուկ		s.	eye, bud, germ, shoot.	dict-651.png	https://archive.org/download/ANewDictionaryArmenian-english/page/leaf323.jpg	body
Պռեճն		s.	male wild fig-tree.	dict-651.png	https://archive.org/download/ANewDictionaryArmenian-english/page/leaf323.jpg	body
Պռնչեմ		vn.	to bleat like goats.	dict-651.png	https://archive.org/download/ANewDictionaryArmenian-english/page/leaf323.jpg	body
Պռոտոֆրօնգէս		s.	Doctor, Master.	dict-651.png	https://archive.org/download/ANewDictionaryArmenian-english/page/leaf323.jpg	body
Պռօսխումէ		Gr. w.	Gr. w. proschume, (let us be attentive).; proschume, (let us be attentive).	dict-652.png	https://archive.org/download/ANewDictionaryArmenian-english/page/leaf324.jpg	body
Պսակազգեցութի	Պսակազգեցութիւն	s.	crowning with flowers	dict-652.png	https://archive.org/download/ANewDictionaryArmenian-english/page/leaf324.jpg	body
Պտկատ		a.	having one dry nipple.	dict-652.png	https://archive.org/download/ANewDictionaryArmenian-english/page/leaf324.jpg	body
Պտղաբերութի	Պտղաբերութիւն	s.	fructification; fertility; offering, oblation	dict-652.png	https://archive.org/download/ANewDictionaryArmenian-english/page/leaf324.jpg	body
Պտղակորուսութի	Պտղակորուսութիւն	s.	loss of fruits	dict-652.png	https://archive.org/download/ANewDictionaryArmenian-english/page/leaf324.jpg	body
Պտղահասութի	Պտղահասութիւն	s.	ripeness, maturity	dict-652.png	https://archive.org/download/ANewDictionaryArmenian-english/page/leaf324.jpg	body
Պտղատու				dict-652.png	https://archive.org/download/ANewDictionaryArmenian-english/page/leaf324.jpg	body
Պտղաւէտութի	Պտղաւէտութիւն	s.	abundance of fruits; fertility	dict-652.png	https://archive.org/download/ANewDictionaryArmenian-english/page/leaf324.jpg	body
Պտղեղութի	Պտղեղութիւն	s.	fertility	dict-652.png	https://archive.org/download/ANewDictionaryArmenian-english/page/leaf324.jpg	body
Պտղեմ		va.	to scoop out, to scratch the earth for food as birds.	dict-652.png	https://archive.org/download/ANewDictionaryArmenian-english/page/leaf324.jpg	body
Պտղուց		s.	pinch.	dict-652.png	https://archive.org/download/ANewDictionaryArmenian-english/page/leaf324.jpg	body
Պտտկեմ		vn.	to feel giddy, dizzy, to have a swimming in the head	dict-653.png	https://archive.org/download/ANewDictionaryArmenian-english/page/leaf324.jpg	body
Պրոպոսիդոսուի		s. Latin w.	provost-ship; provostship.	dict-653.png	https://archive.org/download/ANewDictionaryArmenian-english/page/leaf324.jpg	body
Ջաթ		s.	millet-bread.	dict-654.png	https://archive.org/download/ANewDictionaryArmenian-english/page/leaf325.jpg	body
Ջահանք		s.	heathen feasts.	dict-654.png	https://archive.org/download/ANewDictionaryArmenian-english/page/leaf325.jpg	body
Ջաղջ		s.	superfluous branches to be pruned.	dict-654.png	https://archive.org/download/ANewDictionaryArmenian-english/page/leaf325.jpg	body
Ջանդ		a.	unhealthy; stupid; imbecile; idiot.; stupid, imbecile, idiot.	dict-655.png	https://archive.org/download/ANewDictionaryArmenian-english/page/leaf325.jpg	body
Ջանդհեծ		a.	ast. waning.	dict-655.png	https://archive.org/download/ANewDictionaryArmenian-english/page/leaf325.jpg	body
Խողխոջանիմ, -ջանք, -ջեմ			S. Խոխոջ, &c.	dict-322.png	https://archive.org/download/ANewDictionaryArmenian-english/page/leaf159.jpg	body
Խողխոջանիմ, -ջանք, -ջեմ			S. Խոխոջ, &c.	dict-322.png	https://archive.org/download/ANewDictionaryArmenian-english/page/leaf159.jpg	body
Ջերբ		s.	ast. stag.	dict-655.png	https://archive.org/download/ANewDictionaryArmenian-english/page/leaf325.jpg	body
Ջերմնկալ				dict-656.png	https://archive.org/download/ANewDictionaryArmenian-english/page/leaf326.jpg	body
Ջղերաց				dict-656.png	https://archive.org/download/ANewDictionaryArmenian-english/page/leaf326.jpg	body
Ջոկադասակարգութի	Ջոկադասակարգութիւն	s.	classification, order, arrangement	dict-657.png	https://archive.org/download/ANewDictionaryArmenian-english/page/leaf326.jpg	body
Ջոկեմ		va.	to distinguish, to separate, to detach.; to distinguish, to se	dict-657.png	https://archive.org/download/ANewDictionaryArmenian-english/page/leaf326.jpg	body
Ջոկիր		s.	troop, band, company, flock, group	dict-657.png	https://archive.org/download/ANewDictionaryArmenian-english/page/leaf326.jpg	body
Ջոկորեմ		va.	to assemble troops, to muster, to gather in crowds, to call together; to flock together, to form groups, to gather together, to assemble.	dict-657.png	https://archive.org/download/ANewDictionaryArmenian-english/page/leaf326.jpg	body
Ջոկորիք				dict-657.png	https://archive.org/download/ANewDictionaryArmenian-english/page/leaf326.jpg	body
Ջորեպանտես		s.	muleteer,	dict-657.png	https://archive.org/download/ANewDictionaryArmenian-english/page/leaf326.jpg	body
Ջուլհակ				dict-657.png	https://archive.org/download/ANewDictionaryArmenian-english/page/leaf326.jpg	body
Ջուրուռութէք		s.	hydromancy, prediction by water	dict-657.png	https://archive.org/download/ANewDictionaryArmenian-english/page/leaf326.jpg	body
Ջուրուռութոյց				dict-657.png	https://archive.org/download/ANewDictionaryArmenian-english/page/leaf326.jpg	body
Ջուրուռութուցի		s.	hydromancian.	dict-657.png	https://archive.org/download/ANewDictionaryArmenian-english/page/leaf326.jpg	body
Ջրաբաժին		a.	dividing waters	dict-657.png	https://archive.org/download/ANewDictionaryArmenian-english/page/leaf326.jpg	body
Ջրաբանուի		s.	hydrology	dict-657.png	https://archive.org/download/ANewDictionaryArmenian-english/page/leaf326.jpg	body
Ջրաբուժութի	Ջրաբուժութիւն	s.	hydrotherapia	dict-657.png	https://archive.org/download/ANewDictionaryArmenian-english/page/leaf326.jpg	body
Ջրագարձք		s.	canal, stream, conduit, aqueduct.	dict-657.png	https://archive.org/download/ANewDictionaryArmenian-english/page/leaf326.jpg	body
Ջրագրութի	Ջրագրութիւն	s.	hydrography.	dict-657.png	https://archive.org/download/ANewDictionaryArmenian-english/page/leaf326.jpg	body
Ջրազօրութի	Ջրազօրութիւն	s.	hydrodynamics.	dict-657.png	https://archive.org/download/ANewDictionaryArmenian-english/page/leaf326.jpg	body
Ջրաթթուտ		s. chem.	hydracide.	dict-657.png	https://archive.org/download/ANewDictionaryArmenian-english/page/leaf326.jpg	body
Ջրալի		a.	full of water, aqueous, waterish	dict-657.png	https://archive.org/download/ANewDictionaryArmenian-english/page/leaf326.jpg	body
Ջրակշռութի	Ջրակշռութիւն	s.	hydrostatics	dict-658.png	https://archive.org/download/ANewDictionaryArmenian-english/page/leaf327.jpg	body
Ջրանիւ		s.	water-wheel	dict-658.png	https://archive.org/download/ANewDictionaryArmenian-english/page/leaf327.jpg	body
Ջրաշարչար		a.	tormented or tormenting with water	dict-658.png	https://archive.org/download/ANewDictionaryArmenian-english/page/leaf327.jpg	body
Ջրաչափութի	Ջրաչափութիւն	s.	hydrometry.	dict-658.png	https://archive.org/download/ANewDictionaryArmenian-english/page/leaf327.jpg	body
Ջրատութի	Ջրատութիւն	s. chem.	conversion in hydrate	dict-658.png	https://archive.org/download/ANewDictionaryArmenian-english/page/leaf327.jpg	body
Ջրարբեցութի	Ջրարբեցութիւն	s. mar.	leakage, leaking	dict-658.png	https://archive.org/download/ANewDictionaryArmenian-english/page/leaf327.jpg	body
Ջրարբեցութի	Ջրարբեցութիւն	s. mar.	leakage, leaking	dict-658.png	https://archive.org/download/ANewDictionaryArmenian-english/page/leaf327.jpg	body
Ջրաքարշութի	Ջրաքարշութիւն	s.	hydragogy.	dict-658.png	https://archive.org/download/ANewDictionaryArmenian-english/page/leaf327.jpg	body
Ջրգողութի	Ջրգողութիւն	s.	dropsy	dict-658.png	https://archive.org/download/ANewDictionaryArmenian-english/page/leaf327.jpg	body
Ջրէնք		s.	conduit, aqueduct; channel.; aqueduct; channel.	dict-659.png	https://archive.org/download/ANewDictionaryArmenian-english/page/leaf327.jpg	body
Ջրժողով				dict-659.png	https://archive.org/download/ANewDictionaryArmenian-english/page/leaf327.jpg	body
Ջղջ, Ջրղջ		a.	humid; damp; muddy.; humid, damp, muddy.	dict-656.png	https://archive.org/download/ANewDictionaryArmenian-english/page/leaf326.jpg	body
Ջրմպուլութիւն		s.	ing-place, pool.	dict-658.png	https://archive.org/download/ANewDictionaryArmenian-english/page/leaf327.jpg	body
Ջրշէջ		s.	cistern, tank; pond;; tank; pond	dict-659.png	https://archive.org/download/ANewDictionaryArmenian-english/page/leaf327.jpg	body
Ռաբբունի		s.	my master, my lord.	dict-659.png	https://archive.org/download/ANewDictionaryArmenian-english/page/leaf327.jpg	body
Ռազմագիտութի	Ռազմագիտութիւն	s.	strategy;	dict-659.png	https://archive.org/download/ANewDictionaryArmenian-english/page/leaf327.jpg	body
Ռազմամթերք		s.	ammunition, military stores	dict-659.png	https://archive.org/download/ANewDictionaryArmenian-english/page/leaf327.jpg	body
Ռահագուռն		s.	door-keeper in Paradise	dict-660.png	https://archive.org/download/ANewDictionaryArmenian-english/page/leaf328.jpg	body
Ռամզարկի արուեստ		s.	cabalistic or magical note or writing.	dict-660.png	https://archive.org/download/ANewDictionaryArmenian-english/page/leaf328.jpg	body
Ռամկութի	Ռամկութիւն	s.	demagogy	dict-660.png	https://archive.org/download/ANewDictionaryArmenian-english/page/leaf328.jpg	body
Ռափաթա				dict-660.png	https://archive.org/download/ANewDictionaryArmenian-english/page/leaf328.jpg	body
Ռափիկ		s.	fellow, friend.	dict-660.png	https://archive.org/download/ANewDictionaryArmenian-english/page/leaf328.jpg	body
Գոռեխ or ռեզ		s.	wasp; gad-fly; horse-fly.; gad-fly; horse-fly.	dict-159.png	https://archive.org/download/ANewDictionaryArmenian-english/page/leaf77.jpg	body
Ռէզ		s.	cattle dung, manure.	dict-660.png	https://archive.org/download/ANewDictionaryArmenian-english/page/leaf328.jpg	body
Ռիժ		s.	wickedness	dict-660.png	https://archive.org/download/ANewDictionaryArmenian-english/page/leaf328.jpg	body
Ռիւմոն		s.	earnest, pledge.	dict-660.png	https://archive.org/download/ANewDictionaryArmenian-english/page/leaf328.jpg	body
Ռշտուի		s.	penuriousness, niggardness, stinginess, avariciousness.	dict-660.png	https://archive.org/download/ANewDictionaryArmenian-english/page/leaf328.jpg	body
Ռոշնաբանուի		s.	plain-dealing, artless saying.	dict-660.png	https://archive.org/download/ANewDictionaryArmenian-english/page/leaf328.jpg	body
Ռոշնակ		s.	salsola, kali.; bot. salsola, kali.	dict-660.png	https://archive.org/download/ANewDictionaryArmenian-english/page/leaf328.jpg	body
Ռոշնուի		s.	artlessness, ingenuousness, simplicity, candour, sincerity.	dict-660.png	https://archive.org/download/ANewDictionaryArmenian-english/page/leaf328.jpg	body
Ռուպ		s.	quarter, fourth part, fourth.	dict-660.png	https://archive.org/download/ANewDictionaryArmenian-english/page/leaf328.jpg	body
Ռուք		s.	outside corner of a building.	dict-660.png	https://archive.org/download/ANewDictionaryArmenian-english/page/leaf328.jpg	body
Սագաչէն		s.	goose's foot; a. triangular.; goose's foot; triangular.	dict-661.png	https://archive.org/download/ANewDictionaryArmenian-english/page/leaf328.jpg	body
Սալա		s.	basket	dict-661.png	https://archive.org/download/ANewDictionaryArmenian-english/page/leaf328.jpg	body
Սալպատոր		s.	ishghembè-dolmassì, (minced meat & rice wrapped in pieces of tripe).	dict-662.png	https://archive.org/download/ANewDictionaryArmenian-english/page/leaf329.jpg	body
Սակաւուի		s.	small number or quantity, smallness, slenderness, scantiness, paucity; rarity.; rarity.	dict-663.png	https://archive.org/download/ANewDictionaryArmenian-english/page/leaf329.jpg	body
Սամեա		s.	leather thong of the yoke, knot of the yoke. [or potion.	dict-665.png	https://archive.org/download/ANewDictionaryArmenian-english/page/leaf330.jpg	body
Սանդաստականք		s.	contempt, scorn; contempt, scorn.	dict-665.png	https://archive.org/download/ANewDictionaryArmenian-english/page/leaf330.jpg	body
Սանդխտուն		s.	pestle	dict-666.png	https://archive.org/download/ANewDictionaryArmenian-english/page/leaf331.jpg	body
Սանձաբեկ		or		dict-666.png	https://archive.org/download/ANewDictionaryArmenian-english/page/leaf331.jpg	body
Սանձահարութի	Սանձահարութիւն	s.	bridling, reining, curbing, repressing	dict-666.png	https://archive.org/download/ANewDictionaryArmenian-english/page/leaf331.jpg	body
Սանձարարական		s.	bridle-making	dict-666.png	https://archive.org/download/ANewDictionaryArmenian-english/page/leaf331.jpg	body
Սանձարկութի	Սանձարկութիւն	S.		dict-666.png	https://archive.org/download/ANewDictionaryArmenian-english/page/leaf331.jpg	body
Սանտերք		s.	weaver's large comb.	dict-666.png	https://archive.org/download/ANewDictionaryArmenian-english/page/leaf331.jpg	body
Սանտուրք		s.	combings.	dict-666.png	https://archive.org/download/ANewDictionaryArmenian-english/page/leaf331.jpg	body
Սանտրուկ		s. bot.		dict-666.png	https://archive.org/download/ANewDictionaryArmenian-english/page/leaf331.jpg	body
Սապպար		S.		dict-666.png	https://archive.org/download/ANewDictionaryArmenian-english/page/leaf331.jpg	body
Սառաս		s.	coarse large sieve.	dict-666.png	https://archive.org/download/ANewDictionaryArmenian-english/page/leaf331.jpg	body
Սառնասէր		a.	icy, cold, stony, cruel	dict-666.png	https://archive.org/download/ANewDictionaryArmenian-english/page/leaf331.jpg	body
Սառնութի	Սառնութիւն	s.	nature of ice, iciness.	dict-667.png	https://archive.org/download/ANewDictionaryArmenian-english/page/leaf331.jpg	body
Սասանութի	Սասանութիւն	s.	shaking, staggering, tottering; quailing, shudder, thrill, trombling; earthquake.; shaking, staggering, tottering; quailing, shudder, thrill, trombling; earthquake.	dict-667.png	https://archive.org/download/ANewDictionaryArmenian-english/page/leaf331.jpg	body
Սաստկակծիծ				dict-667.png	https://archive.org/download/ANewDictionaryArmenian-english/page/leaf331.jpg	body
Սաստկամակբայ		gr.	intense adverb	dict-667.png	https://archive.org/download/ANewDictionaryArmenian-english/page/leaf331.jpg	body
Սաստկամասնիկ		gr.	increasing particle	dict-667.png	https://archive.org/download/ANewDictionaryArmenian-english/page/leaf331.jpg	body
Սաստկանգամ				dict-667.png	https://archive.org/download/ANewDictionaryArmenian-english/page/leaf331.jpg	body
Սաստկասէր			ardent love	dict-667.png	https://archive.org/download/ANewDictionaryArmenian-english/page/leaf331.jpg	body
Սաստկուի		s.	intensity, vehemence, impetuosity, rage, violence; rigour, rigidity, severity, rudeness; grievous-; intensity, vehemence, impetuosity, rage, violence; rigour, rigidity, severity, rudeness; grievous-	dict-667.png	https://archive.org/download/ANewDictionaryArmenian-english/page/leaf331.jpg	body
Սատանայադէն		a.	incited to, possessed by a devil	dict-668.png	https://archive.org/download/ANewDictionaryArmenian-english/page/leaf332.jpg	body
Սատանայահուր		a.	enticed, allured by the devil	dict-668.png	https://archive.org/download/ANewDictionaryArmenian-english/page/leaf332.jpg	body
Սատրապեա		s.	satrap, lieutenant of a county, prefect	dict-668.png	https://archive.org/download/ANewDictionaryArmenian-english/page/leaf332.jpg	body
Սատրեմ		va.	to plant separately.	dict-668.png	https://archive.org/download/ANewDictionaryArmenian-english/page/leaf332.jpg	body
Սարած		a.	varnished.	dict-668.png	https://archive.org/download/ANewDictionaryArmenian-english/page/leaf332.jpg	body
Սարբենայ		s.	vine-trellis.	dict-669.png	https://archive.org/download/ANewDictionaryArmenian-english/page/leaf332.jpg	body
Սարդենասէր		a.	produced by the laurel, lauriferous, bay.	dict-669.png	https://archive.org/download/ANewDictionaryArmenian-english/page/leaf332.jpg	body
Սաւառայ		s.	shrill fife or whistle.	dict-670.png	https://archive.org/download/ANewDictionaryArmenian-english/page/leaf333.jpg	body
Սափալ		a.	flat.	dict-670.png	https://archive.org/download/ANewDictionaryArmenian-english/page/leaf333.jpg	body
Սեթեւեթեալ		a.	embellished, adorned, pompous; finical, affected	dict-670.png	https://archive.org/download/ANewDictionaryArmenian-english/page/leaf333.jpg	body
Սեկեմուկ				dict-671.png	https://archive.org/download/ANewDictionaryArmenian-english/page/leaf333.jpg	body
Սեղանագիր		a.	spreading the table, laying the cloth	dict-671.png	https://archive.org/download/ANewDictionaryArmenian-english/page/leaf333.jpg	body
Սեղանագործ				dict-671.png	https://archive.org/download/ANewDictionaryArmenian-english/page/leaf333.jpg	body
Սեղիլ				dict-671.png	https://archive.org/download/ANewDictionaryArmenian-english/page/leaf333.jpg	body
Սեղղ				dict-671.png	https://archive.org/download/ANewDictionaryArmenian-english/page/leaf333.jpg	body
Սեմիոր				dict-671.png	https://archive.org/download/ANewDictionaryArmenian-english/page/leaf333.jpg	body
Սեռանման		a.	of an universal or resplendent form, (the Cross)	dict-672.png	https://archive.org/download/ANewDictionaryArmenian-english/page/leaf334.jpg	body
Օտարասեռ, սեր or սերմ		a.	heterogeneous, dissimilar;	dict-793.png	https://archive.org/download/ANewDictionaryArmenian-english/page/leaf394.jpg	body
Սերմնեթութիւն		s.	pollution; gonorrhea.	dict-673.png	https://archive.org/download/ANewDictionaryArmenian-english/page/leaf334.jpg	body
Սեւամաղձութի	Սեւամաղձութիւն	s.	melancholy, black choler or bile, hyp, hypocondria, -sis	dict-673.png	https://archive.org/download/ANewDictionaryArmenian-english/page/leaf334.jpg	body
Սեւասպաս				dict-673.png	https://archive.org/download/ANewDictionaryArmenian-english/page/leaf334.jpg	body
Սեւաստ			count, earl	dict-673.png	https://archive.org/download/ANewDictionaryArmenian-english/page/leaf334.jpg	body
Սեւաստութի	Սեւաստութիւն	s.	county, earldom; order of knighthood	dict-673.png	https://archive.org/download/ANewDictionaryArmenian-english/page/leaf334.jpg	body
Սեւեռիանք		s.	Severian heretics	dict-673.png	https://archive.org/download/ANewDictionaryArmenian-english/page/leaf334.jpg	body
Սեւեռութի	Սեւեռութիւն			dict-673.png	https://archive.org/download/ANewDictionaryArmenian-english/page/leaf334.jpg	body
Սեւ եւ մուր		a.	black all over	dict-673.png	https://archive.org/download/ANewDictionaryArmenian-english/page/leaf334.jpg	body
Սեւ սաթ				dict-673.png	https://archive.org/download/ANewDictionaryArmenian-english/page/leaf334.jpg	body
Սեփագունդ		s.	troops composed of nobles.	dict-673.png	https://archive.org/download/ANewDictionaryArmenian-english/page/leaf334.jpg	body
Սթէք		s. bot.	wild nard, azarum, valerian.	dict-674.png	https://archive.org/download/ANewDictionaryArmenian-english/page/leaf335.jpg	body
Սիբիլլայ		sf.	sibyl.	dict-674.png	https://archive.org/download/ANewDictionaryArmenian-english/page/leaf335.jpg	body
Սիգղ, սիգեղ		s.	decoration, distinction of honour : seal; decoration, distinction of honour: seal	dict-674.png	https://archive.org/download/ANewDictionaryArmenian-english/page/leaf335.jpg	body
Սիգութի	Սիգութիւն	s.	haughtiness, pomp, os-; haughtiness, pomp, os-tentation; softness, effeminacy.	dict-674.png	https://archive.org/download/ANewDictionaryArmenian-english/page/leaf335.jpg	body
Սիդ				dict-674.png	https://archive.org/download/ANewDictionaryArmenian-english/page/leaf335.jpg	body
Սիլիգն		s.	fine-wheaten bread, French-roll.	dict-675.png	https://archive.org/download/ANewDictionaryArmenian-english/page/leaf335.jpg	body
Սիլիգոն				dict-675.png	https://archive.org/download/ANewDictionaryArmenian-english/page/leaf335.jpg	body
Սիմակ		s.	wool prepared for spinning.	dict-675.png	https://archive.org/download/ANewDictionaryArmenian-english/page/leaf335.jpg	body
Սինօռ		S.		dict-675.png	https://archive.org/download/ANewDictionaryArmenian-english/page/leaf335.jpg	body
Սիրայեցոյ			-յին a. dear, amiable; burning with love; -յորդ a. fervent, ardent; -յորդոր a. lovingly persuading; exhorting by love; -շարժ a. inciting to love; incited by love; -պատար S. Սիրալիր; -ջան a. done or executed with a fond enthusiasm; -ուլաց a. presented, offered with love; -սնունդ or սուն a. nursed affectionately, lovingly, tenderly; -սան, dear nursling; -սուր a. borne on the wings of love; -ստեղնեալ S. Սիրաբողբոջ; -ստուած a. beloved of God; -տարփ a. passionately fond, smitten, deeply in love, over head & ears in love; -տմարիլիս bot. agapanthus umbellatus; -տխուր a. melancholy & in love, smitten with love & melancholy; -տոչոր a. glowing with love; -րկու a. in love, smitten, amorous.	dict-675.png	https://archive.org/download/ANewDictionaryArmenian-english/page/leaf335.jpg	body
Սիրեգոն		s.	shrine.	dict-675.png	https://archive.org/download/ANewDictionaryArmenian-english/page/leaf335.jpg	body
Սիրողութի	Սիրողութիւն	s.	love, predilection.	dict-676.png	https://archive.org/download/ANewDictionaryArmenian-english/page/leaf336.jpg	body
Սիւրալտխուր				dict-677.png	https://archive.org/download/ANewDictionaryArmenian-english/page/leaf336.jpg	body
Սլացութի	Սլացութիւն	s.	soaring, flight.	dict-677.png	https://archive.org/download/ANewDictionaryArmenian-english/page/leaf336.jpg	body
Սխալտկիմ		vn.	to stagger, to reel, to be a staunch toper, to be tipsy.	dict-677.png	https://archive.org/download/ANewDictionaryArmenian-english/page/leaf336.jpg	body
Սկեպտականութի	Սկեպտականութիւն	s.	scepticism.	dict-677.png	https://archive.org/download/ANewDictionaryArmenian-english/page/leaf336.jpg	body
Սկետայ		s.	whip; lash; scourge; whip, lash, scourge.	dict-678.png	https://archive.org/download/ANewDictionaryArmenian-english/page/leaf337.jpg	body
Սկզբնաբոյս		s.		dict-678.png	https://archive.org/download/ANewDictionaryArmenian-english/page/leaf337.jpg	body
Սկզբնագոյութիւն		s.	pre-existence; antiquity	dict-678.png	https://archive.org/download/ANewDictionaryArmenian-english/page/leaf337.jpg	body
Սկզբնալուսի		s.	primitive light, origin or author of light	dict-678.png	https://archive.org/download/ANewDictionaryArmenian-english/page/leaf337.jpg	body
Սկզբնակ		s.	beginning	dict-678.png	https://archive.org/download/ANewDictionaryArmenian-english/page/leaf337.jpg	body
Սկզբնամարտուհի				dict-678.png	https://archive.org/download/ANewDictionaryArmenian-english/page/leaf337.jpg	body
Սկզբնելութիւն		s.	the first existence or creation	dict-678.png	https://archive.org/download/ANewDictionaryArmenian-english/page/leaf337.jpg	body
Սկզբնուհի		s.	beginning; outset; opening; initiative; first steps; first appearance; priority	dict-678.png	https://archive.org/download/ANewDictionaryArmenian-english/page/leaf337.jpg	body
Սկտեղ		s.	disk; plate; tray; basin; charger; well	dict-678.png	https://archive.org/download/ANewDictionaryArmenian-english/page/leaf337.jpg	body
Գնդասեղն, սղան		s.	pin; small pin; bodkin.	dict-157.png	https://archive.org/download/ANewDictionaryArmenian-english/page/leaf76.jpg	body
Սղանդն		s. bot.	birth- or hard-wort	dict-678.png	https://archive.org/download/ANewDictionaryArmenian-english/page/leaf337.jpg	body
Սղողխ		s. gentle breeze, soft wind, zephyr	gentle breeze; soft wind; zephyr	dict-678.png	https://archive.org/download/ANewDictionaryArmenian-english/page/leaf337.jpg	body
Սմին իրի		conj.	for this reason; for this reason.	dict-679.png	https://archive.org/download/ANewDictionaryArmenian-english/page/leaf337.jpg	body
Սմպասակ		s.	basalt; Տ. Փորձաքար; -աձեւ a. basaltiform; -ային a. basaltic.	dict-679.png	https://archive.org/download/ANewDictionaryArmenian-english/page/leaf337.jpg	body
Սնաբանուի		S.	Ընդունայնաբանուի.	dict-679.png	https://archive.org/download/ANewDictionaryArmenian-english/page/leaf337.jpg	body
Սնիմ, սնայ		vn.	to be nourished, fed, maintened; to be brought up, reared, educated, instructed	dict-679.png	https://archive.org/download/ANewDictionaryArmenian-english/page/leaf337.jpg	body
Սնիմ, սնայ		vn.	to be nourished, fed, maintened; to be brought up, reared, educated, instructed	dict-679.png	https://archive.org/download/ANewDictionaryArmenian-english/page/leaf337.jpg	body
Սնձեխ or Սնձենի		s.	larch-tree	dict-679.png	https://archive.org/download/ANewDictionaryArmenian-english/page/leaf337.jpg	body
Սննիկօն		s.	chrytomancy, divining by means of barley; -ս արկանել. to divine by -.	dict-679.png	https://archive.org/download/ANewDictionaryArmenian-english/page/leaf337.jpg	body
Սնչիկ		s.	winter pear.	dict-680.png	https://archive.org/download/ANewDictionaryArmenian-english/page/leaf338.jpg	body
Սնքար		s.	pedestal; base of a column.; pedestal, base of a column.	dict-680.png	https://archive.org/download/ANewDictionaryArmenian-english/page/leaf338.jpg	body
Սողռուկ		a.	slippery.	dict-680.png	https://archive.org/download/ANewDictionaryArmenian-english/page/leaf338.jpg	body
Սումաթ		s.	large table-cloth.	dict-682.png	https://archive.org/download/ANewDictionaryArmenian-english/page/leaf339.jpg	body
Սուսամպար		s.	bot. amaracus, marjoram.	dict-682.png	https://archive.org/download/ANewDictionaryArmenian-english/page/leaf339.jpg	body
Սուտակապաս		or	false; flattering; adulating; wheedling; false, flattering, adulating, wheedling	dict-683.png	https://archive.org/download/ANewDictionaryArmenian-english/page/leaf339.jpg	body
Սուտակերպարանեան		a.	feigned; fictitious; feigned, fictitious.	dict-683.png	https://archive.org/download/ANewDictionaryArmenian-english/page/leaf339.jpg	body
Սպանողութի	Սպանողութիւն	s.	murder, assassination.	dict-684.png	https://archive.org/download/ANewDictionaryArmenian-english/page/leaf340.jpg	body
Սպանութի	Սպանութիւն	s.	killing, murder, homicide, assassination; execution, butchery, slaughter, carnage, massacre.	dict-684.png	https://archive.org/download/ANewDictionaryArmenian-english/page/leaf340.jpg	body
Սպառնուի		s.	threat, threatening tone.	dict-684.png	https://archive.org/download/ANewDictionaryArmenian-english/page/leaf340.jpg	body
Սպասսաղանք		s. Gr. w.	softness, luxury.	dict-685.png	https://archive.org/download/ANewDictionaryArmenian-english/page/leaf340.jpg	body
Սպարապետուհի		s.	rank of general in chief.	dict-685.png	https://archive.org/download/ANewDictionaryArmenian-english/page/leaf340.jpg	body
Սպեւուռ		a.	covered with honourable scars.	dict-685.png	https://archive.org/download/ANewDictionaryArmenian-english/page/leaf340.jpg	body
Սպիտակադէզ		s.	flake white	dict-685.png	https://archive.org/download/ANewDictionaryArmenian-english/page/leaf340.jpg	body
Սպիտակաձիգ		s.	white draught mules	dict-685.png	https://archive.org/download/ANewDictionaryArmenian-english/page/leaf340.jpg	body
Սպիտակապատառուտ		a.	striped with white	dict-685.png	https://archive.org/download/ANewDictionaryArmenian-english/page/leaf340.jpg	body
Սպնգութի	Սպնգութիւն	s.	sponginess.	dict-686.png	https://archive.org/download/ANewDictionaryArmenian-english/page/leaf341.jpg	body
Սռիչ		s.	blast, hiss, whistle, sound, song.	dict-686.png	https://archive.org/download/ANewDictionaryArmenian-english/page/leaf341.jpg	body
Ստաբանաբար		ad.	falsely, mendaciously	dict-686.png	https://archive.org/download/ANewDictionaryArmenian-english/page/leaf341.jpg	body
Ստաբանգիր		a.	false, mendacious, lying	dict-686.png	https://archive.org/download/ANewDictionaryArmenian-english/page/leaf341.jpg	body
Ստաբանգոյ		a.	not existing, fancied, imaginary, chimerical.	dict-686.png	https://archive.org/download/ANewDictionaryArmenian-english/page/leaf341.jpg	body
Ստագ		s. Gr. w.	stadium; furlong;	dict-686.png	https://archive.org/download/ANewDictionaryArmenian-english/page/leaf341.jpg	body
Ստադատլեզու		a.	speaking lies, lying, mendacious; s. liar, impostor, fibber, story-teller;	dict-686.png	https://archive.org/download/ANewDictionaryArmenian-english/page/leaf341.jpg	body
Ստադատխօս		a.	speaking lies, lying, mendacious; s. liar, impostor, fibber, story-teller;	dict-686.png	https://archive.org/download/ANewDictionaryArmenian-english/page/leaf341.jpg	body
Ստադատխօսութի	Ստադատխօսութիւն	s.	lying tale, fictitious story, falsehood, untruth, imposture.	dict-686.png	https://archive.org/download/ANewDictionaryArmenian-english/page/leaf341.jpg	body
Ստադատխօսութի	Ստադատխօսութիւն	s.	lying tale, fictitious story, falsehood, untruth, imposture.	dict-686.png	https://archive.org/download/ANewDictionaryArmenian-english/page/leaf341.jpg	body
Ստածնութի	Ստածնութիւն			dict-686.png	https://archive.org/download/ANewDictionaryArmenian-english/page/leaf341.jpg	body
Ստածնութի	Ստածնութիւն			dict-686.png	https://archive.org/download/ANewDictionaryArmenian-english/page/leaf341.jpg	body
Ստակարծութի	Ստակարծութիւն	s.	false opinion, fallacy, error.	dict-686.png	https://archive.org/download/ANewDictionaryArmenian-english/page/leaf341.jpg	body
Ստահականալ		vn.	to rebel	dict-686.png	https://archive.org/download/ANewDictionaryArmenian-english/page/leaf341.jpg	body
Ստամբակութի	Ստամբակութիւն	s.	indocility, disobedience, insolence, rebellion; rudeness, severity, rigour.	dict-686.png	https://archive.org/download/ANewDictionaryArmenian-english/page/leaf341.jpg	body
Ստայօդութի	Ստայօդութիւն	s.	fiction, feint, dissimulation, falsity.	dict-686.png	https://archive.org/download/ANewDictionaryArmenian-english/page/leaf341.jpg	body
ստեանցն			forming or rounding of the breasts in adolescence	dict-688.png	https://archive.org/download/ANewDictionaryArmenian-english/page/leaf342.jpg	body
Ստերդմնուի		s.	perjury, false oath.	dict-687.png	https://archive.org/download/ANewDictionaryArmenian-english/page/leaf341.jpg	body
Ստուի		s.	falsehood, untruth, story, fib, falseness, falsity; ցուցանել զ-, to give the lie to; to belie.	dict-690.png	https://archive.org/download/ANewDictionaryArmenian-english/page/leaf343.jpg	body
Ստրկուի		s.	s. slavery, bondage, yoke, servitude, subjection.	dict-690.png	https://archive.org/download/ANewDictionaryArmenian-english/page/leaf343.jpg	body
Ստրոմբ		s.	strombus; turbinite, (a testaceous univalve).; strombus, turbinite, (a testaceous univalve).	dict-690.png	https://archive.org/download/ANewDictionaryArmenian-english/page/leaf343.jpg	body
Սրեանք		pl.	swords.	dict-692.png	https://archive.org/download/ANewDictionaryArmenian-english/page/leaf344.jpg	body
Սրորիկ		s.	coddy-muddy, larus.	dict-692.png	https://archive.org/download/ANewDictionaryArmenian-english/page/leaf344.jpg	body
Սրտահանուի		s.	bantering; jeering; mocking; bantering, jeering, mocking	dict-693.png	https://archive.org/download/ANewDictionaryArmenian-english/page/leaf344.jpg	body
Սրտահեշտութիւն		s.	heart's ease	dict-693.png	https://archive.org/download/ANewDictionaryArmenian-english/page/leaf344.jpg	body
Սրտապախ լինել			to be struck with terror; to be dismayed; greatly afraid	dict-693.png	https://archive.org/download/ANewDictionaryArmenian-english/page/leaf344.jpg	body
Սրտացաւօրէն		ad.	compassionately; pitifully; compassionately, pitifully	dict-693.png	https://archive.org/download/ANewDictionaryArmenian-english/page/leaf344.jpg	body
Սրտմտութի	Սրտմտութիւն	s.	s. indignation, passion, vexation, anger, ire, spite, wrath, rage; շիջուցանել զբոց -թե, to stifle, smother or suppress the fire of one's indignation; S. Հրաբորբոք.	dict-693.png	https://archive.org/download/ANewDictionaryArmenian-english/page/leaf344.jpg	body
Սրտցաւուի		s.	s. cardialgy; S. Սրտաց-.	dict-693.png	https://archive.org/download/ANewDictionaryArmenian-english/page/leaf344.jpg	body
Սքանչելութ		s.	excellence.	dict-694.png	https://archive.org/download/ANewDictionaryArmenian-english/page/leaf345.jpg	body
Սքեմառութի	Սքեմառութիւն	s.	the taking the religious habit;	dict-694.png	https://archive.org/download/ANewDictionaryArmenian-english/page/leaf345.jpg	body
Սքեմաւորութի	Սքեմաւորութիւն			dict-694.png	https://archive.org/download/ANewDictionaryArmenian-english/page/leaf345.jpg	body
Սքլիմ		vn.	to be mute with fear or astonishment.; to be mute with fear or	dict-694.png	https://archive.org/download/ANewDictionaryArmenian-english/page/leaf345.jpg	body
Սքողարկեմ		va.	to veil, to muffle up, to cover with a veil.	dict-694.png	https://archive.org/download/ANewDictionaryArmenian-english/page/leaf345.jpg	body
Սօսասարս		a.	platane-like, sumptuous, elegant.	dict-694.png	https://archive.org/download/ANewDictionaryArmenian-english/page/leaf345.jpg	body
Վագ		s.	mill-conduit.	dict-695.png	https://archive.org/download/ANewDictionaryArmenian-english/page/leaf345.jpg	body
Վազնատ		s.	cream cheese; curds.	dict-695.png	https://archive.org/download/ANewDictionaryArmenian-english/page/leaf345.jpg	body
Վակժոյժ լինիմ		vn.	to grapple; to clutch strongly with the hand; to lock one's arms round; to hug; to hold fast on; to cling to.	dict-696.png	https://archive.org/download/ANewDictionaryArmenian-english/page/leaf346.jpg	body
Վաղ ը փոյթ				dict-697.png	https://archive.org/download/ANewDictionaryArmenian-english/page/leaf346.jpg	body
Վաղու եւս				dict-697.png	https://archive.org/download/ANewDictionaryArmenian-english/page/leaf346.jpg	body
Վայրագութի	Վայրագութիւն	s.	rudeness, ferocity, wildness.	dict-699.png	https://archive.org/download/ANewDictionaryArmenian-english/page/leaf347.jpg	body
Վայրապարզ		a.	coquettish, given to dress	dict-699.png	https://archive.org/download/ANewDictionaryArmenian-english/page/leaf347.jpg	body
Վայրապօս				dict-699.png	https://archive.org/download/ANewDictionaryArmenian-english/page/leaf347.jpg	body
Վայրասուզումն		a.	getting angry needlessly, causelessly.	dict-699.png	https://archive.org/download/ANewDictionaryArmenian-english/page/leaf347.jpg	body
Վայրավատնուած		s.	dispersion	dict-699.png	https://archive.org/download/ANewDictionaryArmenian-english/page/leaf347.jpg	body
Վայրարան				dict-699.png	https://archive.org/download/ANewDictionaryArmenian-english/page/leaf347.jpg	body
Վայրենութի	Վայրենութիւն	s.	savage nature, inhumanity, fierceness, ferocity, cruelty, brutality.	dict-699.png	https://archive.org/download/ANewDictionaryArmenian-english/page/leaf347.jpg	body
Վատնութի	Վատնութիւն	s.	dissipation, waste, dilapidation, prodigality; loss, havock, dispersion; loss, havock, dispersion.	dict-703.png	https://archive.org/download/ANewDictionaryArmenian-english/page/leaf349.jpg	body
Վատութի	Վատութիւն	s.	s. laziness, idleness; cowardice, dastardliness, poltroonery, pusillanimity; vileness, meanness, cringing; worthlessness; ingratitude; wickedness; -թբ ad. cowardly, unmanly, basely, meanly; անուն -թե, ignominy, shame, dishonour, stain, slur, stigma, opprobrium; ի - հասանիլ, to give oneself up to idleness or sloth; - յանձն առնուլ, ի - խոնարհիլ, to bow & cringe, to be guilty of meanness, to behave meanly.; cowardice, dastardliness, poltroonery, pusillanimity; vileness, meanness, cringing; worthlessness; ingratitude; wickedness	dict-703.png	https://archive.org/download/ANewDictionaryArmenian-english/page/leaf349.jpg	body
Վարագուրամիջք		s.	sacerdotal apartments in the temple.	dict-703.png	https://archive.org/download/ANewDictionaryArmenian-english/page/leaf349.jpg	body
Վարժնականիչ		a.	blazoned with a bird.	dict-705.png	https://archive.org/download/ANewDictionaryArmenian-english/page/leaf350.jpg	body
Վարձկանադպիրչ		s.	salaried clerk or secretary; a vile, mercenary, or hack writer.; a vile, mercenary, or hack writer.	dict-706.png	https://archive.org/download/ANewDictionaryArmenian-english/page/leaf351.jpg	body
Վարութի	Վարութիւն	art of riding or driving	art of riding or driving; fig. government.	dict-707.png	https://archive.org/download/ANewDictionaryArmenian-english/page/leaf351.jpg	body
Վարունկ		s.	cucumber	dict-707.png	https://archive.org/download/ANewDictionaryArmenian-english/page/leaf351.jpg	body
Վարչահարութի	Վարչահարութիւն	s.	cudgelling, beating with a staff.	dict-707.png	https://archive.org/download/ANewDictionaryArmenian-english/page/leaf351.jpg	body
Վարչուի		s.	government, direction, conduct; triangular table of laws.; triangular table of laws.	dict-707.png	https://archive.org/download/ANewDictionaryArmenian-english/page/leaf351.jpg	body
Վարցաւ		s.	gastritis.	dict-707.png	https://archive.org/download/ANewDictionaryArmenian-english/page/leaf351.jpg	body
Վաւերութի	Վաւերութիւն	S.	Վաւերականութի.	dict-707.png	https://archive.org/download/ANewDictionaryArmenian-english/page/leaf351.jpg	body
Յապահովացուցանեմ, -վեմ		va.	to assure, to reassure, to tranquillize, to remove a person's fears; to guarantee, to give security for.	dict-531.png	https://archive.org/download/ANewDictionaryArmenian-english/page/leaf263.jpg	body
Վերաբաղադրութի	Վերաբաղադրութիւն	s.	recomposition	dict-708.png	https://archive.org/download/ANewDictionaryArmenian-english/page/leaf352.jpg	body
Վերագառնամ		vn.	to return, to go back	dict-709.png	https://archive.org/download/ANewDictionaryArmenian-english/page/leaf352.jpg	body
Վերաթթուկ		s. chem.	suroxide, peroxide, hyperoxide	dict-709.png	https://archive.org/download/ANewDictionaryArmenian-english/page/leaf352.jpg	body
Վերակենդաղիմ		vn.	to revive, to be reanimated, to come to life again; to outlive, to survive	dict-709.png	https://archive.org/download/ANewDictionaryArmenian-english/page/leaf352.jpg	body
Վերամբարձութի	Վերամբարձութիւն	s.	elevation, height, excellence, sublimity.	dict-710.png	https://archive.org/download/ANewDictionaryArmenian-english/page/leaf353.jpg	body
Վերանորոգութի	Վերանորոգութիւն	s.	renewal, renewing	dict-710.png	https://archive.org/download/ANewDictionaryArmenian-english/page/leaf353.jpg	body
Վերաշինութի	Վերաշինութիւն	s.	rebuilding	dict-710.png	https://archive.org/download/ANewDictionaryArmenian-english/page/leaf353.jpg	body
Վերաշնչութի	Վերաշնչութիւն	s.	respiration, breathing	dict-710.png	https://archive.org/download/ANewDictionaryArmenian-english/page/leaf353.jpg	body
Վերաշրթնութի	Վերաշրթնութիւն	s. anat.	anastomosis.	dict-710.png	https://archive.org/download/ANewDictionaryArmenian-english/page/leaf353.jpg	body
Վերապատուութի	Վերապատուութիւն	s.	reverence.	dict-710.png	https://archive.org/download/ANewDictionaryArmenian-english/page/leaf353.jpg	body
Վերատեսչութի	Վերատեսչութիւն	s.	direction	dict-710.png	https://archive.org/download/ANewDictionaryArmenian-english/page/leaf353.jpg	body
Վեր ի վերոյ		a.	apparent, superficial, feigned, affected	dict-711.png	https://archive.org/download/ANewDictionaryArmenian-english/page/leaf353.jpg	body
Վերլուծականք		s.	analytics	dict-711.png	https://archive.org/download/ANewDictionaryArmenian-english/page/leaf353.jpg	body
Վերծանութի	Վերծանութիւն	s.	reading, recitation.	dict-711.png	https://archive.org/download/ANewDictionaryArmenian-english/page/leaf353.jpg	body
Վերնակ		s.	upper mill-stone.	dict-711.png	https://archive.org/download/ANewDictionaryArmenian-english/page/leaf353.jpg	body
Վերնամարտութի	Վերնամարտութիւն	s.	combat, war with Heaven	dict-711.png	https://archive.org/download/ANewDictionaryArmenian-english/page/leaf353.jpg	body
Վերնոտութի	Վերնոտութիւն	s.	catalepsy.	dict-711.png	https://archive.org/download/ANewDictionaryArmenian-english/page/leaf353.jpg	body
Վերոտանեմ		vn.	to mount, to go up step by step, gradually.	dict-711.png	https://archive.org/download/ANewDictionaryArmenian-english/page/leaf353.jpg	body
Վերջնոտնիմ		vn.	to go backwards, to fall back, to recede, to retreat, to give way.	dict-712.png	https://archive.org/download/ANewDictionaryArmenian-english/page/leaf354.jpg	body
Վերսաստկուի		s.	impetuosity, violence.	dict-712.png	https://archive.org/download/ANewDictionaryArmenian-english/page/leaf354.jpg	body
Վերսաստուկութիւն		s.	emphasis.	dict-712.png	https://archive.org/download/ANewDictionaryArmenian-english/page/leaf354.jpg	body
Վերստեայ		a.	aforesaid, above-mentioned.	dict-712.png	https://archive.org/download/ANewDictionaryArmenian-english/page/leaf354.jpg	body
Վերտասական		a.	epigrammatical	dict-712.png	https://archive.org/download/ANewDictionaryArmenian-english/page/leaf354.jpg	body
Վիմաբուխ		a.	issued from a rock	dict-714.png	https://archive.org/download/ANewDictionaryArmenian-english/page/leaf355.jpg	body
Վիմագլորք		s.	the rolling of stones; throwing stones	dict-714.png	https://archive.org/download/ANewDictionaryArmenian-english/page/leaf355.jpg	body
Վիմահան		a.	stony; stone; living in a stone	dict-714.png	https://archive.org/download/ANewDictionaryArmenian-english/page/leaf355.jpg	body
Վիմաձօն		s.	rock	dict-714.png	https://archive.org/download/ANewDictionaryArmenian-english/page/leaf355.jpg	body
Վիմատռուեմ		va.	to change into stone; to petrify; to harden	dict-714.png	https://archive.org/download/ANewDictionaryArmenian-english/page/leaf355.jpg	body
Վիմփուլ		a.	crushed under fallen rocks or stones	dict-714.png	https://archive.org/download/ANewDictionaryArmenian-english/page/leaf355.jpg	body
Վիպասանութի	Վիպասանութիւն	s.	history; romance; novel; poetical work	dict-715.png	https://archive.org/download/ANewDictionaryArmenian-english/page/leaf355.jpg	body
Վիռ		Gr. w. s.	over-coat, mantle, cloak; over-coat, mantle,	dict-715.png	https://archive.org/download/ANewDictionaryArmenian-english/page/leaf355.jpg	body
Վիրառնուի		s.	act of being wounded, state of ulceration.	dict-715.png	https://archive.org/download/ANewDictionaryArmenian-english/page/leaf355.jpg	body
Վիրաւորութի	Վիրաւորութիւն	s.	wound, hurt; med. lesion; med. lesion.	dict-715.png	https://archive.org/download/ANewDictionaryArmenian-english/page/leaf355.jpg	body
Վիրդ		s.	club, staff; pebble, stone	dict-715.png	https://archive.org/download/ANewDictionaryArmenian-english/page/leaf355.jpg	body
Վիրդական		s.	missive weapon, sling; missive weapon, sling.	dict-715.png	https://archive.org/download/ANewDictionaryArmenian-english/page/leaf355.jpg	body
Վկայաբանութի	Վկայաբանութիւն	s.	martyrology	dict-715.png	https://archive.org/download/ANewDictionaryArmenian-english/page/leaf355.jpg	body
Վհատուի		s.	discouragement, faint-heartedness, dejection, despondency, grief, languor, despair.	dict-716.png	https://archive.org/download/ANewDictionaryArmenian-english/page/leaf356.jpg	body
Վհուկ, վհկաց		s.	conjurer, sorcerer, wizard, magician; sf. prophetess, pythoness, witch, sorceress.; prophetess, pythoness, witch, sorceress.	dict-716.png	https://archive.org/download/ANewDictionaryArmenian-english/page/leaf356.jpg	body
Վոռէ		s.	boreas, north-wind, aquilon.	dict-718.png	https://archive.org/download/ANewDictionaryArmenian-english/page/leaf357.jpg	body
Վուլ		s.	bubble; bull; bulla.	dict-718.png	https://archive.org/download/ANewDictionaryArmenian-english/page/leaf357.jpg	body
Վուռ or Վիռ		s.		dict-718.png	https://archive.org/download/ANewDictionaryArmenian-english/page/leaf357.jpg	body
Վուվու		s.	cooing	dict-718.png	https://archive.org/download/ANewDictionaryArmenian-english/page/leaf357.jpg	body
Վռդող		a.	headlong, rash, bold, rebellious.	dict-718.png	https://archive.org/download/ANewDictionaryArmenian-english/page/leaf357.jpg	body
Վսեմութի	Վսեմութիւն	s.	sublimity, elevation, highness, excellence, eminence, grandeur.	dict-718.png	https://archive.org/download/ANewDictionaryArmenian-english/page/leaf357.jpg	body
Վտականիք		s. pl.	brooks, rivulets	dict-719.png	https://archive.org/download/ANewDictionaryArmenian-english/page/leaf357.jpg	body
Վտակաջուր		a.	watered, irrigated with rivulets.	dict-719.png	https://archive.org/download/ANewDictionaryArmenian-english/page/leaf357.jpg	body
Վտակավայրք		s.	places interspersed with rivers or brooks	dict-719.png	https://archive.org/download/ANewDictionaryArmenian-english/page/leaf357.jpg	body
Վտարանդութի	Վտարանդութիւն	s.	slavery, bonds; banishment, exile, expatriation; exodus, emigration; uncertainty.	dict-719.png	https://archive.org/download/ANewDictionaryArmenian-english/page/leaf357.jpg	body
Վտարանջութի	Վտարանջութիւն	s.	revolt, rebellion, insurrection, mutiny.	dict-719.png	https://archive.org/download/ANewDictionaryArmenian-english/page/leaf357.jpg	body
Վրիպարկեստ բժիշկ		s.	quack, mountebank, charlatan.	dict-721.png	https://archive.org/download/ANewDictionaryArmenian-english/page/leaf358.jpg	body
Վրիպութի	Վրիպութիւն	s.		dict-721.png	https://archive.org/download/ANewDictionaryArmenian-english/page/leaf358.jpg	body
Տագնապութի	Տագնապութիւն			dict-722.png	https://archive.org/download/ANewDictionaryArmenian-english/page/leaf359.jpg	body
Տածողութի	Տածողութիւն	s.	care; food; nourishment; sustenance; fomentation.; food, nourishment, sustenance	dict-722.png	https://archive.org/download/ANewDictionaryArmenian-english/page/leaf359.jpg	body
Տածութի	Տածութիւն	s.	care; food; nourishment; sustenance; fomentation.	dict-722.png	https://archive.org/download/ANewDictionaryArmenian-english/page/leaf359.jpg	body
Տակախիլ կոտոր հլեմ		va.	to root up; to pluck up by the roots; to extirpate.	dict-722.png	https://archive.org/download/ANewDictionaryArmenian-english/page/leaf359.jpg	body
Տամաւ		s.	house-top, terrace.	dict-724.png	https://archive.org/download/ANewDictionaryArmenian-english/page/leaf360.jpg	body
Տամոջէլ		sf.	Fr. w. damsel, girl, young lady.	dict-724.png	https://archive.org/download/ANewDictionaryArmenian-english/page/leaf360.jpg	body
Տամուճէլ		sf.	Fr. w. damsel, girl, young lady.	dict-724.png	https://archive.org/download/ANewDictionaryArmenian-english/page/leaf360.jpg	body
Տապայեղզ		s.		dict-725.png	https://archive.org/download/ANewDictionaryArmenian-english/page/leaf360.jpg	body
Տառադարձուի		s.	anagram; anagram;	dict-726.png	https://archive.org/download/ANewDictionaryArmenian-english/page/leaf361.jpg	body
Տառապելութի	Տառապելութիւն	s.	misery; poverty.	dict-726.png	https://archive.org/download/ANewDictionaryArmenian-english/page/leaf361.jpg	body
Տասնաբանեան պատգամք		s.	the De	dict-726.png	https://archive.org/download/ANewDictionaryArmenian-english/page/leaf361.jpg	body
Տասնութի	Տասնութիւն	s.	ten, the number ten.	dict-726.png	https://archive.org/download/ANewDictionaryArmenian-english/page/leaf361.jpg	body
Տատամսութի	Տատամսութիւն	s.	vexatious perplex-; vexatious perplex	dict-726.png	https://archive.org/download/ANewDictionaryArmenian-english/page/leaf361.jpg	body
Տարածութի	Տարածութիւն	s.	or ումն s. extent, di- mension, latitude; dilatation, exten- sion, expansion, diffusion; propaga- tion, spread, reach, sphere; տարած- մունք med. tetanus, lock-jaw.; dilatation, extension, expansion, diffusion; propagation, spread, reach, sphere	dict-728.png	https://archive.org/download/ANewDictionaryArmenian-english/page/leaf362.jpg	body
Տարթ		s.	dried sheep's dung; dried sheep's dung.	dict-729.png	https://archive.org/download/ANewDictionaryArmenian-english/page/leaf362.jpg	body
Տարմասար		S.		dict-730.png	https://archive.org/download/ANewDictionaryArmenian-english/page/leaf363.jpg	body
Տարորոշութի	Տարորոշութիւն	s.	distinction, separation, division	dict-730.png	https://archive.org/download/ANewDictionaryArmenian-english/page/leaf363.jpg	body
Տելէտի		s.	Gr. w. consecration.	dict-731.png	https://archive.org/download/ANewDictionaryArmenian-english/page/leaf363.jpg	body
Տենչութի	Տենչութիւն			dict-733.png	https://archive.org/download/ANewDictionaryArmenian-english/page/leaf364.jpg	body
Տեռատեսութի	Տեռատեսութիւն	s.	bloody flux; hemorrhoids or piles.	dict-733.png	https://archive.org/download/ANewDictionaryArmenian-english/page/leaf364.jpg	body
Տեսակագործութի	Տեսակագործութիւն	s.	specification, qualification, formation.	dict-733.png	https://archive.org/download/ANewDictionaryArmenian-english/page/leaf364.jpg	body
Տեսականուի		s.	visibility, contemplation.	dict-733.png	https://archive.org/download/ANewDictionaryArmenian-english/page/leaf364.jpg	body
Տեսակարարութի	Տեսակարարութիւն	s.	specification.	dict-733.png	https://archive.org/download/ANewDictionaryArmenian-english/page/leaf364.jpg	body
Տեսակարարութի	Տեսակարարութիւն	s.	specification.	dict-733.png	https://archive.org/download/ANewDictionaryArmenian-english/page/leaf364.jpg	body
Տեսակութի	Տեսակութիւն	s.	look, countenance.	dict-733.png	https://archive.org/download/ANewDictionaryArmenian-english/page/leaf364.jpg	body
Տեսարանաբար		ad.	visibly	dict-733.png	https://archive.org/download/ANewDictionaryArmenian-english/page/leaf364.jpg	body
Տեսարանագիր		s.	scenographer	dict-733.png	https://archive.org/download/ANewDictionaryArmenian-english/page/leaf364.jpg	body
Տեսարանագրութիւն		s.	scenography.	dict-733.png	https://archive.org/download/ANewDictionaryArmenian-english/page/leaf364.jpg	body
Տեսարանութի	Տեսարանութիւն	s.	optics	dict-733.png	https://archive.org/download/ANewDictionaryArmenian-english/page/leaf364.jpg	body
Տեսարանութի	Տեսարանութիւն	s.	optics	dict-733.png	https://archive.org/download/ANewDictionaryArmenian-english/page/leaf364.jpg	body
Տեւթիէգէս		s. Gr. w.	Gr. w. cuttle-fish, sepia.	dict-735.png	https://archive.org/download/ANewDictionaryArmenian-english/page/leaf365.jpg	body
Տիդք		s.	fore-arms, arms.	dict-736.png	https://archive.org/download/ANewDictionaryArmenian-english/page/leaf366.jpg	body
Տիեզերապէտ				dict-736.png	https://archive.org/download/ANewDictionaryArmenian-english/page/leaf366.jpg	body
Տիեզերասասան		a.	making every one, or all the world tremble	dict-736.png	https://archive.org/download/ANewDictionaryArmenian-english/page/leaf366.jpg	body
Տիլ		s.		dict-736.png	https://archive.org/download/ANewDictionaryArmenian-english/page/leaf366.jpg	body
Տիկնակեւ		s.	gum-mastic (of Chios).	dict-736.png	https://archive.org/download/ANewDictionaryArmenian-english/page/leaf366.jpg	body
Տի նա		S.		dict-736.png	https://archive.org/download/ANewDictionaryArmenian-english/page/leaf366.jpg	body
Տինանամ		vn. Gr. w.	πριαπίζω.; πριαπίζεω.	dict-736.png	https://archive.org/download/ANewDictionaryArmenian-english/page/leaf366.jpg	body
Տիրաճանաչ		a.	knowing one's master or lord	dict-737.png	https://archive.org/download/ANewDictionaryArmenian-english/page/leaf366.jpg	body
Տիր դիք		s.	Tir (Persian god), Hermes;	dict-737.png	https://archive.org/download/ANewDictionaryArmenian-english/page/leaf366.jpg	body
Տիրորագոյն		a.	first, chief, highest, greatest	dict-737.png	https://archive.org/download/ANewDictionaryArmenian-english/page/leaf366.jpg	body
Տիրօրհնական		a.	befitting our Lord's glory	dict-737.png	https://archive.org/download/ANewDictionaryArmenian-english/page/leaf366.jpg	body
Տիրօրհնող		a.	according to our Lord's will	dict-737.png	https://archive.org/download/ANewDictionaryArmenian-english/page/leaf366.jpg	body
Տիւր դիք		s.	Mercury, Tir.	dict-738.png	https://archive.org/download/ANewDictionaryArmenian-english/page/leaf367.jpg	body
Տլիմ		vn.	to get splashed, covered with mud.	dict-738.png	https://archive.org/download/ANewDictionaryArmenian-english/page/leaf367.jpg	body
Տլիսմ		s.	talisman	dict-738.png	https://archive.org/download/ANewDictionaryArmenian-english/page/leaf367.jpg	body
Տլլակ				dict-738.png	https://archive.org/download/ANewDictionaryArmenian-english/page/leaf367.jpg	body
Տլումեմ		va.	to macerate, to mortify.	dict-738.png	https://archive.org/download/ANewDictionaryArmenian-english/page/leaf367.jpg	body
Տլօր		a.	powerless, impotent, weak, feeble, languid.	dict-735.png	https://archive.org/download/ANewDictionaryArmenian-english/page/leaf365.jpg	body
Տխմարութի	Տխմարութիւն	s.	ignorance, simplicity, silliness, idiocy.	dict-738.png	https://archive.org/download/ANewDictionaryArmenian-english/page/leaf367.jpg	body
Տխրականութի	Տխրականութիւն	s.	sadness, sorrow, melancholy	dict-738.png	https://archive.org/download/ANewDictionaryArmenian-english/page/leaf367.jpg	body
Տխրութի	Տխրութիւն	s.	sadness, grief, sorrow, chagrin, dejection, melancholy.	dict-738.png	https://archive.org/download/ANewDictionaryArmenian-english/page/leaf367.jpg	body
Տխրուցիչ		a.	sad, sorrowful, vexatious.	dict-738.png	https://archive.org/download/ANewDictionaryArmenian-english/page/leaf367.jpg	body
Տկեղս		a.	simple-minded.	dict-739.png	https://archive.org/download/ANewDictionaryArmenian-english/page/leaf367.jpg	body
Տկուռ		a.	low, hollow, intrenched.; hollow; intrenched.	dict-739.png	https://archive.org/download/ANewDictionaryArmenian-english/page/leaf367.jpg	body
Տղնդեր		a.	tun- or big-bellied.	dict-739.png	https://archive.org/download/ANewDictionaryArmenian-english/page/leaf367.jpg	body
Տմախիղ		a., ad.	willing; ad. willingly.; willingly.	dict-739.png	https://archive.org/download/ANewDictionaryArmenian-english/page/leaf367.jpg	body
Տմարդութի	Տմարդութիւն	s.	impoliteness, incivility, ungraciousness, rudeness, grossness, rusticity, brutality, barbarity, inhumanity; -թբ ad. disobligingly, uncivilly, roughly, rudely, churlishly, boorishly, brutally, cruelly, barbarously, inhumanly.; incivility; ungraciousness; rudeness; grossness; rusticity; brutality; barbarity; inhumanity	dict-739.png	https://archive.org/download/ANewDictionaryArmenian-english/page/leaf367.jpg	body
Տմունութի	Տմունութիւն	s.	paleness, wanness; S. Մնյն.; wanness	dict-739.png	https://archive.org/download/ANewDictionaryArmenian-english/page/leaf367.jpg	body
Տնադիտական		s.	œcomancy, divin-; divin-	dict-739.png	https://archive.org/download/ANewDictionaryArmenian-english/page/leaf367.jpg	body
Տնազիմ		vn. med.	to swell, to tumify.	dict-741.png	https://archive.org/download/ANewDictionaryArmenian-english/page/leaf368.jpg	body
Տնաղ		s.	scorn; derision.; Ar. w. scorn, derision.	dict-740.png	https://archive.org/download/ANewDictionaryArmenian-english/page/leaf368.jpg	body
Տնկեցութի	Տնկեցութիւն	s.	plantation.	dict-740.png	https://archive.org/download/ANewDictionaryArmenian-english/page/leaf368.jpg	body
Տնտեսութի	Տնտեսութիւն	s.	economy; stewardship, housekeeping, management,	dict-740.png	https://archive.org/download/ANewDictionaryArmenian-english/page/leaf368.jpg	body
Տոխպուք		s.	tart or pie.	dict-741.png	https://archive.org/download/ANewDictionaryArmenian-english/page/leaf368.jpg	body
Տոկեմ		va.	to torment, to harass, to vex, to ill-treat.	dict-742.png	https://archive.org/download/ANewDictionaryArmenian-english/page/leaf369.jpg	body
Տոկոսեօք		ad.	with usury.	dict-741.png	https://archive.org/download/ANewDictionaryArmenian-english/page/leaf368.jpg	body
Տոհմակ		s.	relation, kindred	dict-741.png	https://archive.org/download/ANewDictionaryArmenian-english/page/leaf368.jpg	body
Տոհմք		s.	produce, fruit, revenue, harvest	dict-741.png	https://archive.org/download/ANewDictionaryArmenian-english/page/leaf368.jpg	body
Տողագիր		a.	ranged in line	dict-741.png	https://archive.org/download/ANewDictionaryArmenian-english/page/leaf368.jpg	body
Տողագրեմ		va.	to put in a straight line	dict-741.png	https://archive.org/download/ANewDictionaryArmenian-english/page/leaf368.jpg	body
Տողագրութիւն		s.	ranging in line	dict-741.png	https://archive.org/download/ANewDictionaryArmenian-english/page/leaf368.jpg	body
Տոճկիմ		vn.	to be reduced to paste, to be overdone.	dict-741.png	https://archive.org/download/ANewDictionaryArmenian-english/page/leaf368.jpg	body
Տոյկ		s.	vine. [ass, to vex, to ill-treat.	dict-742.png	https://archive.org/download/ANewDictionaryArmenian-english/page/leaf369.jpg	body
Տուգաստ		a.	weak, feeble, frail; * s. ducat (silver, 5 fr. 50 c.; golden, 11 fr. 50 c.).	dict-742.png	https://archive.org/download/ANewDictionaryArmenian-english/page/leaf369.jpg	body
Տուընջեան		s.	day, daytime ; — or -ջենական, -ջենային, -ջին a. day's, belonging to the day, diurnal.	dict-743.png	https://archive.org/download/ANewDictionaryArmenian-english/page/leaf369.jpg	body
Տուկ		s.	duke, guide, leader, general, chief.	dict-742.png	https://archive.org/download/ANewDictionaryArmenian-english/page/leaf369.jpg	body
Տուչութի	Տուչութիւն	s.	gift, donation; colla-tion; tradition; giving in, delivery, surrender	dict-743.png	https://archive.org/download/ANewDictionaryArmenian-english/page/leaf369.jpg	body
Տուտան		s.	extremity ; tail ; —; extremity; tail	dict-743.png	https://archive.org/download/ANewDictionaryArmenian-english/page/leaf369.jpg	body
Տուրեւառութի	Տուրեւառութիւն			dict-743.png	https://archive.org/download/ANewDictionaryArmenian-english/page/leaf369.jpg	body
Տուրտուութի	Տուրտուութիւն	s.	tax giving, paying tribute, being tributary.	dict-743.png	https://archive.org/download/ANewDictionaryArmenian-english/page/leaf369.jpg	body
Տռիտան		s. Gr. w. med.	intermitting ague, tertian fever, tertian.	dict-743.png	https://archive.org/download/ANewDictionaryArmenian-english/page/leaf369.jpg	body
Տռփիք		s.	eros, lust	dict-743.png	https://archive.org/download/ANewDictionaryArmenian-english/page/leaf369.jpg	body
Տռփութի	Տռփութիւն	null		dict-744.png	https://archive.org/download/ANewDictionaryArmenian-english/page/leaf370.jpg	body
Տտպութի	Տտպութիւն	s.	sour taste, acidity, acrity, pungency, acerbity, harshness.	dict-744.png	https://archive.org/download/ANewDictionaryArmenian-english/page/leaf370.jpg	body
Տրապող		s.	tripoli	dict-744.png	https://archive.org/download/ANewDictionaryArmenian-english/page/leaf370.jpg	body
Տրիփ		null		dict-744.png	https://archive.org/download/ANewDictionaryArmenian-english/page/leaf370.jpg	body
Տրոհութի	Տրոհութիւն	s.	division; ab-duction; gr. diæresis; chem. sorting,	dict-744.png	https://archive.org/download/ANewDictionaryArmenian-english/page/leaf370.jpg	body
Մագիստրիանոս, -տրոս		s.	master; master of the horse; chief, magistrate	dict-480.png	https://archive.org/download/ANewDictionaryArmenian-english/page/leaf238.jpg	body
Շնորհատուութի or տրութի	Շնորհատուութի or տրութիւն	s.	gift of grace; donation, favour, liberality	dict-584.png	https://archive.org/download/ANewDictionaryArmenian-english/page/leaf290.jpg	body
Տրփական				dict-745.png	https://archive.org/download/ANewDictionaryArmenian-english/page/leaf370.jpg	body
Տրփամ		vn.	to palpitate, to throb, to flutter	dict-745.png	https://archive.org/download/ANewDictionaryArmenian-english/page/leaf370.jpg	body
Տրքանաց մեղր		null		dict-744.png	https://archive.org/download/ANewDictionaryArmenian-english/page/leaf370.jpg	body
Տրքեմ		vn.	to like.	dict-744.png	https://archive.org/download/ANewDictionaryArmenian-english/page/leaf370.jpg	body
Տցակ		s.	sack; pocket; sack; pocket.	dict-745.png	https://archive.org/download/ANewDictionaryArmenian-english/page/leaf370.jpg	body
Տփկիմ		vn.	to be flattened; to shrink; to sit, to squat; to be flattened, to shrink; to sit, to squat.	dict-745.png	https://archive.org/download/ANewDictionaryArmenian-english/page/leaf370.jpg	body
Տքամ		vn.	to moan; to whine; to whimper, to pule; to moan, to whine, to whimper, to pule.	dict-745.png	https://archive.org/download/ANewDictionaryArmenian-english/page/leaf370.jpg	body
Տքնաբար առնիմ				dict-745.png	https://archive.org/download/ANewDictionaryArmenian-english/page/leaf370.jpg	body
Րախ			maimed of the word Ուրախ or Խրախ,	dict-746.png	https://archive.org/download/ANewDictionaryArmenian-english/page/leaf371.jpg	body
Կռուանոց, -տեղ, -րան		s.	wrestling-place, palæstra, arena, lists, tilt-yard; battle-field.; wrestling-place, palæstra, arena, lists, tilt-yard; battle-field.	dict-395.png	https://archive.org/download/ANewDictionaryArmenian-english/page/leaf195.jpg	body
Րաւգոս		s.	rod;; beams of light.	dict-746.png	https://archive.org/download/ANewDictionaryArmenian-english/page/leaf371.jpg	body
Փրփրամ, րեամ, ացայ		vn.	to foam; to froth; to spume; to mantle; to slaver; to foam, to froth, to spume, to mantle	dict-771.png	https://archive.org/download/ANewDictionaryArmenian-english/page/leaf383.jpg	body
Գարուն, րնան		s.	spring.	dict-147.png	https://archive.org/download/ANewDictionaryArmenian-english/page/leaf71.jpg	body
Րոմ			See Շաքարօղի.	dict-746.png	https://archive.org/download/ANewDictionaryArmenian-english/page/leaf371.jpg	body
Ցածութի	Ցածութիւն	s.	lowness;; modesty, moderation, sobriety, decency;; humiliation;; humility;; vileness, meanness, baseness;	dict-747.png	https://archive.org/download/ANewDictionaryArmenian-english/page/leaf371.jpg	body
Անքատանամ, ցայ, Անքատիմ, եցայ		vn.	to be indigent, to be poor.	dict-085.png	https://archive.org/download/ANewDictionaryArmenian-english/page/leaf40.jpg	body
Ցայգութի	Ցայգութիւն	s.	night, night time or hour, the whole night	dict-748.png	https://archive.org/download/ANewDictionaryArmenian-english/page/leaf372.jpg	body
Ցայտ		s.	jet, gush, spirt, splash	dict-748.png	https://archive.org/download/ANewDictionaryArmenian-english/page/leaf372.jpg	body
Ցանկութի	Ցանկութիւն	s.	desire, longing, envy; will, pleasure; sensual pleasures, lust, concupiscence, voluptuousness, sensuality, passion, love; cupidity	dict-749.png	https://archive.org/download/ANewDictionaryArmenian-english/page/leaf372.jpg	body
Ցատեղի		s.	point ?; point?	dict-749.png	https://archive.org/download/ANewDictionaryArmenian-english/page/leaf372.jpg	body
Ցաւագնութի	Ցաւագնութիւն	s.	pain, grief, affliction, tribulation; condolence, compassion.; condolence, compassion.	dict-750.png	https://archive.org/download/ANewDictionaryArmenian-english/page/leaf373.jpg	body
Ցաւածութի	Ցաւածութիւն	s.	illness, sickness, pain.	dict-750.png	https://archive.org/download/ANewDictionaryArmenian-english/page/leaf373.jpg	body
Ցաւակցեմ				dict-750.png	https://archive.org/download/ANewDictionaryArmenian-english/page/leaf373.jpg	body
Ցելնում		vn.	to be torn, rent; to be split, cloven; to be split, cloven	dict-750.png	https://archive.org/download/ANewDictionaryArmenian-english/page/leaf373.jpg	body
Ցեղակարգութի	Ցեղակարգութիւն	s.	separation of one tribe from another	dict-750.png	https://archive.org/download/ANewDictionaryArmenian-english/page/leaf373.jpg	body
Ցեղակցութի	Ցեղակցութիւն	s.	identity of tribe.	dict-750.png	https://archive.org/download/ANewDictionaryArmenian-english/page/leaf373.jpg	body
Ցեղապետութի	Ցեղապետութիւն	s.	dignity of a chief, patriarchship.	dict-750.png	https://archive.org/download/ANewDictionaryArmenian-english/page/leaf373.jpg	body
Ցեղընտրութիւն		s.	distinction of one tribe from another.	dict-750.png	https://archive.org/download/ANewDictionaryArmenian-english/page/leaf373.jpg	body
Ցեղից			various, diverse.	dict-750.png	https://archive.org/download/ANewDictionaryArmenian-english/page/leaf373.jpg	body
Ցեռ				dict-750.png	https://archive.org/download/ANewDictionaryArmenian-english/page/leaf373.jpg	body
Ցերեկութի	Ցերեկութիւն	s.	daytime, duration of a day, the whole day.	dict-750.png	https://archive.org/download/ANewDictionaryArmenian-english/page/leaf373.jpg	body
Ցեցամէտ				dict-750.png	https://archive.org/download/ANewDictionaryArmenian-english/page/leaf373.jpg	body
Գմեմ, եցի, Գմելեմ, ցի		va.	to lie down.	dict-157.png	https://archive.org/download/ANewDictionaryArmenian-english/page/leaf76.jpg	body
Ցինդ		s. bot.	meadow-rue, thalictrum	dict-750.png	https://archive.org/download/ANewDictionaryArmenian-english/page/leaf373.jpg	body
Ցինկ		s. bot.	meadow-rue, thalictrum; meadow-rue, thalictrum.	dict-750.png	https://archive.org/download/ANewDictionaryArmenian-english/page/leaf373.jpg	body
Ցիր եւ ցան		a.	dispersed, scattered about, spread	dict-750.png	https://archive.org/download/ANewDictionaryArmenian-english/page/leaf373.jpg	body
Ցիրտպահակք		s.	guards or sentries scattered around.	dict-751.png	https://archive.org/download/ANewDictionaryArmenian-english/page/leaf373.jpg	body
Ցիւռկիմ				dict-751.png	https://archive.org/download/ANewDictionaryArmenian-english/page/leaf373.jpg	body
Ցլեղջիւր		a.	tauricornous.	dict-751.png	https://archive.org/download/ANewDictionaryArmenian-english/page/leaf373.jpg	body
Ցխեմ		va.	to dirt, to bemire	dict-751.png	https://archive.org/download/ANewDictionaryArmenian-english/page/leaf373.jpg	body
Ցխիմ		vn.	to soil oneself, to get dirty.	dict-751.png	https://archive.org/download/ANewDictionaryArmenian-english/page/leaf373.jpg	body
Ցմախուկ		s.	veratrum root.	dict-751.png	https://archive.org/download/ANewDictionaryArmenian-english/page/leaf373.jpg	body
Ցնդութիւն		s.	volatility.	dict-751.png	https://archive.org/download/ANewDictionaryArmenian-english/page/leaf373.jpg	body
Թափանցկութի, -ցութիւն	Թափանցկութիւն	s.	transparency, pellucidity, diaphaneity.	dict-251.png	https://archive.org/download/ANewDictionaryArmenian-english/page/leaf123.jpg	body
Վհկահարցու or ցուկ		s.	soothsayer, sorcerer, conjurer. [divination, magic.	dict-716.png	https://archive.org/download/ANewDictionaryArmenian-english/page/leaf356.jpg	body
Երեքեան, –քին, եցունց or ցուն		a.	all three; all three.	dict-198.png	https://archive.org/download/ANewDictionaryArmenian-english/page/leaf97.jpg	body
Ցոփողի		a.	effeminate.	dict-753.png	https://archive.org/download/ANewDictionaryArmenian-english/page/leaf374.jpg	body
Ցռեշ				dict-753.png	https://archive.org/download/ANewDictionaryArmenian-english/page/leaf374.jpg	body
Ցռօն		s.	dried cow-dung for fuel,; dried cow-dung for fuel, tezek.	dict-753.png	https://archive.org/download/ANewDictionaryArmenian-english/page/leaf374.jpg	body
Ցրտահար անկոց			blasting, blast	dict-754.png	https://archive.org/download/ANewDictionaryArmenian-english/page/leaf375.jpg	body
Ցրտըմպռութիւն		s.	catching cold	dict-754.png	https://archive.org/download/ANewDictionaryArmenian-english/page/leaf375.jpg	body
Ցրտնխած		s.	chilblain; chilblain.	dict-754.png	https://archive.org/download/ANewDictionaryArmenian-english/page/leaf375.jpg	body
Ցրցկեմ		va.	to rend, to tear or lacerate	dict-754.png	https://archive.org/download/ANewDictionaryArmenian-english/page/leaf375.jpg	body
Ցրցուկ		a.	rent, torn, tattered, in rags; rent, torn, tattered, in rags.	dict-754.png	https://archive.org/download/ANewDictionaryArmenian-english/page/leaf375.jpg	body
Ցքավաճառ		s.	brandy-seller	dict-754.png	https://archive.org/download/ANewDictionaryArmenian-english/page/leaf375.jpg	body
Ցքին		a.	alcoholic	dict-754.png	https://archive.org/download/ANewDictionaryArmenian-english/page/leaf375.jpg	body
Ցօղաբուխ		a.	rorifluent	dict-754.png	https://archive.org/download/ANewDictionaryArmenian-english/page/leaf375.jpg	body
Ցօղամ		vn.	to grow cool, to cool, to be refreshed; to drop with dew	dict-754.png	https://archive.org/download/ANewDictionaryArmenian-english/page/leaf375.jpg	body
Ցօղաշիթ			dew-drop	dict-754.png	https://archive.org/download/ANewDictionaryArmenian-english/page/leaf375.jpg	body
Ցօղապաղպաջ		a.	sprinkled with dew	dict-754.png	https://archive.org/download/ANewDictionaryArmenian-english/page/leaf375.jpg	body
Ցօղըմբեմ		va.	to bedew, to besprinkle; to refresh	dict-754.png	https://archive.org/download/ANewDictionaryArmenian-english/page/leaf375.jpg	body
Ցօղոտ		a.	full of or sprinkled with dew	dict-754.png	https://archive.org/download/ANewDictionaryArmenian-english/page/leaf375.jpg	body
Ցօղորդ			dew-worm	dict-754.png	https://archive.org/download/ANewDictionaryArmenian-english/page/leaf375.jpg	body
Ցօղուցանեմ		va.	to cool, to refresh	dict-754.png	https://archive.org/download/ANewDictionaryArmenian-english/page/leaf375.jpg	body
Փագամ		s.	head-band, veil.	dict-755.png	https://archive.org/download/ANewDictionaryArmenian-english/page/leaf375.jpg	body
Փագան		s.	head-band, veil.	dict-755.png	https://archive.org/download/ANewDictionaryArmenian-english/page/leaf375.jpg	body
Փաթաթ		s.	patat, tandoorer's pad, padded disk used by bakers to press the dough for loaves against the sides of the tandoor.	dict-755.png	https://archive.org/download/ANewDictionaryArmenian-english/page/leaf375.jpg	body
Փաթաթանք		s.	fasciation, bandage; packet, pack.	dict-755.png	https://archive.org/download/ANewDictionaryArmenian-english/page/leaf375.jpg	body
Փաթերք		s.	packet, bundle, fagot; envelope; amulet.	dict-755.png	https://archive.org/download/ANewDictionaryArmenian-english/page/leaf375.jpg	body
Փախաստուած				dict-755.png	https://archive.org/download/ANewDictionaryArmenian-english/page/leaf375.jpg	body
Փախուտ		s.	flight, escape; evasion, subterfuge, shift, tergiversation	dict-755.png	https://archive.org/download/ANewDictionaryArmenian-english/page/leaf375.jpg	body
Փաղաքշուշ		a.	caressing; coaxing; wheedling; caressing, coaxing, wheedling; flatterer, fawner, toadeater, adulator, smooth-tongued fellow, sycophant.	dict-756.png	https://archive.org/download/ANewDictionaryArmenian-english/page/leaf376.jpg	body
Փաղերութի	Փաղերութիւն	s.	frothy whiteness.	dict-756.png	https://archive.org/download/ANewDictionaryArmenian-english/page/leaf376.jpg	body
Փաղութի	Փաղութիւն	s.	period of a discourse.	dict-756.png	https://archive.org/download/ANewDictionaryArmenian-english/page/leaf376.jpg	body
Փայիկ		s.	footman.	dict-757.png	https://archive.org/download/ANewDictionaryArmenian-english/page/leaf376.jpg	body
Փայտկոփութի	Փայտկոփութիւն	s.	carpentry, wood-work.	dict-758.png	https://archive.org/download/ANewDictionaryArmenian-english/page/leaf377.jpg	body
Փայտոջիլ				dict-758.png	https://archive.org/download/ANewDictionaryArmenian-english/page/leaf377.jpg	body
Փանդանդեմ		va.	to enclose, to sur-round.	dict-758.png	https://archive.org/download/ANewDictionaryArmenian-english/page/leaf377.jpg	body
փանց		s.	shore, bank, brink, coast; steep bank, bold shore.	dict-115.png	https://archive.org/download/ANewDictionaryArmenian-english/page/leaf55.jpg	body
Փարթոց		s.	oven-cloth or broom.; oven-cloth; or broom. [ing.	dict-760.png	https://archive.org/download/ANewDictionaryArmenian-english/page/leaf378.jpg	body
Փափկութի	Փափկութիւն	s.	delicacy, tenderness;; effeminacy, daintiness, delight, plea; sure, voluptuousness	dict-760.png	https://archive.org/download/ANewDictionaryArmenian-english/page/leaf378.jpg	body
Փեճկիա		s. chem.	pycrotoxine.	dict-761.png	https://archive.org/download/ANewDictionaryArmenian-english/page/leaf378.jpg	body
Փենիա		s. Pers. w.	refined sugar; candy.	dict-761.png	https://archive.org/download/ANewDictionaryArmenian-english/page/leaf378.jpg	body
Փետրամօրուս		a.	wattled	dict-761.png	https://archive.org/download/ANewDictionaryArmenian-english/page/leaf378.jpg	body
Փերեւեզեմ		vn.	to dress oneself with studied elegance, with affected neatness, with too great attention to effect, to be very spruce or smart; to bridle up, to strut, to carry proudly, to walk with affected dignity.	dict-761.png	https://archive.org/download/ANewDictionaryArmenian-english/page/leaf378.jpg	body
Փէցի		a.	one-handed; one-armed.	dict-761.png	https://archive.org/download/ANewDictionaryArmenian-english/page/leaf378.jpg	body
Փթիր		s.	dried cow-dung for fuel.	dict-762.png	https://archive.org/download/ANewDictionaryArmenian-english/page/leaf379.jpg	body
Փիլթայ		s.	lint, scraped lint.	dict-762.png	https://archive.org/download/ANewDictionaryArmenian-english/page/leaf379.jpg	body
Փինաս		a.	poor, miserable.	dict-762.png	https://archive.org/download/ANewDictionaryArmenian-english/page/leaf379.jpg	body
Փլաւ		s.	pilau, stewed rice.	dict-762.png	https://archive.org/download/ANewDictionaryArmenian-english/page/leaf379.jpg	body
Փծուի		s.		dict-762.png	https://archive.org/download/ANewDictionaryArmenian-english/page/leaf379.jpg	body
Փղձկամ		vn.	to be deeply grieved at, to have one's heart full of pity, to be much touched, moved; to be deeply grieved at, to have one's heart full of pity, to be much touched, moved;	dict-762.png	https://archive.org/download/ANewDictionaryArmenian-english/page/leaf379.jpg	body
Փղձկիմ		vn.	to be deeply grieved at, to have one's heart full of pity, to be much touched, moved;	dict-762.png	https://archive.org/download/ANewDictionaryArmenian-english/page/leaf379.jpg	body
Փղվզանամ		vn.		dict-762.png	https://archive.org/download/ANewDictionaryArmenian-english/page/leaf379.jpg	body
Փնգեռն		s.	dung-beetle. scarab,; scarab, dung-beetle.	dict-762.png	https://archive.org/download/ANewDictionaryArmenian-english/page/leaf379.jpg	body
Փնգռեմ		s.		dict-762.png	https://archive.org/download/ANewDictionaryArmenian-english/page/leaf379.jpg	body
Փնթի		a.	dirty, filthy.	dict-762.png	https://archive.org/download/ANewDictionaryArmenian-english/page/leaf379.jpg	body
Փշիտ, Փշտի		s.	farthing; mite; farthing, mite.	dict-763.png	https://archive.org/download/ANewDictionaryArmenian-english/page/leaf379.jpg	body
Փոթուած, ոց, Փոթութի	Փոթութիւն	s.	folding; plaiting; fold; folding, plaiting, fold.	dict-763.png	https://archive.org/download/ANewDictionaryArmenian-english/page/leaf379.jpg	body
Փոխանակութի	Փոխանակութիւն	s.	change, exchange, barter, counter-change; supplying the place, substitution; succession, permutation; turn, vicissitude	dict-764.png	https://archive.org/download/ANewDictionaryArmenian-english/page/leaf380.jpg	body
Փոխանցիմ		vn.	to be converted, turned, changed or transformed	dict-764.png	https://archive.org/download/ANewDictionaryArmenian-english/page/leaf380.jpg	body
Փոխատառութի	Փոխատառութիւն			dict-764.png	https://archive.org/download/ANewDictionaryArmenian-english/page/leaf380.jpg	body
Փոխարէնատրութի	Փոխարէնատրութիւն	s.	recompense; recompense.	dict-764.png	https://archive.org/download/ANewDictionaryArmenian-english/page/leaf380.jpg	body
Փոշիչ				dict-766.png	https://archive.org/download/ANewDictionaryArmenian-english/page/leaf381.jpg	body
Փոսահատ		s.	grave-digger	dict-767.png	https://archive.org/download/ANewDictionaryArmenian-english/page/leaf381.jpg	body
Փոսոռուայ		s.	Gr. w. fire-fly	dict-767.png	https://archive.org/download/ANewDictionaryArmenian-english/page/leaf381.jpg	body
Փորձասակաւն		a.	experimental	dict-767.png	https://archive.org/download/ANewDictionaryArmenian-english/page/leaf381.jpg	body
Փորձուի		s.	temptation; misfortune, calamity	dict-768.png	https://archive.org/download/ANewDictionaryArmenian-english/page/leaf382.jpg	body
Փորոռամ		vn.	to roar, to bellow.	dict-768.png	https://archive.org/download/ANewDictionaryArmenian-english/page/leaf382.jpg	body
Փորքշութիւն				dict-768.png	https://archive.org/download/ANewDictionaryArmenian-english/page/leaf382.jpg	body
Փութութի	Փութութիւն			dict-768.png	https://archive.org/download/ANewDictionaryArmenian-english/page/leaf382.jpg	body
Փունճ				dict-768.png	https://archive.org/download/ANewDictionaryArmenian-english/page/leaf382.jpg	body
Փուռնիթ		s.	misshapen loaf.	dict-768.png	https://archive.org/download/ANewDictionaryArmenian-english/page/leaf382.jpg	body
Փուրսիչ		s.	Pers. w. process, action, law-suit.	dict-768.png	https://archive.org/download/ANewDictionaryArmenian-english/page/leaf382.jpg	body
Փուրփուլջայ		s.	poorpoozna, (kind of grapes).	dict-768.png	https://archive.org/download/ANewDictionaryArmenian-english/page/leaf382.jpg	body
Փոփոխութի	Փոփոխութիւն	s.	change, mutation, alteration, variation, conversion, permutation, transformation, transmutation; change, vicissitude, turn; commutation; season	dict-769.png	https://archive.org/download/ANewDictionaryArmenian-english/page/leaf382.jpg	body
Փոփողանք		s.	palliation, relief, solace	dict-769.png	https://archive.org/download/ANewDictionaryArmenian-english/page/leaf382.jpg	body
Փոքրկութի	Փոքրկութիւն	s.	littleness, smallness, tenuity, diminution, decrease, lessening; extenuation.	dict-769.png	https://archive.org/download/ANewDictionaryArmenian-english/page/leaf382.jpg	body
Փոքրութի	Փոքրութիւն			dict-769.png	https://archive.org/download/ANewDictionaryArmenian-english/page/leaf382.jpg	body
Փռընգտամ		vn.	to boast, to become haughty, insolent, to fume, to puff, to chafe.	dict-770.png	https://archive.org/download/ANewDictionaryArmenian-english/page/leaf383.jpg	body
Փռոց		s.	cloth; table-cloth;; cloth, table-cloth	dict-770.png	https://archive.org/download/ANewDictionaryArmenian-english/page/leaf383.jpg	body
Փռռան		s.	kite; paper-kite.; kite, paper-kite.	dict-770.png	https://archive.org/download/ANewDictionaryArmenian-english/page/leaf383.jpg	body
Փրզունգ		s.	child, boy.	dict-770.png	https://archive.org/download/ANewDictionaryArmenian-english/page/leaf383.jpg	body
Փրկութի	Փրկութիւն	s.	salvation; liberation, recovery, deliverance, redemption; ransom	dict-770.png	https://archive.org/download/ANewDictionaryArmenian-english/page/leaf383.jpg	body
Փցնութի	Փցնութիւն	s.	inutility, uselessness, bad quality; rust or blight of trees.	dict-771.png	https://archive.org/download/ANewDictionaryArmenian-english/page/leaf383.jpg	body
Քակտութի	Քակտութիւն	s.	dissolution, decomposition, separation, rupture, destruction, total ruin.	dict-772.png	https://archive.org/download/ANewDictionaryArmenian-english/page/leaf384.jpg	body
Քահանայութի	Քահանայութիւն	s.	priesthood; hierarchy; priestess.; priesthood; hierarchy	dict-772.png	https://archive.org/download/ANewDictionaryArmenian-english/page/leaf384.jpg	body
Քաղադիր		s.	mat.	dict-772.png	https://archive.org/download/ANewDictionaryArmenian-english/page/leaf384.jpg	body
Քաղան		s.	log of wood, beam of timber.; log of wood, beam of	dict-772.png	https://archive.org/download/ANewDictionaryArmenian-english/page/leaf384.jpg	body
Քաղցութի	Քաղցութիւն	s.	hunger.	dict-773.png	https://archive.org/download/ANewDictionaryArmenian-english/page/leaf384.jpg	body
Քաղցրադի		a.	well tuned, harmonious	dict-774.png	https://archive.org/download/ANewDictionaryArmenian-english/page/leaf385.jpg	body
Քաղցրանունչ		a.	gently blowing	dict-774.png	https://archive.org/download/ANewDictionaryArmenian-english/page/leaf385.jpg	body
Քաղցրերգուհի		s.	sweet song, melody	dict-774.png	https://archive.org/download/ANewDictionaryArmenian-english/page/leaf385.jpg	body
Քամոց		s.	filter, strainer, cullender, straining-bag; filter, strainer, cullender, straining-bag.	dict-774.png	https://archive.org/download/ANewDictionaryArmenian-english/page/leaf385.jpg	body
Քայքայութի	Քայքայութիւն	s.	dissolution, destruction, division, separation; looseness	dict-775.png	https://archive.org/download/ANewDictionaryArmenian-english/page/leaf385.jpg	body
Քանակութի	Քանակութիւն	s.	quantity.	dict-775.png	https://archive.org/download/ANewDictionaryArmenian-english/page/leaf385.jpg	body
Քաշկու առնեմ				dict-776.png	https://archive.org/download/ANewDictionaryArmenian-english/page/leaf386.jpg	body
Քաջածերութի	Քաջածերութիւն	s.	a prosperous or happy old age;	dict-777.png	https://archive.org/download/ANewDictionaryArmenian-english/page/leaf386.jpg	body
Քաջածնութի	Քաջածնութիւն	s.	the having many children; fecundity, fruitfulness;	dict-777.png	https://archive.org/download/ANewDictionaryArmenian-english/page/leaf386.jpg	body
Քաջակազմունք		s.	good furniture; strong or iron constitution;	dict-777.png	https://archive.org/download/ANewDictionaryArmenian-english/page/leaf386.jpg	body
Քաջակարգութի	Քաջակարգութիւն	s.	good order, nice disposition;	dict-777.png	https://archive.org/download/ANewDictionaryArmenian-english/page/leaf386.jpg	body
Քաջակերպութի	Քաջակերպութիւն	s.	sightliness, comeliness;	dict-777.png	https://archive.org/download/ANewDictionaryArmenian-english/page/leaf386.jpg	body
Քաջահաւատութի	Քաջահաւատութիւն	s.	great faith;	dict-777.png	https://archive.org/download/ANewDictionaryArmenian-english/page/leaf386.jpg	body
Քաջահմտութի	Քաջահմտութիւն	s.	vast erudition, great knowledge;	dict-777.png	https://archive.org/download/ANewDictionaryArmenian-english/page/leaf386.jpg	body
Քաջահոտութի	Քաջահոտութիւն	s.	sweet smell, scent, perfume.	dict-777.png	https://archive.org/download/ANewDictionaryArmenian-english/page/leaf386.jpg	body
Քաջաձայնութի	Քաջաձայնութիւն	s.	powerful or agreeable voice; euphony, harmony;	dict-777.png	https://archive.org/download/ANewDictionaryArmenian-english/page/leaf386.jpg	body
Քաջամանկութի	Քաջամանկութիւն	s.	fortune to have good children;	dict-777.png	https://archive.org/download/ANewDictionaryArmenian-english/page/leaf386.jpg	body
Քաջամասնութի	Քաջամասնութիւն	s.	fortune, prosperity, felicity;	dict-777.png	https://archive.org/download/ANewDictionaryArmenian-english/page/leaf386.jpg	body
Քաջամտութի	Քաջամտութիւն	s.	sharp-mindedness, genius, intelligence, sagacity.	dict-777.png	https://archive.org/download/ANewDictionaryArmenian-english/page/leaf386.jpg	body
Քաջայարմարութի	Քաջայարմարութիւն	s.	fitness, aptitude, right proportion; adaptability; harmony;	dict-777.png	https://archive.org/download/ANewDictionaryArmenian-english/page/leaf386.jpg	body
Քաջայուսութի	Քաջայուսութիւն	s.	great hope or assurance;	dict-777.png	https://archive.org/download/ANewDictionaryArmenian-english/page/leaf386.jpg	body
Քաջանունութի	Քաջանունութիւն	s.	renown, celebrity.	dict-777.png	https://archive.org/download/ANewDictionaryArmenian-english/page/leaf386.jpg	body
Քաջողջութի	Քաջողջութիւն	S.	Քաջառողջութիւն.	dict-778.png	https://archive.org/download/ANewDictionaryArmenian-english/page/leaf387.jpg	body
Քաջութի	Քաջութիւն	s.	valour, courage, bravery, manhood, gallantry; stoutness, vigour, force; exploit, achievement, heroic acts; virtue, nobility, integrity;	dict-778.png	https://archive.org/download/ANewDictionaryArmenian-english/page/leaf387.jpg	body
Քառաթթուկ		s.	chem. quatracide	dict-779.png	https://archive.org/download/ANewDictionaryArmenian-english/page/leaf387.jpg	body
Քառակուսակ		s.	magic square	dict-779.png	https://archive.org/download/ANewDictionaryArmenian-english/page/leaf387.jpg	body
Քառաձեւ		a.	four-tailed	dict-779.png	https://archive.org/download/ANewDictionaryArmenian-english/page/leaf387.jpg	body
Քառառաջեայ		a.	divided in four branches (river).	dict-779.png	https://archive.org/download/ANewDictionaryArmenian-english/page/leaf387.jpg	body
Քառասնակատար		a.	keeping lent	dict-779.png	https://archive.org/download/ANewDictionaryArmenian-english/page/leaf387.jpg	body
Քառասնամսն		s.	age of forty years	dict-779.png	https://archive.org/download/ANewDictionaryArmenian-english/page/leaf387.jpg	body
Քառասրիւ		a.	four-edged	dict-779.png	https://archive.org/download/ANewDictionaryArmenian-english/page/leaf387.jpg	body
Քառեռեակ		s.	dozen.	dict-779.png	https://archive.org/download/ANewDictionaryArmenian-english/page/leaf387.jpg	body
Քառուչու				dict-776.png	https://archive.org/download/ANewDictionaryArmenian-english/page/leaf386.jpg	body
Քասքենեմ		vn.	to be afraid greatly, to shudder with fear, to thrill with horror, to be horror-struck	dict-779.png	https://archive.org/download/ANewDictionaryArmenian-english/page/leaf387.jpg	body
Քասքենեցուցանեմ		va.	to frighten, to startle, to scare, to dismay, to terrify	dict-779.png	https://archive.org/download/ANewDictionaryArmenian-english/page/leaf387.jpg	body
Քասքենեցուցիչ		a.	frightful, terrific.	dict-779.png	https://archive.org/download/ANewDictionaryArmenian-english/page/leaf387.jpg	body
Քասքենիմ		vn.	to be afraid greatly, to shudder with fear, to thrill with horror, to be horror-struck	dict-779.png	https://archive.org/download/ANewDictionaryArmenian-english/page/leaf387.jpg	body
Քասքենլի		a.	dreadful, horrible.	dict-779.png	https://archive.org/download/ANewDictionaryArmenian-english/page/leaf387.jpg	body
Քարանուխ		s.	bot. wild-mint, pennywort; bird's-foot-trefoil. [stone-work.	dict-780.png	https://archive.org/download/ANewDictionaryArmenian-english/page/leaf388.jpg	body
Քարեղ				dict-781.png	https://archive.org/download/ANewDictionaryArmenian-english/page/leaf388.jpg	body
Քարընդոստ		s.	stumbling-block; --stone; stumbling-block, --stone	dict-781.png	https://archive.org/download/ANewDictionaryArmenian-english/page/leaf388.jpg	body
Քարթմնջումն		s.	murmur, grumbling, murmuring.	dict-781.png	https://archive.org/download/ANewDictionaryArmenian-english/page/leaf388.jpg	body
Քարթու		a.	stale.	dict-781.png	https://archive.org/download/ANewDictionaryArmenian-english/page/leaf388.jpg	body
Քարճին		s.	wild pear.	dict-781.png	https://archive.org/download/ANewDictionaryArmenian-english/page/leaf388.jpg	body
Քարմաղ		s.	wire sieve for gravel.	dict-781.png	https://archive.org/download/ANewDictionaryArmenian-english/page/leaf388.jpg	body
Քարմարդանկ		s.	litharge; S. Մարդասանկ.	dict-781.png	https://archive.org/download/ANewDictionaryArmenian-english/page/leaf388.jpg	body
Քարուրագ				dict-782.png	https://archive.org/download/ANewDictionaryArmenian-english/page/leaf389.jpg	body
Քեզակարոս		s.	oreoselinum; mountain - parsley; chærophyllum; sweet-fern; chervil.; bot. oreoselinum, mountain - parsley; chærophyllum, sweet-fern, chervil.	dict-782.png	https://archive.org/download/ANewDictionaryArmenian-english/page/leaf389.jpg	body
Քեմոն				dict-782.png	https://archive.org/download/ANewDictionaryArmenian-english/page/leaf389.jpg	body
Քեմտական		a.	leathern, parchment.	dict-782.png	https://archive.org/download/ANewDictionaryArmenian-english/page/leaf389.jpg	body
Քեմտապատ		a.	covered with leather.	dict-782.png	https://archive.org/download/ANewDictionaryArmenian-english/page/leaf389.jpg	body
Քէ		s.	omega; end.; omega, end.	dict-783.png	https://archive.org/download/ANewDictionaryArmenian-english/page/leaf389.jpg	body
Քէնթ		sf.	female of domestic animals, she-cat, bitch, &c.	dict-783.png	https://archive.org/download/ANewDictionaryArmenian-english/page/leaf389.jpg	body
Քէքումն		s.	horse laugh, loud lough.	dict-783.png	https://archive.org/download/ANewDictionaryArmenian-english/page/leaf389.jpg	body
Քէքուրտ		s.	belching, eructation.	dict-783.png	https://archive.org/download/ANewDictionaryArmenian-english/page/leaf389.jpg	body
Քէքրտամ		vn.	to belch, to eruct.	dict-783.png	https://archive.org/download/ANewDictionaryArmenian-english/page/leaf389.jpg	body
Քթէթ		s.	flaxen cord.	dict-783.png	https://archive.org/download/ANewDictionaryArmenian-english/page/leaf389.jpg	body
Բարեքի, քիկ		a.	personable; genteel; personable, genteel,	dict-130.png	https://archive.org/download/ANewDictionaryArmenian-english/page/leaf63.jpg	body
Քինախնդրութի	Քինախնդրութիւն	s.	revenge, vengeance	dict-784.png	https://archive.org/download/ANewDictionaryArmenian-english/page/leaf390.jpg	body
Քինակալութի	Քինակալութիւն	s.	harbouring revenge or rancour	dict-784.png	https://archive.org/download/ANewDictionaryArmenian-english/page/leaf390.jpg	body
Քինուի		s.	resentment; hatred; rancour; resentment, hatred, ran-	dict-784.png	https://archive.org/download/ANewDictionaryArmenian-english/page/leaf390.jpg	body
Քծնութի	Քծնութիւն	s.	flattery; affected airs; adulation; flattery, affected airs, adulation.	dict-784.png	https://archive.org/download/ANewDictionaryArmenian-english/page/leaf390.jpg	body
Քնարահարութի	Քնարահարութիւն	s.	lyre-playing.	dict-784.png	https://archive.org/download/ANewDictionaryArmenian-english/page/leaf390.jpg	body
Քնարերգութի	Քնարերգութիւն	s.	lyrics, lyric poetry.	dict-784.png	https://archive.org/download/ANewDictionaryArmenian-english/page/leaf390.jpg	body
Քնէութի	Քնէութիւն	s.	sleepiness; drowsiness; sleepiness, drowsiness, lethargic.	dict-784.png	https://archive.org/download/ANewDictionaryArmenian-english/page/leaf390.jpg	body
Քննողութի	Քննողութիւն	s.	examination; research, discussion; inquiry, inquest, inquisition; control; thorough investigation	dict-785.png	https://archive.org/download/ANewDictionaryArmenian-english/page/leaf390.jpg	body
քնուցանեմ		va.	to send to sleep.	dict-786.png	https://archive.org/download/ANewDictionaryArmenian-english/page/leaf391.jpg	body
Քողածեւեմ		va.	fig. to veil, to cloak, to shroud	dict-785.png	https://archive.org/download/ANewDictionaryArmenian-english/page/leaf390.jpg	body
Քոչքեմ, Քոչքոտեմ			to scratch oneself, to stretch & yawn.	dict-785.png	https://archive.org/download/ANewDictionaryArmenian-english/page/leaf390.jpg	body
Քոչքեմ, Քոչքոտեմ			to scratch oneself, to stretch & yawn.	dict-785.png	https://archive.org/download/ANewDictionaryArmenian-english/page/leaf390.jpg	body
Քոսութի	Քոսութիւն			dict-786.png	https://archive.org/download/ANewDictionaryArmenian-english/page/leaf391.jpg	body
քորեպիսկոպոսութի	քորեպիսկոպոսութիւն	s.	dignity of a rural bishopric.	dict-786.png	https://archive.org/download/ANewDictionaryArmenian-english/page/leaf391.jpg	body
քուական հարցութիւն		s.	cybomancy; indovination by means of cubes or dice	dict-786.png	https://archive.org/download/ANewDictionaryArmenian-english/page/leaf391.jpg	body
Քուէորդի				dict-786.png	https://archive.org/download/ANewDictionaryArmenian-english/page/leaf391.jpg	body
Գրքոյկ, Գրքուկ, քուկաց		s.	small book, manual, small treatise.	dict-164.png	https://archive.org/download/ANewDictionaryArmenian-english/page/leaf80.jpg	body
Քուղայ		s.	wooden water-vessel, pail, bucket; mech. mill-hopper	dict-786.png	https://archive.org/download/ANewDictionaryArmenian-english/page/leaf391.jpg	body
Քունշընդիր				dict-786.png	https://archive.org/download/ANewDictionaryArmenian-english/page/leaf391.jpg	body
Քունչէն		s.	deaconess' stole.	dict-786.png	https://archive.org/download/ANewDictionaryArmenian-english/page/leaf391.jpg	body
Քունջայ		s. Pers. w. bot.	bitter-vetch	dict-786.png	https://archive.org/download/ANewDictionaryArmenian-english/page/leaf391.jpg	body
Քունջանաբար		ad.	like the Tartars.	dict-786.png	https://archive.org/download/ANewDictionaryArmenian-english/page/leaf391.jpg	body
Քուշտիմ		vn.	to squat; to sit as fowls.	dict-786.png	https://archive.org/download/ANewDictionaryArmenian-english/page/leaf391.jpg	body
Քուրասիրութի	Քուրասիրութիւն	s.	sisterly love.	dict-786.png	https://archive.org/download/ANewDictionaryArmenian-english/page/leaf391.jpg	body
Քոք		a.	fetid; stinking.; fetid, stinking.	dict-787.png	https://archive.org/download/ANewDictionaryArmenian-english/page/leaf391.jpg	body
Քսիփիէ		s. Gr. w.	Gr. w. xiphias, sword-fish.	dict-787.png	https://archive.org/download/ANewDictionaryArmenian-english/page/leaf391.jpg	body
Քստեմ զյօնս		va.	to knit one's brows, to be haughty.	dict-787.png	https://archive.org/download/ANewDictionaryArmenian-english/page/leaf391.jpg	body
Քրմութի	Քրմութիւն	s.	heathen priesthood	dict-788.png	https://archive.org/download/ANewDictionaryArmenian-english/page/leaf392.jpg	body
Քրտնութի	Քրտնութիւն	s.	sweat, perspiration; sweat, endeavour, fatigue.	dict-788.png	https://archive.org/download/ANewDictionaryArmenian-english/page/leaf392.jpg	body
Քցիմ		s.	flaw; agnail.; flaw, agnail.	dict-789.png	https://archive.org/download/ANewDictionaryArmenian-english/page/leaf392.jpg	body
Օգոստա		sf.	august; empress; august, empress	dict-789.png	https://archive.org/download/ANewDictionaryArmenian-english/page/leaf392.jpg	body
Օգտածաւալ		a.	self-interested; selfish; covetous	dict-790.png	https://archive.org/download/ANewDictionaryArmenian-english/page/leaf393.jpg	body
Օդառ լինիմ		vn.	to catch a cold	dict-791.png	https://archive.org/download/ANewDictionaryArmenian-english/page/leaf393.jpg	body
Օդոյի		sf.	goddess of the air, Hera; goddess of the air, Hera.	dict-791.png	https://archive.org/download/ANewDictionaryArmenian-english/page/leaf393.jpg	body
Օթադայանամ		vn.	to lodge, to pass the night in, to sojourn, to dwell, to stay in a person's house; to lodge, to pass the night in, to sojourn, to dwell, to stay in a person's house.	dict-791.png	https://archive.org/download/ANewDictionaryArmenian-english/page/leaf393.jpg	body
Օթեղանամ				dict-791.png	https://archive.org/download/ANewDictionaryArmenian-english/page/leaf393.jpg	body
Օհ		s.	cheer, shout of encouragement	dict-792.png	https://archive.org/download/ANewDictionaryArmenian-english/page/leaf394.jpg	body
Օհ, օհ առ, օհ ասեալ		int.	now! come! cheer up! courage! bravo!	dict-792.png	https://archive.org/download/ANewDictionaryArmenian-english/page/leaf394.jpg	body
Օհ, օհ առ, օհ ասեալ		int.	now! come! cheer up! courage! bravo!	dict-792.png	https://archive.org/download/ANewDictionaryArmenian-english/page/leaf394.jpg	body
Օ՜հ, Օ՛հ թէ		int.	would to God! please God! God grant it!	dict-793.png	https://archive.org/download/ANewDictionaryArmenian-english/page/leaf394.jpg	body
Օձադեղ		s. bot.	baldmony	dict-792.png	https://archive.org/download/ANewDictionaryArmenian-english/page/leaf394.jpg	body
Օձալեզու		s. bot.	ophioglossum, adder's tongue	dict-792.png	https://archive.org/download/ANewDictionaryArmenian-english/page/leaf394.jpg	body
Օձախողովակ		chem.	worm of a still; serpentine-pipe	dict-792.png	https://archive.org/download/ANewDictionaryArmenian-english/page/leaf394.jpg	body
Օձախուռն		a.	snaky-haired, Gorgon- or Medusa-headed, having the head bristling with serpents	dict-792.png	https://archive.org/download/ANewDictionaryArmenian-english/page/leaf394.jpg	body
Օձակոչք		s.	Psylli	dict-792.png	https://archive.org/download/ANewDictionaryArmenian-english/page/leaf394.jpg	body
Օձանամ, ացեալ		vn.	to become a serpent, or like a serpent; to be changed into a serpent, to turn into a snake	dict-792.png	https://archive.org/download/ANewDictionaryArmenian-english/page/leaf394.jpg	body
Օձասերունդք		s.	Ophiogenes or -genæ	dict-792.png	https://archive.org/download/ANewDictionaryArmenian-english/page/leaf394.jpg	body
Օճտեմ, եցի		va.	to divide, to disunite, to separate, to detach, to sever, to part, to distract, to divert from; to dissipate, to disperse, to scatter; to sow discord or strife; to tear, to lacerate	dict-792.png	https://archive.org/download/ANewDictionaryArmenian-english/page/leaf394.jpg	body
Օճտիմ		vn.	to be divided, dissipated, &c., to dissent	dict-792.png	https://archive.org/download/ANewDictionaryArmenian-english/page/leaf394.jpg	body
Օճտումն		s.	separation, disunion, dissension; dispersion; tearing to pieces	dict-792.png	https://archive.org/download/ANewDictionaryArmenian-english/page/leaf394.jpg	body
Օտարագէտ				dict-793.png	https://archive.org/download/ANewDictionaryArmenian-english/page/leaf394.jpg	body
Օտարախառն		a.	crossed, cross-bred; crossing with another species; crossed, cross-bred;; crossing with another species;	dict-793.png	https://archive.org/download/ANewDictionaryArmenian-english/page/leaf394.jpg	body
Օտարահալածութի	Օտարահալածութիւն	s.	inhospitality.	dict-793.png	https://archive.org/download/ANewDictionaryArmenian-english/page/leaf394.jpg	body
Օտարութի	Օտարութիւն	s.	condition of a strange; alienation, estrangement, separation; unlikeness, difference; strangeness, extravagancy; elimination, proscription; absence, pilgrimage; abroad, foreign lands.	dict-794.png	https://archive.org/download/ANewDictionaryArmenian-english/page/leaf395.jpg	body
Օտարսիրուի				dict-794.png	https://archive.org/download/ANewDictionaryArmenian-english/page/leaf395.jpg	body
Օրագրութիւն		s.	diary, journal	dict-794.png	https://archive.org/download/ANewDictionaryArmenian-english/page/leaf395.jpg	body
Օրինակակատար		a.	fulfilling the laws (J. C.)	dict-796.png	https://archive.org/download/ANewDictionaryArmenian-english/page/leaf396.jpg	body
Օրինակակարգ		a.	established, sanctioned by the law	dict-796.png	https://archive.org/download/ANewDictionaryArmenian-english/page/leaf396.jpg	body
Օրինակակուի		s.	copying; likeness, resemblance.	dict-796.png	https://archive.org/download/ANewDictionaryArmenian-english/page/leaf396.jpg	body
Օրինաւորականութի	Օրինաւորականութիւն	s.	legitimacy	dict-796.png	https://archive.org/download/ANewDictionaryArmenian-english/page/leaf396.jpg	body
Օրինաւորութի	Օրինաւորութիւն	s.	legality, legitimity; legalization, authentication.	dict-796.png	https://archive.org/download/ANewDictionaryArmenian-english/page/leaf396.jpg	body
Օրիորդութի	Օրիորդութիւն	s.	maidenhood, virginity.	dict-796.png	https://archive.org/download/ANewDictionaryArmenian-english/page/leaf396.jpg	body
Օրհնաբանութի	Օրհնաբանութիւն	s.	benediction, praise, canticle, hymn.	dict-796.png	https://archive.org/download/ANewDictionaryArmenian-english/page/leaf396.jpg	body
օք		ad.	by force of bribery, through corruption	dict-361.png	https://archive.org/download/ANewDictionaryArmenian-english/page/leaf178.jpg	body
Ֆարսանգ		S.		dict-797.png	https://archive.org/download/ANewDictionaryArmenian-english/page/leaf396.jpg	body
Ֆիզիգայ		&c. S.		dict-797.png	https://archive.org/download/ANewDictionaryArmenian-english/page/leaf396.jpg	body
Փոթոթ, –ակամ, –ային		a.	astringent; rough; harsh; sharp; acerb; astringent, rough, harsh, sharp, acerb	dict-763.png	https://archive.org/download/ANewDictionaryArmenian-english/page/leaf379.jpg	body
Փոթոթ, –ակամ, –ային		a.	astringent; rough; harsh; sharp; acerb; astringent, rough, harsh, sharp, acerb	dict-763.png	https://archive.org/download/ANewDictionaryArmenian-english/page/leaf379.jpg	body
Երեքանկիւն, –անկիւնի				dict-198.png	https://archive.org/download/ANewDictionaryArmenian-english/page/leaf97.jpg	body
Կճղակաբաժին, –բաշխ, –հերձ				dict-382.png	https://archive.org/download/ANewDictionaryArmenian-english/page/leaf189.jpg	body
Թակարդապատ, –եալ		a.	trapped, ensnared; trapped; ensnared	dict-246.png	https://archive.org/download/ANewDictionaryArmenian-english/page/leaf121.jpg	body
Թաղանթագեղ, –զարդ		a.	furnished with a membrane, membranous; furnished with a membrane, membranous.	dict-246.png	https://archive.org/download/ANewDictionaryArmenian-english/page/leaf121.jpg	body
*Պօզ, –լախ				dict-653.png	https://archive.org/download/ANewDictionaryArmenian-english/page/leaf324.jpg	body
Կճղակաբաժին, –բաշխ, –հերձ				dict-382.png	https://archive.org/download/ANewDictionaryArmenian-english/page/leaf189.jpg	body
Երեքարժէն, –ձի, –ձին		s.	trident; fork with three prongs; trident, fork with three prongs.	dict-198.png	https://archive.org/download/ANewDictionaryArmenian-english/page/leaf97.jpg	body
Երեքարժէն, –ձի, –ձին		s.	trident; fork with three prongs; trident, fork with three prongs.	dict-198.png	https://archive.org/download/ANewDictionaryArmenian-english/page/leaf97.jpg	body
Երեքմասնեայ, –մասնեան		a.	composed of three parts; tripartite; of three sorts; triple; composed of three parts, tripartite; of three sorts, triple.	dict-198.png	https://archive.org/download/ANewDictionaryArmenian-english/page/leaf97.jpg	body
Երեքամեայ, –մեան				dict-198.png	https://archive.org/download/ANewDictionaryArmenian-english/page/leaf97.jpg	body
Երեքամսեայ, –մսեան				dict-198.png	https://archive.org/download/ANewDictionaryArmenian-english/page/leaf97.jpg	body
Թամբաստակ, –տոց		s.	rag, tatter, old clothes	dict-246.png	https://archive.org/download/ANewDictionaryArmenian-english/page/leaf121.jpg	body
Երեքեան, –քին, եցունց or ցուն		a.	all three; all three.	dict-198.png	https://archive.org/download/ANewDictionaryArmenian-english/page/leaf97.jpg	body
