page,book,year,status,ours_chars,calfa_chars,length_ratio,cer,page_script
EAP180-1-1-8_002R.jpg,EAP180-1-1-8,1668,ok,117,0,0.0000,1.0000,armenian
EAP180-1-1-8_003L.jpg,EAP180-1-1-8,1668,ok,550,444,0.8073,0.2236,armenian
EAP180-1-1-8_003R.jpg,EAP180-1-1-8,1668,ok,549,546,0.9945,0.0474,armenian
EAP180-1-1-8_004L.jpg,EAP180-1-1-8,1668,ok,534,519,0.9719,0.0618,armenian
EAP180-1-1-8_004R.jpg,EAP180-1-1-8,1668,ok,557,548,0.9838,0.0449,armenian
EAP180-1-1-8_005L.jpg,EAP180-1-1-8,1668,ok,546,533,0.9762,0.0513,armenian
EAP180-1-1-8_005R.jpg,EAP180-1-1-8,1668,ok,525,522,0.9943,0.0248,armenian
EAP180-1-1-8_006L.jpg,EAP180-1-1-8,1668,ok,567,594,1.0476,0.1235,armenian
EAP180-1-1-8_006R.jpg,EAP180-1-1-8,1668,ok,437,421,0.9634,0.0778,armenian
EAP180-1-1-8_007L.jpg,EAP180-1-1-8,1668,ok,582,578,0.9931,0.0670,armenian
EAP180-1-1-8_007R.jpg,EAP180-1-1-8,1668,ok,542,537,0.9908,0.0387,armenian
EAP180-1-1-8_008L.jpg,EAP180-1-1-8,1668,ok,525,503,0.9581,0.0648,armenian
EAP180-1-1-8_008R.jpg,EAP180-1-1-8,1668,ok,583,553,0.9485,0.0875,armenian
EAP180-1-1-8_009L.jpg,EAP180-1-1-8,1668,ok,568,508,0.8944,0.1567,armenian
EAP180-1-1-8_009R.jpg,EAP180-1-1-8,1668,ok,514,507,0.9864,0.0447,armenian
EAP180-1-1-8_010L.jpg,EAP180-1-1-8,1668,ok,520,519,0.9981,0.0481,armenian
EAP180-1-1-8_010R.jpg,EAP180-1-1-8,1668,ok,483,481,0.9959,0.0145,armenian
EAP180-1-1-8_011L.jpg,EAP180-1-1-8,1668,ok,525,520,0.9905,0.0495,armenian
EAP180-1-1-8_011R.jpg,EAP180-1-1-8,1668,ok,485,461,0.9505,0.0701,armenian
EAP180-1-1-8_012L.jpg,EAP180-1-1-8,1668,ok,500,507,1.0140,0.0700,armenian
EAP180-1-1-8_012R.jpg,EAP180-1-1-8,1668,ok,456,447,0.9803,0.0702,armenian
EAP180-1-1-8_013L.jpg,EAP180-1-1-8,1668,ok,500,482,0.9640,0.1260,armenian
EAP180-1-1-8_013R.jpg,EAP180-1-1-8,1668,ok,497,481,0.9678,0.0785,armenian
EAP180-1-1-8_014L.jpg,EAP180-1-1-8,1668,ok,517,513,0.9923,0.0406,armenian
EAP180-1-1-8_014R.jpg,EAP180-1-1-8,1668,ok,481,464,0.9647,0.0728,armenian
EAP180-1-1-8_015L.jpg,EAP180-1-1-8,1668,ok,520,500,0.9615,0.0981,armenian
EAP180-1-1-8_015R.jpg,EAP180-1-1-8,1668,ok,478,466,0.9749,0.0900,armenian
EAP180-1-1-8_016L.jpg,EAP180-1-1-8,1668,ok,492,478,0.9715,0.0874,armenian
EAP180-1-1-8_016R.jpg,EAP180-1-1-8,1668,ok,477,477,1.0000,0.0440,armenian
EAP180-1-1-8_017L.jpg,EAP180-1-1-8,1668,ok,460,463,1.0065,0.1087,armenian
EAP180-1-1-8_017R.jpg,EAP180-1-1-8,1668,ok,456,404,0.8860,0.1689,armenian
EAP180-1-1-8_018L.jpg,EAP180-1-1-8,1668,ok,442,441,0.9977,0.0724,armenian
EAP180-1-1-8_018R.jpg,EAP180-1-1-8,1668,ok,494,459,0.9291,0.1093,armenian
EAP180-1-1-8_019L.jpg,EAP180-1-1-8,1668,ok,501,491,0.9800,0.0659,armenian
EAP180-1-1-8_019R.jpg,EAP180-1-1-8,1668,ok,492,491,0.9980,0.0528,armenian
EAP180-1-1-8_020L.jpg,EAP180-1-1-8,1668,ok,470,473,1.0064,0.0702,armenian
EAP180-1-1-8_020R.jpg,EAP180-1-1-8,1668,ok,492,487,0.9898,0.0915,armenian
EAP180-1-1-8_021L.jpg,EAP180-1-1-8,1668,ok,470,452,0.9617,0.0787,armenian
EAP180-1-1-8_021R.jpg,EAP180-1-1-8,1668,ok,413,359,0.8692,0.2228,armenian
EAP180-1-1-8_022L.jpg,EAP180-1-1-8,1668,ok,496,482,0.9718,0.0948,armenian
EAP180-1-1-8_022R.jpg,EAP180-1-1-8,1668,ok,472,464,0.9831,0.0657,armenian
EAP180-1-1-8_023L.jpg,EAP180-1-1-8,1668,ok,452,422,0.9336,0.1438,armenian
EAP180-1-1-8_023R.jpg,EAP180-1-1-8,1668,ok,465,456,0.9806,0.0946,armenian
EAP180-1-1-8_024L.jpg,EAP180-1-1-8,1668,ok,430,412,0.9581,0.0953,armenian
EAP180-1-1-8_024R.jpg,EAP180-1-1-8,1668,ok,454,430,0.9471,0.2247,armenian
EAP180-1-1-8_025L.jpg,EAP180-1-1-8,1668,ok,424,410,0.9670,0.1392,armenian
EAP180-1-1-8_025R.jpg,EAP180-1-1-8,1668,ok,450,420,0.9333,0.1133,armenian
EAP180-1-1-8_026L.jpg,EAP180-1-1-8,1668,ok,427,422,0.9883,0.0726,armenian
EAP180-1-1-8_026R.jpg,EAP180-1-1-8,1668,ok,492,486,0.9878,0.1321,armenian
EAP180-1-1-8_027L.jpg,EAP180-1-1-8,1668,ok,462,444,0.9610,0.1039,armenian
EAP180-1-1-8_027R.jpg,EAP180-1-1-8,1668,ok,464,444,0.9569,0.0991,armenian
EAP180-1-1-8_028L.jpg,EAP180-1-1-8,1668,ok,489,481,0.9836,0.0941,armenian
EAP180-1-1-8_028R.jpg,EAP180-1-1-8,1668,ok,441,443,1.0045,0.0771,armenian
EAP180-1-1-8_029L.jpg,EAP180-1-1-8,1668,ok,431,413,0.9582,0.1044,armenian
EAP180-1-1-8_029R.jpg,EAP180-1-1-8,1668,ok,463,457,0.9870,0.0994,armenian
EAP180-1-1-8_030L.jpg,EAP180-1-1-8,1668,ok,477,486,1.0189,0.1300,armenian
EAP180-1-1-8_030R.jpg,EAP180-1-1-8,1668,ok,499,497,0.9960,0.0301,armenian
EAP180-1-1-8_031L.jpg,EAP180-1-1-8,1668,ok,504,449,0.8909,0.1925,armenian
EAP180-1-1-8_031R.jpg,EAP180-1-1-8,1668,ok,461,433,0.9393,0.1388,armenian
EAP180-1-1-8_032L.jpg,EAP180-1-1-8,1668,ok,525,402,0.7657,0.2876,armenian
EAP180-1-1-8_032R.jpg,EAP180-1-1-8,1668,ok,386,373,0.9663,0.0855,armenian
EAP180-1-1-8_033L.jpg,EAP180-1-1-8,1668,ok,349,340,0.9742,0.2464,armenian
EAP180-1-1-8_033R.jpg,EAP180-1-1-8,1668,ok,351,231,0.6581,0.5584,armenian
EAP180-1-1-8_034L.jpg,EAP180-1-1-8,1668,ok,363,353,0.9725,0.1267,armenian
EAP180-1-1-8_034R.jpg,EAP180-1-1-8,1668,ok,437,424,0.9703,0.0892,armenian
EAP180-1-1-8_035L.jpg,EAP180-1-1-8,1668,ok,424,407,0.9599,0.0873,armenian
EAP180-1-1-8_035R.jpg,EAP180-1-1-8,1668,ok,481,479,0.9958,0.0894,armenian
EAP180-1-1-8_036L.jpg,EAP180-1-1-8,1668,ok,479,479,1.0000,0.0418,armenian
EAP180-1-1-8_036R.jpg,EAP180-1-1-8,1668,ok,502,505,1.0060,0.0398,armenian
EAP180-1-1-8_037L.jpg,EAP180-1-1-8,1668,ok,483,479,0.9917,0.0642,armenian
EAP180-1-1-8_037R.jpg,EAP180-1-1-8,1668,ok,479,474,0.9896,0.0605,armenian
EAP180-1-1-8_038L.jpg,EAP180-1-1-8,1668,ok,502,502,1.0000,0.0578,armenian
EAP180-1-1-8_038R.jpg,EAP180-1-1-8,1668,ok,432,429,0.9931,0.0370,armenian
EAP180-1-1-8_039L.jpg,EAP180-1-1-8,1668,ok,488,487,0.9980,0.0328,armenian
EAP180-1-1-8_039R.jpg,EAP180-1-1-8,1668,ok,515,516,1.0019,0.0136,armenian
EAP180-1-1-8_040L.jpg,EAP180-1-1-8,1668,ok,475,455,0.9579,0.0884,armenian
EAP180-1-1-8_040R.jpg,EAP180-1-1-8,1668,ok,509,498,0.9784,0.1022,armenian
EAP180-1-1-8_041L.jpg,EAP180-1-1-8,1668,ok,483,480,0.9938,0.0476,armenian
EAP180-1-1-8_041R.jpg,EAP180-1-1-8,1668,ok,490,464,0.9469,0.0816,armenian
EAP180-1-1-8_042L.jpg,EAP180-1-1-8,1668,ok,494,487,0.9858,0.0567,armenian
EAP180-1-1-8_042R.jpg,EAP180-1-1-8,1668,ok,472,455,0.9640,0.0699,armenian
EAP180-1-1-8_043L.jpg,EAP180-1-1-8,1668,ok,534,525,0.9831,0.0562,armenian
EAP180-1-1-8_043R.jpg,EAP180-1-1-8,1668,ok,552,548,0.9928,0.0471,armenian
EAP180-1-1-8_044L.jpg,EAP180-1-1-8,1668,ok,500,497,0.9940,0.0300,armenian
EAP180-1-1-8_044R.jpg,EAP180-1-1-8,1668,ok,200,191,0.9550,0.1000,armenian
EAP180-1-1-8_045L.jpg,EAP180-1-1-8,1668,ok,520,518,0.9962,0.0423,armenian
EAP180-1-1-8_045R.jpg,EAP180-1-1-8,1668,ok,508,507,0.9980,0.0394,armenian
EAP180-1-1-8_046L.jpg,EAP180-1-1-8,1668,ok,483,481,0.9959,0.0580,armenian
EAP180-1-1-8_046R.jpg,EAP180-1-1-8,1668,ok,428,427,0.9977,0.0537,armenian
EAP180-1-1-8_047L.jpg,EAP180-1-1-8,1668,ok,509,503,0.9882,0.0432,armenian
EAP180-1-1-8_047R.jpg,EAP180-1-1-8,1668,ok,539,511,0.9481,0.4824,armenian
EAP180-1-1-8_048L.jpg,EAP180-1-1-8,1668,ok,497,497,1.0000,0.0342,armenian
EAP180-1-1-8_048R.jpg,EAP180-1-1-8,1668,ok,529,526,0.9943,0.0132,armenian
EAP180-1-1-8_049L.jpg,EAP180-1-1-8,1668,ok,502,427,0.8506,0.1633,armenian
EAP180-1-1-8_049R.jpg,EAP180-1-1-8,1668,ok,488,487,0.9980,0.0410,armenian
EAP180-1-1-8_050L.jpg,EAP180-1-1-8,1668,ok,510,528,1.0353,0.0569,armenian
EAP180-1-1-8_050R.jpg,EAP180-1-1-8,1668,ok,504,481,0.9544,0.0813,armenian
EAP180-1-1-8_051L.jpg,EAP180-1-1-8,1668,ok,455,361,0.7934,0.2242,armenian
EAP180-1-1-8_051R.jpg,EAP180-1-1-8,1668,ok,530,527,0.9943,0.0226,armenian
EAP180-1-1-8_052L.jpg,EAP180-1-1-8,1668,ok,496,361,0.7278,0.3448,armenian
EAP180-1-1-8_052R.jpg,EAP180-1-1-8,1668,ok,533,547,1.0263,0.0469,armenian
EAP180-1-1-8_053L.jpg,EAP180-1-1-8,1668,ok,516,483,0.9360,0.0736,armenian
EAP180-1-1-8_053R.jpg,EAP180-1-1-8,1668,ok,533,528,0.9906,0.0300,armenian
EAP180-1-1-8_054L.jpg,EAP180-1-1-8,1668,ok,465,416,0.8946,0.1591,armenian
EAP180-1-1-8_054R.jpg,EAP180-1-1-8,1668,ok,507,500,0.9862,0.0552,armenian
EAP180-1-1-8_055L.jpg,EAP180-1-1-8,1668,ok,495,422,0.8525,0.1677,armenian
EAP180-1-1-8_055R.jpg,EAP180-1-1-8,1668,ok,504,512,1.0159,0.0853,armenian
EAP180-1-1-8_056L.jpg,EAP180-1-1-8,1668,ok,499,496,0.9940,0.0681,armenian
EAP180-1-1-8_056R.jpg,EAP180-1-1-8,1668,ok,506,505,0.9980,0.0395,armenian
EAP180-1-1-8_057L.jpg,EAP180-1-1-8,1668,ok,495,485,0.9798,0.0566,armenian
EAP180-1-1-8_057R.jpg,EAP180-1-1-8,1668,ok,498,455,0.9137,0.1084,armenian
EAP180-1-1-8_058L.jpg,EAP180-1-1-8,1668,ok,485,439,0.9052,0.1299,armenian
EAP180-1-1-8_058R.jpg,EAP180-1-1-8,1668,ok,481,420,0.8732,0.1642,armenian
EAP180-1-1-8_059L.jpg,EAP180-1-1-8,1668,ok,488,461,0.9447,0.1660,armenian
EAP180-1-1-8_059R.jpg,EAP180-1-1-8,1668,ok,511,507,0.9922,0.0528,armenian
EAP180-1-1-8_060L.jpg,EAP180-1-1-8,1668,ok,541,518,0.9575,0.0739,armenian
EAP180-1-1-8_060R.jpg,EAP180-1-1-8,1668,ok,467,450,0.9636,0.0707,armenian
EAP180-1-1-8_061L.jpg,EAP180-1-1-8,1668,ok,523,257,0.4914,0.5660,armenian
EAP180-1-1-8_061R.jpg,EAP180-1-1-8,1668,ok,531,462,0.8701,0.1450,armenian
EAP180-1-1-8_062L.jpg,EAP180-1-1-8,1668,ok,531,509,0.9586,0.0546,armenian
EAP180-1-1-8_062R.jpg,EAP180-1-1-8,1668,ok,493,487,0.9878,0.0629,armenian
EAP180-1-1-8_063L.jpg,EAP180-1-1-8,1668,ok,524,528,1.0076,0.2519,armenian
EAP180-1-1-8_063R.jpg,EAP180-1-1-8,1668,ok,510,455,0.8922,0.1196,armenian
EAP180-1-1-8_064L.jpg,EAP180-1-1-8,1668,ok,473,459,0.9704,0.0634,armenian
EAP180-1-1-8_064R.jpg,EAP180-1-1-8,1668,ok,523,508,0.9713,0.0650,armenian
EAP180-1-1-8_065L.jpg,EAP180-1-1-8,1668,ok,536,534,0.9963,0.0392,armenian
EAP180-1-1-8_065R.jpg,EAP180-1-1-8,1668,ok,522,515,0.9866,0.0824,armenian
EAP180-1-1-8_066L.jpg,EAP180-1-1-8,1668,ok,507,495,0.9763,0.0513,armenian
EAP180-1-1-8_066R.jpg,EAP180-1-1-8,1668,ok,507,506,0.9980,0.0631,armenian
EAP180-1-1-8_067L.jpg,EAP180-1-1-8,1668,ok,506,502,0.9921,0.0395,armenian
EAP180-1-1-8_067R.jpg,EAP180-1-1-8,1668,ok,472,468,0.9915,0.0360,armenian
EAP180-1-1-8_068L.jpg,EAP180-1-1-8,1668,ok,494,488,0.9879,0.0425,armenian
EAP180-1-1-8_068R.jpg,EAP180-1-1-8,1668,ok,495,462,0.9333,0.1798,armenian
EAP180-1-1-8_069L.jpg,EAP180-1-1-8,1668,ok,503,481,0.9563,0.0636,armenian
EAP180-1-1-8_069R.jpg,EAP180-1-1-8,1668,ok,492,490,0.9959,0.0224,armenian
EAP180-1-1-8_070L.jpg,EAP180-1-1-8,1668,ok,512,510,0.9961,0.0449,armenian
EAP180-1-1-8_070R.jpg,EAP180-1-1-8,1668,ok,517,512,0.9903,0.0193,armenian
EAP180-1-1-8_071L.jpg,EAP180-1-1-8,1668,ok,449,397,0.8842,0.1425,armenian
EAP180-1-1-8_071R.jpg,EAP180-1-1-8,1668,ok,467,459,0.9829,0.0728,armenian
EAP180-1-1-8_072L.jpg,EAP180-1-1-8,1668,ok,502,456,0.9084,0.1155,armenian
EAP180-1-1-8_072R.jpg,EAP180-1-1-8,1668,ok,528,329,0.6231,0.4242,armenian
EAP180-1-1-8_073L.jpg,EAP180-1-1-8,1668,ok,499,500,1.0020,0.0361,armenian
EAP180-1-1-8_073R.jpg,EAP180-1-1-8,1668,ok,482,469,0.9730,0.0560,armenian
EAP180-1-1-8_074L.jpg,EAP180-1-1-8,1668,ok,513,520,1.0136,0.1481,armenian
EAP180-1-1-8_074R.jpg,EAP180-1-1-8,1668,ok,501,479,0.9561,0.1138,armenian
EAP180-1-1-8_075L.jpg,EAP180-1-1-8,1668,ok,498,498,1.0000,0.0382,armenian
EAP180-1-1-8_075R.jpg,EAP180-1-1-8,1668,ok,507,504,0.9941,0.0671,armenian
EAP180-1-1-8_076L.jpg,EAP180-1-1-8,1668,ok,497,498,1.0020,0.1690,armenian
EAP180-1-1-8_076R.jpg,EAP180-1-1-8,1668,ok,455,452,0.9934,0.0198,armenian
EAP180-1-1-8_077L.jpg,EAP180-1-1-8,1668,ok,499,487,0.9760,0.0581,armenian
EAP180-1-1-8_077R.jpg,EAP180-1-1-8,1668,ok,480,479,0.9979,0.0396,armenian
EAP180-1-1-8_078L.jpg,EAP180-1-1-8,1668,ok,512,457,0.8926,0.1543,armenian
EAP180-1-1-8_078R.jpg,EAP180-1-1-8,1668,ok,480,368,0.7667,0.3646,armenian
EAP180-1-1-8_079L.jpg,EAP180-1-1-8,1668,ok,486,477,0.9815,0.0617,armenian
EAP180-1-1-8_079R.jpg,EAP180-1-1-8,1668,ok,490,502,1.0245,0.0755,armenian
EAP180-1-1-8_080L.jpg,EAP180-1-1-8,1668,ok,487,318,0.6530,0.4066,armenian
EAP180-1-1-8_080R.jpg,EAP180-1-1-8,1668,ok,442,402,0.9095,0.1199,armenian
EAP180-1-1-8_081L.jpg,EAP180-1-1-8,1668,ok,495,486,0.9818,0.0808,armenian
EAP180-1-1-8_081R.jpg,EAP180-1-1-8,1668,ok,533,523,0.9812,0.0619,armenian
EAP180-1-1-8_082L.jpg,EAP180-1-1-8,1668,ok,479,474,0.9896,0.0647,armenian
EAP180-1-1-8_082R.jpg,EAP180-1-1-8,1668,ok,467,462,0.9893,0.0749,armenian
EAP180-1-1-8_083L.jpg,EAP180-1-1-8,1668,ok,545,518,0.9505,0.0661,armenian
EAP180-1-1-8_083R.jpg,EAP180-1-1-8,1668,ok,490,493,1.0061,0.0286,armenian
EAP180-1-1-8_084L.jpg,EAP180-1-1-8,1668,ok,497,476,0.9577,0.0825,armenian
EAP180-1-1-8_084R.jpg,EAP180-1-1-8,1668,ok,525,508,0.9676,0.0667,armenian
EAP180-1-1-8_085L.jpg,EAP180-1-1-8,1668,ok,471,460,0.9766,0.0446,armenian
EAP180-1-1-8_085R.jpg,EAP180-1-1-8,1668,ok,506,504,0.9960,0.0514,armenian
EAP180-1-1-8_086L.jpg,EAP180-1-1-8,1668,ok,498,468,0.9398,0.0843,armenian
EAP180-1-1-8_086R.jpg,EAP180-1-1-8,1668,ok,476,471,0.9895,0.0315,armenian
EAP180-1-1-8_087L.jpg,EAP180-1-1-8,1668,ok,547,548,1.0018,0.0439,armenian
EAP180-1-1-8_087R.jpg,EAP180-1-1-8,1668,ok,483,462,0.9565,0.1056,armenian
EAP180-1-1-8_088L.jpg,EAP180-1-1-8,1668,ok,448,404,0.9018,0.1317,armenian
EAP180-1-1-8_088R.jpg,EAP180-1-1-8,1668,ok,465,455,0.9785,0.0602,armenian
EAP180-1-1-8_089L.jpg,EAP180-1-1-8,1668,ok,471,469,0.9958,0.0425,armenian
EAP180-1-1-8_089R.jpg,EAP180-1-1-8,1668,ok,474,471,0.9937,0.0464,armenian
EAP180-1-1-8_090L.jpg,EAP180-1-1-8,1668,ok,485,482,0.9938,0.0227,armenian
EAP180-1-1-8_090R.jpg,EAP180-1-1-8,1668,ok,500,497,0.9940,0.0460,armenian
EAP180-1-1-8_091L.jpg,EAP180-1-1-8,1668,ok,449,447,0.9955,0.0223,armenian
EAP180-1-1-8_091R.jpg,EAP180-1-1-8,1668,ok,500,499,0.9980,0.0240,armenian
EAP180-1-1-8_092L.jpg,EAP180-1-1-8,1668,ok,502,502,1.0000,0.0299,armenian
EAP180-1-1-8_092R.jpg,EAP180-1-1-8,1668,ok,528,528,1.0000,0.0152,armenian
EAP180-1-1-8_093L.jpg,EAP180-1-1-8,1668,ok,458,455,0.9934,0.0415,armenian
EAP180-1-1-8_093R.jpg,EAP180-1-1-8,1668,ok,476,473,0.9937,0.0588,armenian
EAP180-1-1-8_094L.jpg,EAP180-1-1-8,1668,ok,523,522,0.9981,0.0478,armenian
EAP180-1-1-8_094R.jpg,EAP180-1-1-8,1668,ok,497,492,0.9899,0.0262,armenian
EAP180-1-1-8_095L.jpg,EAP180-1-1-8,1668,ok,511,509,0.9961,0.0391,armenian
EAP180-1-1-8_095R.jpg,EAP180-1-1-8,1668,ok,511,506,0.9902,0.0391,armenian
EAP180-1-1-8_096L.jpg,EAP180-1-1-8,1668,ok,469,480,1.0235,0.0704,armenian
EAP180-1-1-8_096R.jpg,EAP180-1-1-8,1668,ok,525,523,0.9962,0.0248,armenian
EAP180-1-1-8_097L.jpg,EAP180-1-1-8,1668,ok,480,460,0.9583,0.0833,armenian
EAP180-1-1-8_097R.jpg,EAP180-1-1-8,1668,ok,500,515,1.0300,0.0640,armenian
EAP180-1-1-8_098L.jpg,EAP180-1-1-8,1668,ok,489,486,0.9939,0.0348,armenian
EAP180-1-1-8_098R.jpg,EAP180-1-1-8,1668,ok,482,483,1.0021,0.0830,armenian
EAP180-1-1-8_099L.jpg,EAP180-1-1-8,1668,ok,505,505,1.0000,0.0317,armenian
EAP180-1-1-8_099R.jpg,EAP180-1-1-8,1668,ok,504,499,0.9901,0.0615,armenian
EAP180-1-1-8_100L.jpg,EAP180-1-1-8,1668,ok,485,480,0.9897,0.0351,armenian
EAP180-1-1-8_100R.jpg,EAP180-1-1-8,1668,ok,516,513,0.9942,0.0349,armenian
EAP180-1-1-8_101L.jpg,EAP180-1-1-8,1668,ok,483,469,0.9710,0.0497,armenian
EAP180-1-1-8_101R.jpg,EAP180-1-1-8,1668,ok,504,504,1.0000,0.0317,armenian
EAP180-1-1-8_102L.jpg,EAP180-1-1-8,1668,ok,506,505,0.9980,0.0435,armenian
EAP180-1-1-8_102R.jpg,EAP180-1-1-8,1668,ok,542,539,0.9945,0.0258,armenian
EAP180-1-1-8_103L.jpg,EAP180-1-1-8,1668,ok,497,487,0.9799,0.1026,armenian
EAP180-1-1-8_103R.jpg,EAP180-1-1-8,1668,ok,500,495,0.9900,0.0520,armenian
EAP180-1-1-8_104L.jpg,EAP180-1-1-8,1668,ok,532,519,0.9756,0.0451,armenian
EAP180-1-1-8_104R.jpg,EAP180-1-1-8,1668,ok,503,508,1.0099,0.0239,armenian
EAP180-1-1-8_105L.jpg,EAP180-1-1-8,1668,ok,520,520,1.0000,0.0173,armenian
EAP180-1-1-8_105R.jpg,EAP180-1-1-8,1668,ok,539,531,0.9852,0.0241,armenian
EAP180-1-1-8_106L.jpg,EAP180-1-1-8,1668,ok,541,538,0.9945,0.0444,armenian
EAP180-1-1-8_106R.jpg,EAP180-1-1-8,1668,ok,485,453,0.9340,0.1216,armenian
EAP180-1-1-8_107L.jpg,EAP180-1-1-8,1668,ok,490,494,1.0082,0.0633,armenian
EAP180-1-1-8_107R.jpg,EAP180-1-1-8,1668,ok,520,515,0.9904,0.0423,armenian
EAP180-1-1-8_108L.jpg,EAP180-1-1-8,1668,ok,488,413,0.8463,0.2172,armenian
EAP180-1-1-8_108R.jpg,EAP180-1-1-8,1668,ok,531,481,0.9058,0.4708,armenian
EAP180-1-1-8_109L.jpg,EAP180-1-1-8,1668,ok,548,542,0.9891,0.0219,armenian
EAP180-1-1-8_109R.jpg,EAP180-1-1-8,1668,ok,519,511,0.9846,0.0347,armenian
EAP180-1-1-8_110L.jpg,EAP180-1-1-8,1668,ok,494,477,0.9656,0.0709,armenian
EAP180-1-1-8_110R.jpg,EAP180-1-1-8,1668,ok,503,501,0.9960,0.0417,armenian
EAP180-1-1-8_111L.jpg,EAP180-1-1-8,1668,ok,491,482,0.9817,0.0550,armenian
EAP180-1-1-8_111R.jpg,EAP180-1-1-8,1668,ok,480,472,0.9833,0.0354,armenian
EAP180-1-1-8_112L.jpg,EAP180-1-1-8,1668,ok,483,258,0.5342,0.6915,armenian
EAP180-1-1-8_112R.jpg,EAP180-1-1-8,1668,ok,484,187,0.3864,0.6260,armenian
EAP180-1-1-8_113L.jpg,EAP180-1-1-8,1668,ok,498,503,1.0100,0.0783,armenian
EAP180-1-1-8_113R.jpg,EAP180-1-1-8,1668,ok,530,513,0.9679,0.0566,armenian
EAP180-1-1-8_114L.jpg,EAP180-1-1-8,1668,ok,515,281,0.5456,0.4680,armenian
EAP180-1-1-8_114R.jpg,EAP180-1-1-8,1668,ok,522,489,0.9368,0.2241,armenian
EAP180-1-1-8_115L.jpg,EAP180-1-1-8,1668,ok,485,473,0.9753,0.0577,armenian
EAP180-1-1-8_115R.jpg,EAP180-1-1-8,1668,ok,534,518,0.9700,0.0487,armenian
EAP180-1-1-8_116L.jpg,EAP180-1-1-8,1668,ok,532,470,0.8835,0.1541,armenian
EAP180-1-1-8_116R.jpg,EAP180-1-1-8,1668,ok,547,528,0.9653,0.0676,armenian
EAP180-1-1-8_117L.jpg,EAP180-1-1-8,1668,ok,489,485,0.9918,0.0368,armenian
EAP180-1-1-8_117R.jpg,EAP180-1-1-8,1668,ok,524,512,0.9771,0.0725,armenian
EAP180-1-1-8_118L.jpg,EAP180-1-1-8,1668,ok,472,466,0.9873,0.0275,armenian
EAP180-1-1-8_118R.jpg,EAP180-1-1-8,1668,ok,506,345,0.6818,0.3340,armenian
EAP180-1-1-8_119L.jpg,EAP180-1-1-8,1668,ok,525,519,0.9886,0.0229,armenian
EAP180-1-1-8_119R.jpg,EAP180-1-1-8,1668,ok,519,517,0.9961,0.0193,armenian
EAP180-1-1-8_120L.jpg,EAP180-1-1-8,1668,ok,481,407,0.8462,0.1975,armenian
EAP180-1-1-8_120R.jpg,EAP180-1-1-8,1668,too_short_ours,11,,,,armenian
EAP180-1-1-8_121L.jpg,EAP180-1-1-8,1668,too_short_ours,11,,,,armenian
EAP180-1-1-8_121R.jpg,EAP180-1-1-8,1668,ok,524,516,0.9847,0.0611,armenian
EAP180-1-1-8_122L.jpg,EAP180-1-1-8,1668,ok,522,530,1.0153,0.0594,armenian
EAP180-1-1-8_122R.jpg,EAP180-1-1-8,1668,ok,490,480,0.9796,0.0612,armenian
EAP180-1-1-8_123L.jpg,EAP180-1-1-8,1668,ok,484,470,0.9711,0.0785,armenian
EAP180-1-1-8_123R.jpg,EAP180-1-1-8,1668,ok,497,495,0.9960,0.0382,armenian
EAP180-1-1-8_124L.jpg,EAP180-1-1-8,1668,ok,479,470,0.9812,0.1294,armenian
EAP180-1-1-8_124R.jpg,EAP180-1-1-8,1668,ok,487,492,1.0103,0.0945,armenian
EAP180-1-1-8_125L.jpg,EAP180-1-1-8,1668,ok,480,475,0.9896,0.0542,armenian
EAP180-1-1-8_125R.jpg,EAP180-1-1-8,1668,ok,451,442,0.9800,0.0421,armenian
EAP180-1-1-8_126L.jpg,EAP180-1-1-8,1668,ok,503,496,0.9861,0.0696,armenian
EAP180-1-1-8_126R.jpg,EAP180-1-1-8,1668,ok,506,505,0.9980,0.0474,armenian
EAP180-1-1-8_127L.jpg,EAP180-1-1-8,1668,ok,510,508,0.9961,0.1137,armenian
EAP180-1-1-8_127R.jpg,EAP180-1-1-8,1668,too_short_ours,11,,,,armenian
EAP180-1-1-8_128L.jpg,EAP180-1-1-8,1668,too_short_ours,11,,,,armenian
EAP180-1-1-8_128R.jpg,EAP180-1-1-8,1668,ok,553,547,0.9892,0.0452,armenian
EAP180-1-1-8_129L.jpg,EAP180-1-1-8,1668,ok,503,506,1.0060,0.0676,armenian
EAP180-1-1-8_129R.jpg,EAP180-1-1-8,1668,ok,430,424,0.9860,0.0907,armenian
EAP180-1-1-8_130L.jpg,EAP180-1-1-8,1668,ok,489,478,0.9775,0.0613,armenian
EAP180-1-1-8_130R.jpg,EAP180-1-1-8,1668,ok,444,434,0.9775,0.0473,armenian
EAP180-1-1-8_131L.jpg,EAP180-1-1-8,1668,ok,471,476,1.0106,0.0786,armenian
EAP180-1-1-8_131R.jpg,EAP180-1-1-8,1668,ok,515,520,1.0097,0.0214,armenian
EAP180-1-1-8_132L.jpg,EAP180-1-1-8,1668,ok,511,479,0.9374,0.1155,armenian
EAP180-1-1-8_132R.jpg,EAP180-1-1-8,1668,ok,528,516,0.9773,0.0606,armenian
EAP180-1-1-8_133L.jpg,EAP180-1-1-8,1668,ok,520,519,0.9981,0.0462,armenian
EAP180-1-1-8_133R.jpg,EAP180-1-1-8,1668,ok,494,498,1.0081,0.0385,armenian
EAP180-1-1-8_134L.jpg,EAP180-1-1-8,1668,ok,480,481,1.0021,0.0208,armenian
EAP180-1-1-8_134R.jpg,EAP180-1-1-8,1668,ok,484,483,0.9979,0.0269,armenian
EAP180-1-1-8_135L.jpg,EAP180-1-1-8,1668,ok,530,517,0.9755,0.0434,armenian
EAP180-1-1-8_135R.jpg,EAP180-1-1-8,1668,ok,480,451,0.9396,0.1125,armenian
EAP180-1-1-8_136L.jpg,EAP180-1-1-8,1668,ok,530,538,1.0151,0.0943,armenian
EAP180-1-1-8_136R.jpg,EAP180-1-1-8,1668,ok,493,478,0.9696,0.0588,armenian
EAP180-1-1-8_137L.jpg,EAP180-1-1-8,1668,ok,537,538,1.0019,0.0354,armenian
EAP180-1-1-8_137R.jpg,EAP180-1-1-8,1668,ok,524,529,1.0095,0.0573,armenian
EAP180-1-1-8_138L.jpg,EAP180-1-1-8,1668,ok,494,488,0.9879,0.0385,armenian
EAP180-1-1-8_138R.jpg,EAP180-1-1-8,1668,ok,516,522,1.0116,0.0543,armenian
EAP180-1-1-8_139L.jpg,EAP180-1-1-8,1668,ok,485,480,0.9897,0.0351,armenian
EAP180-1-1-8_139R.jpg,EAP180-1-1-8,1668,ok,526,525,0.9981,0.0304,armenian
EAP180-1-1-8_140L.jpg,EAP180-1-1-8,1668,ok,500,449,0.8980,0.1380,armenian
EAP180-1-1-8_140R.jpg,EAP180-1-1-8,1668,ok,521,470,0.9021,0.6679,armenian
EAP180-1-1-8_141L.jpg,EAP180-1-1-8,1668,ok,490,467,0.9531,0.1000,armenian
EAP180-1-1-8_141R.jpg,EAP180-1-1-8,1668,ok,545,506,0.9284,0.3853,armenian
EAP180-1-1-8_142L.jpg,EAP180-1-1-8,1668,ok,503,478,0.9503,0.0974,armenian
EAP180-1-1-8_142R.jpg,EAP180-1-1-8,1668,ok,485,476,0.9814,0.0412,armenian
EAP180-1-1-8_143L.jpg,EAP180-1-1-8,1668,ok,516,511,0.9903,0.0620,armenian
EAP180-1-1-8_143R.jpg,EAP180-1-1-8,1668,ok,520,508,0.9769,0.0750,armenian
EAP180-1-1-8_144L.jpg,EAP180-1-1-8,1668,ok,479,457,0.9541,0.0668,armenian
EAP180-1-1-8_144R.jpg,EAP180-1-1-8,1668,ok,523,530,1.0134,0.0535,armenian
EAP180-1-1-8_145L.jpg,EAP180-1-1-8,1668,ok,538,361,0.6710,0.3606,armenian
EAP180-1-1-8_145R.jpg,EAP180-1-1-8,1668,ok,527,184,0.3491,0.6755,armenian
EAP180-1-1-8_146L.jpg,EAP180-1-1-8,1668,ok,507,505,0.9961,0.0296,armenian
EAP180-1-1-8_146R.jpg,EAP180-1-1-8,1668,ok,507,492,0.9704,0.1006,armenian
EAP180-1-1-8_147L.jpg,EAP180-1-1-8,1668,ok,495,361,0.7293,0.3051,armenian
EAP180-1-1-8_147R.jpg,EAP180-1-1-8,1668,ok,486,418,0.8601,0.2016,armenian
EAP180-1-1-8_148L.jpg,EAP180-1-1-8,1668,ok,504,501,0.9940,0.0476,armenian
EAP180-1-1-8_148R.jpg,EAP180-1-1-8,1668,ok,465,457,0.9828,0.1054,armenian
EAP180-1-1-8_149L.jpg,EAP180-1-1-8,1668,ok,536,298,0.5560,0.4552,armenian
EAP180-1-1-8_149R.jpg,EAP180-1-1-8,1668,ok,382,369,0.9660,0.0681,armenian
EAP180-1-1-8_150L.jpg,EAP180-1-1-8,1668,ok,515,507,0.9845,0.1146,armenian
EAP180-1-1-8_150R.jpg,EAP180-1-1-8,1668,ok,369,370,1.0027,0.2141,armenian
EAP180-1-1-8_151L.jpg,EAP180-1-1-8,1668,ok,357,212,0.5938,0.4566,armenian
EAP180-1-1-8_151R.jpg,EAP180-1-1-8,1668,ok,440,405,0.9205,0.2318,armenian
EAP180-1-1-8_152L.jpg,EAP180-1-1-8,1668,ok,401,390,0.9726,0.1172,armenian
EAP180-1-1-8_152R.jpg,EAP180-1-1-8,1668,too_short_ours,11,,,,armenian
EAP180-1-1-8_153L.jpg,EAP180-1-1-8,1668,too_short_ours,11,,,,armenian
EAP180-1-1-8_153R.jpg,EAP180-1-1-8,1668,ok,405,396,0.9778,0.0765,armenian
EAP180-1-1-8_154L.jpg,EAP180-1-1-8,1668,ok,445,421,0.9461,0.1933,armenian
EAP180-1-1-8_154R.jpg,EAP180-1-1-8,1668,ok,443,325,0.7336,0.4447,armenian
EAP180-1-1-8_155L.jpg,EAP180-1-1-8,1668,ok,421,336,0.7981,0.2803,armenian
EAP180-1-1-90_002R.jpg,EAP180-1-1-90,1737,ok,334,344,1.0299,0.1138,armenian
EAP180-1-1-90_003L.jpg,EAP180-1-1-90,1737,ok,416,400,0.9615,0.1899,armenian
EAP180-1-1-90_003R.jpg,EAP180-1-1-90,1737,ok,351,359,1.0228,0.1766,armenian
EAP180-1-1-90_004R.jpg,EAP180-1-1-90,1737,ok,176,189,1.0739,0.2784,armenian
EAP180-1-1-90_005L.jpg,EAP180-1-1-90,1737,ok,333,374,1.1231,0.1862,armenian
EAP180-1-1-90_005R.jpg,EAP180-1-1-90,1737,ok,332,362,1.0904,0.1747,armenian
EAP180-1-1-90_006L.jpg,EAP180-1-1-90,1737,ok,313,362,1.1565,0.2268,armenian
EAP180-1-1-90_006R.jpg,EAP180-1-1-90,1737,ok,133,161,1.2105,0.3383,armenian
EAP180-1-1-90_007R.jpg,EAP180-1-1-90,1737,ok,358,412,1.1508,0.2905,armenian
EAP180-1-1-90_008L.jpg,EAP180-1-1-90,1737,ok,338,373,1.1036,0.2278,armenian
EAP180-1-1-90_008R.jpg,EAP180-1-1-90,1737,ok,308,357,1.1591,0.2727,armenian
EAP180-1-1-90_009L.jpg,EAP180-1-1-90,1737,ok,367,362,0.9864,0.2779,armenian
EAP180-1-1-90_009R.jpg,EAP180-1-1-90,1737,ok,381,408,1.0709,0.1601,armenian
EAP180-1-1-90_010L.jpg,EAP180-1-1-90,1737,ok,206,267,1.2961,0.3495,armenian
EAP180-1-1-90_011L.jpg,EAP180-1-1-90,1737,ok,325,318,0.9785,0.1754,armenian
EAP180-1-1-90_011R.jpg,EAP180-1-1-90,1737,ok,372,386,1.0376,0.1452,armenian
EAP180-1-1-90_012L.jpg,EAP180-1-1-90,1737,ok,367,397,1.0817,0.1907,armenian
EAP180-1-1-90_012R.jpg,EAP180-1-1-90,1737,ok,310,343,1.1065,0.2613,armenian
EAP180-1-1-90_013L.jpg,EAP180-1-1-90,1737,ok,377,431,1.1432,0.2255,armenian
EAP180-1-1-90_013R.jpg,EAP180-1-1-90,1737,ok,378,431,1.1402,0.2169,armenian
EAP180-1-1-90_014L.jpg,EAP180-1-1-90,1737,ok,382,430,1.1257,0.1623,armenian
EAP180-1-1-90_014R.jpg,EAP180-1-1-90,1737,ok,386,442,1.1451,0.2850,armenian
EAP180-1-1-90_015L.jpg,EAP180-1-1-90,1737,ok,64,124,1.9375,0.9531,armenian
EAP180-1-1-90_015R.jpg,EAP180-1-1-90,1737,ok,316,366,1.1582,0.3766,armenian
EAP180-1-1-90_016L.jpg,EAP180-1-1-90,1737,ok,397,401,1.0101,0.1285,armenian
EAP180-1-1-90_016R.jpg,EAP180-1-1-90,1737,ok,373,393,1.0536,0.1877,armenian
EAP180-1-1-90_017L.jpg,EAP180-1-1-90,1737,ok,175,163,0.9314,0.2171,armenian
EAP180-1-1-90_017R.jpg,EAP180-1-1-90,1737,too_short_ours,4,,,,armenian
EAP180-1-1-90_018L.jpg,EAP180-1-1-90,1737,ok,341,394,1.1554,0.2287,armenian
EAP180-1-1-90_018R.jpg,EAP180-1-1-90,1737,ok,365,394,1.0795,0.1041,armenian
EAP180-1-1-90_019L.jpg,EAP180-1-1-90,1737,ok,282,273,0.9681,0.1773,armenian
EAP180-1-1-90_020L.jpg,EAP180-1-1-90,1737,ok,329,379,1.1520,0.2553,armenian
EAP180-1-1-90_020R.jpg,EAP180-1-1-90,1737,ok,361,396,1.0970,0.1634,armenian
EAP180-1-1-90_021L.jpg,EAP180-1-1-90,1737,ok,321,341,1.0623,0.2336,armenian
EAP180-1-1-90_021R.jpg,EAP180-1-1-90,1737,ok,376,367,0.9761,0.0931,armenian
EAP180-1-1-90_022L.jpg,EAP180-1-1-90,1737,ok,360,398,1.1056,0.1833,armenian
EAP180-1-1-90_023L.jpg,EAP180-1-1-90,1737,ok,332,378,1.1386,0.2530,armenian
EAP180-1-1-90_023R.jpg,EAP180-1-1-90,1737,ok,358,380,1.0615,0.1117,armenian
EAP180-1-1-90_024L.jpg,EAP180-1-1-90,1737,ok,376,424,1.1277,0.1782,armenian
EAP180-1-1-90_024R.jpg,EAP180-1-1-90,1737,ok,248,285,1.1492,0.2218,armenian
EAP180-1-1-90_025R.jpg,EAP180-1-1-90,1737,ok,332,338,1.0181,0.1747,armenian
EAP180-1-1-90_026L.jpg,EAP180-1-1-90,1737,ok,328,381,1.1616,0.3018,armenian
EAP180-1-1-90_026R.jpg,EAP180-1-1-90,1737,ok,385,421,1.0935,0.2260,armenian
EAP180-1-1-90_027L.jpg,EAP180-1-1-90,1737,ok,367,397,1.0817,0.1335,armenian
EAP180-1-1-90_027R.jpg,EAP180-1-1-90,1737,ok,330,350,1.0606,0.2606,armenian
EAP180-1-1-90_028L.jpg,EAP180-1-1-90,1737,ok,328,360,1.0976,0.1433,armenian
EAP180-1-1-90_028R.jpg,EAP180-1-1-90,1737,ok,363,399,1.0992,0.5014,armenian
EAP180-1-1-90_029L.jpg,EAP180-1-1-90,1737,ok,326,317,0.9724,0.1871,armenian
EAP180-1-1-90_029R.jpg,EAP180-1-1-90,1737,ok,382,360,0.9424,0.1178,armenian
EAP180-1-1-90_030L.jpg,EAP180-1-1-90,1737,ok,132,152,1.1515,0.2500,armenian
EAP180-1-1-90_030R.jpg,EAP180-1-1-90,1737,ok,340,361,1.0618,0.3735,armenian
EAP180-1-1-90_031L.jpg,EAP180-1-1-90,1737,ok,364,403,1.1071,0.1978,armenian
EAP180-1-1-90_031R.jpg,EAP180-1-1-90,1737,ok,376,385,1.0239,0.0931,armenian
EAP180-1-1-90_032L.jpg,EAP180-1-1-90,1737,ok,209,220,1.0526,0.2057,armenian
EAP180-1-1-90_033R.jpg,EAP180-1-1-90,1737,ok,306,319,1.0425,0.1993,armenian
EAP180-1-1-90_034L.jpg,EAP180-1-1-90,1737,ok,401,410,1.0224,0.1097,armenian
EAP180-1-1-90_034R.jpg,EAP180-1-1-90,1737,ok,221,277,1.2534,0.3439,armenian
EAP180-1-1-90_035R.jpg,EAP180-1-1-90,1737,ok,353,395,1.1190,0.3286,armenian
EAP180-1-1-90_036L.jpg,EAP180-1-1-90,1737,ok,382,433,1.1335,0.1780,armenian
EAP180-1-1-90_036R.jpg,EAP180-1-1-90,1737,ok,335,364,1.0866,0.1403,armenian
EAP180-1-1-90_037R.jpg,EAP180-1-1-90,1737,ok,274,269,0.9818,0.1569,armenian
EAP180-1-1-90_038L.jpg,EAP180-1-1-90,1737,ok,250,265,1.0600,0.1840,armenian
EAP180-1-1-90_039R.jpg,EAP180-1-1-90,1737,ok,324,368,1.1358,0.2685,armenian
EAP180-1-1-90_040L.jpg,EAP180-1-1-90,1737,ok,338,379,1.1213,0.1716,armenian
EAP180-1-1-90_040R.jpg,EAP180-1-1-90,1737,ok,361,412,1.1413,0.2078,armenian
EAP180-1-1-90_041R.jpg,EAP180-1-1-90,1737,ok,331,361,1.0906,0.2417,armenian
EAP180-1-1-90_042L.jpg,EAP180-1-1-90,1737,ok,364,376,1.0330,0.0769,armenian
EAP180-1-1-90_042R.jpg,EAP180-1-1-90,1737,ok,380,422,1.1105,0.1737,armenian
EAP180-1-1-90_043L.jpg,EAP180-1-1-90,1737,ok,319,344,1.0784,0.3135,armenian
EAP180-1-1-90_043R.jpg,EAP180-1-1-90,1737,ok,376,381,1.0133,0.0665,armenian
EAP180-1-1-90_044R.jpg,EAP180-1-1-90,1737,ok,293,313,1.0683,0.1672,armenian
EAP180-1-1-90_045L.jpg,EAP180-1-1-90,1737,ok,295,289,0.9797,0.2271,armenian
EAP180-1-1-90_045R.jpg,EAP180-1-1-90,1737,ok,131,187,1.4275,0.4809,armenian
EAP180-1-1-90_046R.jpg,EAP180-1-1-90,1737,ok,313,346,1.1054,0.2141,armenian
EAP180-1-1-90_047L.jpg,EAP180-1-1-90,1737,ok,386,405,1.0492,0.1373,armenian
EAP180-1-1-90_047R.jpg,EAP180-1-1-90,1737,ok,380,424,1.1158,0.1526,armenian
EAP180-1-1-90_048R.jpg,EAP180-1-1-90,1737,ok,283,355,1.2544,0.3251,armenian
EAP180-1-1-90_049L.jpg,EAP180-1-1-90,1737,ok,281,301,1.0712,0.1708,armenian
EAP180-1-1-90_049R.jpg,EAP180-1-1-90,1737,ok,132,132,1.0000,0.1970,armenian
EAP180-1-1-90_050R.jpg,EAP180-1-1-90,1737,ok,318,345,1.0849,0.2296,armenian
EAP180-1-1-90_051L.jpg,EAP180-1-1-90,1737,ok,398,428,1.0754,0.1583,armenian
EAP180-1-1-90_051R.jpg,EAP180-1-1-90,1737,ok,223,271,1.2152,0.2422,armenian
EAP180-1-1-90_052R.jpg,EAP180-1-1-90,1737,ok,335,340,1.0149,0.2388,armenian
EAP180-1-1-90_053L.jpg,EAP180-1-1-90,1737,ok,355,370,1.0423,0.0817,armenian
EAP180-1-1-90_053R.jpg,EAP180-1-1-90,1737,ok,382,423,1.1073,0.2749,armenian
EAP180-1-1-90_054L.jpg,EAP180-1-1-90,1737,ok,360,398,1.1056,0.1528,armenian
EAP180-1-1-90_054R.jpg,EAP180-1-1-90,1737,ok,204,260,1.2745,0.3088,armenian
EAP180-1-1-90_055R.jpg,EAP180-1-1-90,1737,ok,326,372,1.1411,0.2239,armenian
EAP180-1-1-90_056L.jpg,EAP180-1-1-90,1737,ok,396,422,1.0657,0.1212,armenian
EAP180-1-1-90_056R.jpg,EAP180-1-1-90,1737,ok,374,403,1.0775,0.1337,armenian
EAP180-1-1-90_057L.jpg,EAP180-1-1-90,1737,ok,275,285,1.0364,0.2255,armenian
EAP180-1-1-90_057R.jpg,EAP180-1-1-90,1737,ok,375,398,1.0613,0.1627,armenian
EAP180-1-1-90_058L.jpg,EAP180-1-1-90,1737,ok,399,486,1.2180,0.3559,armenian
EAP180-1-1-90_058R.jpg,EAP180-1-1-90,1737,ok,379,425,1.1214,0.2744,armenian
EAP180-1-1-90_059L.jpg,EAP180-1-1-90,1737,ok,383,444,1.1593,0.2559,armenian
EAP180-1-1-90_059R.jpg,EAP180-1-1-90,1737,ok,379,415,1.0950,0.1741,armenian
EAP180-1-1-90_060L.jpg,EAP180-1-1-90,1737,ok,358,417,1.1648,0.2318,armenian
EAP180-1-1-90_060R.jpg,EAP180-1-1-90,1737,ok,371,404,1.0889,0.1644,armenian
EAP180-1-1-90_061L.jpg,EAP180-1-1-90,1737,ok,375,380,1.0133,0.1893,armenian
EAP180-1-1-90_061R.jpg,EAP180-1-1-90,1737,ok,202,219,1.0842,0.1980,armenian
EAP180-1-1-90_062L.jpg,EAP180-1-1-90,1737,ok,322,368,1.1429,0.2578,armenian
EAP180-1-1-90_062R.jpg,EAP180-1-1-90,1737,ok,364,397,1.0907,0.1593,armenian
EAP180-1-1-90_063L.jpg,EAP180-1-1-90,1737,ok,360,400,1.1111,0.1694,armenian
EAP180-1-1-90_063R.jpg,EAP180-1-1-90,1737,ok,320,364,1.1375,0.4125,armenian
EAP180-1-1-90_064L.jpg,EAP180-1-1-90,1737,ok,355,386,1.0873,0.1296,armenian
EAP180-1-1-90_064R.jpg,EAP180-1-1-90,1737,ok,194,231,1.1907,0.3351,armenian
EAP180-1-1-90_065R.jpg,EAP180-1-1-90,1737,ok,327,342,1.0459,0.2080,armenian
EAP180-1-1-90_066L.jpg,EAP180-1-1-90,1737,ok,384,406,1.0573,0.1745,armenian
EAP180-1-1-90_066R.jpg,EAP180-1-1-90,1737,ok,263,326,1.2395,0.3004,armenian
EAP180-1-1-90_067R.jpg,EAP180-1-1-90,1737,ok,356,377,1.0590,0.1742,armenian
EAP180-1-1-90_068L.jpg,EAP180-1-1-90,1737,ok,441,493,1.1179,0.1565,armenian
EAP180-1-1-90_068R.jpg,EAP180-1-1-90,1737,ok,448,444,0.9911,0.1429,armenian
EAP180-1-1-90_069R.jpg,EAP180-1-1-90,1737,ok,347,362,1.0432,0.1960,armenian
EAP180-1-1-90_070L.jpg,EAP180-1-1-90,1737,ok,365,358,0.9808,0.4411,armenian
EAP180-1-1-90_070R.jpg,EAP180-1-1-90,1737,ok,314,342,1.0892,0.2102,armenian
EAP180-1-1-90_071L.jpg,EAP180-1-1-90,1737,ok,385,413,1.0727,0.2468,armenian
EAP180-1-1-90_071R.jpg,EAP180-1-1-90,1737,ok,199,212,1.0653,0.6181,armenian
EAP180-1-1-90_072R.jpg,EAP180-1-1-90,1737,ok,303,320,1.0561,0.2805,armenian
EAP180-1-1-90_073L.jpg,EAP180-1-1-90,1737,ok,383,435,1.1358,0.2298,armenian
EAP180-1-1-90_073R.jpg,EAP180-1-1-90,1737,ok,386,418,1.0829,0.2798,armenian
EAP180-1-1-90_074L.jpg,EAP180-1-1-90,1737,ok,365,399,1.0932,0.2301,armenian
EAP180-1-1-90_074R.jpg,EAP180-1-1-90,1737,ok,392,411,1.0485,0.2143,armenian
EAP180-1-1-90_075R.jpg,EAP180-1-1-90,1737,ok,314,295,0.9395,0.2006,armenian
EAP180-1-1-90_076L.jpg,EAP180-1-1-90,1737,ok,369,369,1.0000,0.1030,armenian
EAP180-1-1-90_076R.jpg,EAP180-1-1-90,1737,ok,265,289,1.0906,0.1547,armenian
EAP180-1-1-90_077R.jpg,EAP180-1-1-90,1737,ok,321,329,1.0249,0.2181,armenian
EAP180-1-1-90_078L.jpg,EAP180-1-1-90,1737,ok,354,380,1.0734,0.1497,armenian
EAP180-1-1-90_078R.jpg,EAP180-1-1-90,1737,ok,167,188,1.1257,0.1497,armenian
EAP180-1-1-90_079R.jpg,EAP180-1-1-90,1737,ok,345,384,1.1130,0.2290,armenian
EAP180-1-1-90_080L.jpg,EAP180-1-1-90,1737,ok,379,378,0.9974,0.0633,armenian
EAP180-1-1-90_080R.jpg,EAP180-1-1-90,1737,ok,308,329,1.0682,0.2305,armenian
EAP180-1-1-90_081L.jpg,EAP180-1-1-90,1737,ok,339,341,1.0059,0.1357,armenian
EAP180-1-1-90_081R.jpg,EAP180-1-1-90,1737,ok,308,335,1.0877,0.2890,armenian
EAP180-1-1-90_082L.jpg,EAP180-1-1-90,1737,ok,370,375,1.0135,0.1622,armenian
EAP180-1-1-90_082R.jpg,EAP180-1-1-90,1737,ok,395,403,1.0203,0.1342,armenian
EAP180-1-1-90_083L.jpg,EAP180-1-1-90,1737,ok,316,362,1.1456,0.2342,armenian
EAP180-1-1-90_083R.jpg,EAP180-1-1-90,1737,ok,329,340,1.0334,0.1033,armenian
EAP180-1-1-90_084L.jpg,EAP180-1-1-90,1737,ok,305,336,1.1016,0.2295,armenian
EAP180-1-1-90_084R.jpg,EAP180-1-1-90,1737,ok,341,351,1.0293,0.1085,armenian
EAP180-1-1-90_085L.jpg,EAP180-1-1-90,1737,ok,386,380,0.9845,0.0829,armenian
EAP180-1-1-90_085R.jpg,EAP180-1-1-90,1737,ok,403,449,1.1141,0.1538,armenian
EAP180-1-1-90_086R.jpg,EAP180-1-1-90,1737,ok,305,330,1.0820,0.1869,armenian
EAP180-1-1-90_087L.jpg,EAP180-1-1-90,1737,ok,346,392,1.1329,0.2139,armenian
EAP180-1-1-90_087R.jpg,EAP180-1-1-90,1737,ok,314,361,1.1497,0.1975,armenian
EAP180-1-1-90_088L.jpg,EAP180-1-1-90,1737,ok,317,342,1.0789,0.1672,armenian
EAP180-1-1-90_088R.jpg,EAP180-1-1-90,1737,ok,381,409,1.0735,0.1129,armenian
EAP180-1-1-90_089L.jpg,EAP180-1-1-90,1737,ok,374,364,0.9733,0.0775,armenian
EAP180-1-1-90_089R.jpg,EAP180-1-1-90,1737,ok,310,331,1.0677,0.2194,armenian
EAP180-1-1-90_090L.jpg,EAP180-1-1-90,1737,ok,374,399,1.0668,0.1016,armenian
EAP180-1-1-90_090R.jpg,EAP180-1-1-90,1737,ok,371,382,1.0296,0.1779,armenian
EAP180-1-1-90_091L.jpg,EAP180-1-1-90,1737,ok,394,412,1.0457,0.2665,armenian
EAP180-1-1-90_091R.jpg,EAP180-1-1-90,1737,ok,327,366,1.1193,0.4924,armenian
EAP180-1-1-90_092L.jpg,EAP180-1-1-90,1737,ok,447,485,1.0850,0.1745,armenian
EAP180-1-1-90_092R.jpg,EAP180-1-1-90,1737,ok,443,508,1.1467,0.2393,armenian
EAP180-1-1-90_093L.jpg,EAP180-1-1-90,1737,too_short_ours,20,,,,armenian
EAP180-1-1-90_093R.jpg,EAP180-1-1-90,1737,ok,336,317,0.9435,0.3512,armenian
EAP180-1-1-90_094L.jpg,EAP180-1-1-90,1737,ok,375,404,1.0773,0.1173,armenian
EAP180-1-1-90_094R.jpg,EAP180-1-1-90,1737,ok,382,389,1.0183,0.1178,armenian
EAP180-1-1-90_095L.jpg,EAP180-1-1-90,1737,ok,420,431,1.0262,0.2643,armenian
EAP180-1-1-90_095R.jpg,EAP180-1-1-90,1737,ok,465,456,0.9806,0.1914,armenian
EAP180-1-1-90_096R.jpg,EAP180-1-1-90,1737,ok,346,365,1.0549,0.2052,armenian
EAP180-1-1-90_097L.jpg,EAP180-1-1-90,1737,ok,414,443,1.0700,0.1522,armenian
EAP180-1-1-90_097R.jpg,EAP180-1-1-90,1737,ok,272,280,1.0294,0.1949,armenian
EAP180-1-1-90_098L.jpg,EAP180-1-1-90,1737,ok,362,353,0.9751,0.1961,armenian
EAP180-1-1-90_098R.jpg,EAP180-1-1-90,1737,ok,260,341,1.3115,0.3692,armenian
EAP180-1-1-90_099L.jpg,EAP180-1-1-90,1737,ok,315,356,1.1302,0.2857,armenian
EAP180-1-1-90_099R.jpg,EAP180-1-1-90,1737,ok,319,364,1.1411,0.2226,armenian
EAP180-1-1-90_100L.jpg,EAP180-1-1-90,1737,ok,304,360,1.1842,0.2763,armenian
EAP180-1-1-90_100R.jpg,EAP180-1-1-90,1737,ok,372,429,1.1532,0.2339,armenian
EAP180-1-1-90_101L.jpg,EAP180-1-1-90,1737,ok,302,361,1.1954,0.2881,armenian
EAP180-1-1-90_101R.jpg,EAP180-1-1-90,1737,ok,358,382,1.0670,0.1201,armenian
EAP180-1-1-90_102L.jpg,EAP180-1-1-90,1737,ok,352,379,1.0767,0.1705,armenian
EAP180-1-1-90_102R.jpg,EAP180-1-1-90,1737,ok,384,412,1.0729,0.4714,armenian
EAP180-1-1-90_103L.jpg,EAP180-1-1-90,1737,ok,347,399,1.1499,0.2277,armenian
EAP180-1-1-90_103R.jpg,EAP180-1-1-90,1737,ok,404,436,1.0792,0.1782,armenian
EAP180-1-1-90_104L.jpg,EAP180-1-1-90,1737,ok,328,368,1.1220,0.2195,armenian
EAP180-1-1-90_104R.jpg,EAP180-1-1-90,1737,ok,364,407,1.1181,0.2720,armenian
EAP180-1-1-90_105L.jpg,EAP180-1-1-90,1737,ok,327,379,1.1590,0.4037,armenian
EAP180-1-1-90_105R.jpg,EAP180-1-1-90,1737,ok,404,416,1.0297,0.1040,armenian
EAP180-1-1-90_106L.jpg,EAP180-1-1-90,1737,ok,382,435,1.1387,0.1963,armenian
EAP180-1-1-90_106R.jpg,EAP180-1-1-90,1737,ok,307,260,0.8469,0.1954,armenian
EAP180-1-1-90_107L.jpg,EAP180-1-1-90,1737,ok,370,427,1.1541,0.2108,armenian
EAP180-1-1-90_107R.jpg,EAP180-1-1-90,1737,ok,125,152,1.2160,0.2640,armenian
EAP180-1-1-90_108R.jpg,EAP180-1-1-90,1737,ok,337,375,1.1128,0.2404,armenian
EAP180-1-1-90_109L.jpg,EAP180-1-1-90,1737,ok,371,379,1.0216,0.1159,armenian
EAP180-1-1-90_109R.jpg,EAP180-1-1-90,1737,ok,272,329,1.2096,0.3346,armenian
EAP180-1-1-90_110R.jpg,EAP180-1-1-90,1737,ok,312,350,1.1218,0.2596,armenian
EAP180-1-1-90_111L.jpg,EAP180-1-1-90,1737,ok,368,394,1.0707,0.1467,armenian
EAP180-1-1-90_111R.jpg,EAP180-1-1-90,1737,ok,201,226,1.1244,0.3731,armenian
EAP180-1-1-90_112R.jpg,EAP180-1-1-90,1737,ok,309,342,1.1068,0.2718,armenian
EAP180-1-1-90_113L.jpg,EAP180-1-1-90,1737,ok,358,382,1.0670,0.2458,armenian
EAP180-1-1-90_113R.jpg,EAP180-1-1-90,1737,ok,207,228,1.1014,0.1498,armenian
EAP180-1-1-90_114L.jpg,EAP180-1-1-90,1737,ok,330,371,1.1242,0.1970,armenian
EAP180-1-1-90_114R.jpg,EAP180-1-1-90,1737,ok,323,337,1.0433,0.2260,armenian
EAP180-1-1-90_115L.jpg,EAP180-1-1-90,1737,too_short_ours,13,,,,armenian
EAP180-1-1-90_115R.jpg,EAP180-1-1-90,1737,ok,339,383,1.1298,0.2330,armenian
EAP180-1-1-90_116L.jpg,EAP180-1-1-90,1737,ok,367,402,1.0954,0.2779,armenian
EAP180-1-1-90_116R.jpg,EAP180-1-1-90,1737,ok,365,391,1.0712,0.1370,armenian
EAP180-1-1-90_117L.jpg,EAP180-1-1-90,1737,ok,370,387,1.0459,0.1054,armenian
EAP180-1-1-90_117R.jpg,EAP180-1-1-90,1737,ok,136,174,1.2794,1.0294,armenian
EAP180-1-1-90_118L.jpg,EAP180-1-1-90,1737,ok,351,375,1.0684,0.1453,armenian
EAP180-1-1-90_118R.jpg,EAP180-1-1-90,1737,ok,406,434,1.0690,0.1552,armenian
EAP180-1-1-90_119L.jpg,EAP180-1-1-90,1737,ok,335,374,1.1164,0.3881,armenian
EAP180-1-1-90_119R.jpg,EAP180-1-1-90,1737,ok,399,415,1.0401,0.1353,armenian
EAP180-1-1-90_120L.jpg,EAP180-1-1-90,1737,ok,301,338,1.1229,0.4219,armenian
EAP180-1-1-90_120R.jpg,EAP180-1-1-90,1737,ok,353,394,1.1161,0.1445,armenian
EAP180-1-1-90_121L.jpg,EAP180-1-1-90,1737,ok,365,345,0.9452,0.0932,armenian
EAP180-1-1-90_121R.jpg,EAP180-1-1-90,1737,ok,234,258,1.1026,0.2179,armenian
EAP180-1-1-90_122L.jpg,EAP180-1-1-90,1737,ok,366,416,1.1366,0.1885,armenian
EAP180-1-1-90_122R.jpg,EAP180-1-1-90,1737,ok,404,445,1.1015,0.1535,armenian
EAP180-1-1-90_123L.jpg,EAP180-1-1-90,1737,ok,173,252,1.4566,0.5376,armenian
EAP180-1-1-90_123R.jpg,EAP180-1-1-90,1737,ok,40,187,4.6750,3.7750,armenian
EAP180-1-1-90_124L.jpg,EAP180-1-1-90,1737,ok,155,177,1.1419,0.3677,armenian
EAP180-1-1-90_124R.jpg,EAP180-1-1-90,1737,ok,209,202,0.9665,0.3062,armenian
EAP180-1-1-90_125L.jpg,EAP180-1-1-90,1737,ok,175,229,1.3086,0.4743,armenian
EAP180-1-1-90_125R.jpg,EAP180-1-1-90,1737,ok,186,232,1.2473,0.5269,armenian
EAP180-1-1-90_126L.jpg,EAP180-1-1-90,1737,ok,193,210,1.0881,0.4145,armenian
EAP180-1-1-90_126R.jpg,EAP180-1-1-90,1737,ok,195,256,1.3128,0.5744,armenian
EAP180-1-1-90_127L.jpg,EAP180-1-1-90,1737,ok,192,207,1.0781,0.5469,armenian
EAP180-1-1-90_127R.jpg,EAP180-1-1-90,1737,ok,120,172,1.4333,0.5417,armenian
EAP180-1-1-90_128L.jpg,EAP180-1-1-90,1737,ok,284,299,1.0528,0.1585,armenian
EAP180-1-1-90_128R.jpg,EAP180-1-1-90,1737,ok,307,286,0.9316,0.1107,armenian
EAP180-1-2-229_002R.jpg,EAP180-1-2-229,1825,too_short_ours,22,,,,latin
EAP180-1-2-229_003R.jpg,EAP180-1-2-229,1825,too_short_ours,24,,,,latin
EAP180-1-2-229_004R.jpg,EAP180-1-2-229,1825,ok,83,32,0.3855,0.6988,latin
EAP180-1-2-229_005L.jpg,EAP180-1-2-229,1825,too_short_ours,0,,,,blank
EAP180-1-2-229_005R.jpg,EAP180-1-2-229,1825,too_short_ours,30,,,,armenian
EAP180-1-2-229_006L.jpg,EAP180-1-2-229,1825,ok,377,347,0.9204,0.1008,armenian
EAP180-1-2-229_006R.jpg,EAP180-1-2-229,1825,too_short_ours,6,,,,latin
EAP180-1-2-229_007L.jpg,EAP180-1-2-229,1825,ok,470,399,0.8489,0.1681,armenian
EAP180-1-2-229_007R.jpg,EAP180-1-2-229,1825,too_short_ours,0,,,,latin
EAP180-1-2-229_008L.jpg,EAP180-1-2-229,1825,ok,476,365,0.7668,0.2794,armenian
EAP180-1-2-229_008R.jpg,EAP180-1-2-229,1825,too_short_ours,0,,,,latin
EAP180-1-2-229_009L.jpg,EAP180-1-2-229,1825,ok,487,476,0.9774,0.0513,armenian
EAP180-1-2-229_009R.jpg,EAP180-1-2-229,1825,too_short_ours,0,,,,latin
EAP180-1-2-229_010L.jpg,EAP180-1-2-229,1825,ok,337,332,0.9852,0.0356,armenian
EAP180-1-2-229_010R.jpg,EAP180-1-2-229,1825,too_short_ours,37,,,,latin
EAP180-1-2-229_011L.jpg,EAP180-1-2-229,1825,ok,499,319,0.6393,0.4008,armenian
EAP180-1-2-229_011R.jpg,EAP180-1-2-229,1825,too_short_ours,0,,,,latin
EAP180-1-2-229_012L.jpg,EAP180-1-2-229,1825,ok,394,370,0.9391,0.0812,armenian
EAP180-1-2-229_012R.jpg,EAP180-1-2-229,1825,too_short_ours,0,,,,latin
EAP180-1-2-229_013L.jpg,EAP180-1-2-229,1825,ok,436,197,0.4518,0.5619,armenian
EAP180-1-2-229_013R.jpg,EAP180-1-2-229,1825,too_short_ours,0,,,,latin
EAP180-1-2-229_014L.jpg,EAP180-1-2-229,1825,ok,633,286,0.4518,0.5814,armenian
EAP180-1-2-229_014R.jpg,EAP180-1-2-229,1825,too_short_ours,0,,,,latin
EAP180-1-2-229_015L.jpg,EAP180-1-2-229,1825,ok,439,151,0.3440,0.6925,armenian
EAP180-1-2-229_015R.jpg,EAP180-1-2-229,1825,too_short_ours,0,,,,latin
EAP180-1-2-229_016L.jpg,EAP180-1-2-229,1825,ok,474,448,0.9451,0.1076,armenian
EAP180-1-2-229_016R.jpg,EAP180-1-2-229,1825,too_short_ours,0,,,,latin
EAP180-1-2-229_017L.jpg,EAP180-1-2-229,1825,ok,422,248,0.5877,0.4573,armenian
EAP180-1-2-229_017R.jpg,EAP180-1-2-229,1825,too_short_ours,0,,,,latin
EAP180-1-2-229_018L.jpg,EAP180-1-2-229,1825,ok,508,503,0.9902,0.0965,armenian
EAP180-1-2-229_018R.jpg,EAP180-1-2-229,1825,too_short_ours,0,,,,latin
EAP180-1-2-229_019L.jpg,EAP180-1-2-229,1825,ok,540,228,0.4222,0.5981,armenian
EAP180-1-2-229_019R.jpg,EAP180-1-2-229,1825,too_short_ours,0,,,,latin
EAP180-1-2-229_020L.jpg,EAP180-1-2-229,1825,ok,448,228,0.5089,0.5112,armenian
EAP180-1-2-229_020R.jpg,EAP180-1-2-229,1825,too_short_ours,0,,,,latin
EAP180-1-2-229_021L.jpg,EAP180-1-2-229,1825,ok,466,172,0.3691,0.6395,armenian
EAP180-1-2-229_021R.jpg,EAP180-1-2-229,1825,too_short_ours,5,,,,latin
EAP180-1-2-229_022L.jpg,EAP180-1-2-229,1825,ok,473,372,0.7865,0.2283,armenian
EAP180-1-2-229_022R.jpg,EAP180-1-2-229,1825,too_short_ours,0,,,,latin
EAP180-1-2-229_023L.jpg,EAP180-1-2-229,1825,ok,468,263,0.5620,0.4530,armenian
EAP180-1-2-229_023R.jpg,EAP180-1-2-229,1825,too_short_ours,0,,,,latin
EAP180-1-2-229_024L.jpg,EAP180-1-2-229,1825,ok,333,237,0.7117,0.3033,armenian
EAP180-1-2-229_024R.jpg,EAP180-1-2-229,1825,too_short_ours,3,,,,latin
EAP180-1-2-229_025L.jpg,EAP180-1-2-229,1825,ok,424,211,0.4976,0.5071,armenian
EAP180-1-2-229_025R.jpg,EAP180-1-2-229,1825,too_short_ours,0,,,,latin
EAP180-1-2-229_026L.jpg,EAP180-1-2-229,1825,ok,448,389,0.8683,0.2299,armenian
EAP180-1-2-229_026R.jpg,EAP180-1-2-229,1825,too_short_ours,0,,,,latin
EAP180-1-2-229_027L.jpg,EAP180-1-2-229,1825,ok,349,207,0.5931,0.4499,armenian
EAP180-1-2-229_027R.jpg,EAP180-1-2-229,1825,too_short_ours,0,,,,latin
EAP180-1-2-229_028L.jpg,EAP180-1-2-229,1825,ok,484,271,0.5599,0.4607,armenian
EAP180-1-2-229_028R.jpg,EAP180-1-2-229,1825,too_short_ours,0,,,,latin
EAP180-1-2-229_029L.jpg,EAP180-1-2-229,1825,ok,496,234,0.4718,0.5403,armenian
EAP180-1-2-229_029R.jpg,EAP180-1-2-229,1825,too_short_ours,0,,,,latin
EAP180-1-2-229_030L.jpg,EAP180-1-2-229,1825,ok,422,145,0.3436,0.6659,armenian
EAP180-1-2-229_030R.jpg,EAP180-1-2-229,1825,too_short_ours,0,,,,latin
EAP180-1-2-229_031L.jpg,EAP180-1-2-229,1825,ok,465,313,0.6731,0.3462,armenian
EAP180-1-2-229_031R.jpg,EAP180-1-2-229,1825,too_short_ours,0,,,,latin
EAP180-1-2-229_032L.jpg,EAP180-1-2-229,1825,ok,417,386,0.9257,0.0983,armenian
EAP180-1-2-229_032R.jpg,EAP180-1-2-229,1825,too_short_ours,0,,,,latin
EAP180-1-2-229_033L.jpg,EAP180-1-2-229,1825,ok,348,262,0.7529,0.2701,armenian
EAP180-1-2-229_033R.jpg,EAP180-1-2-229,1825,too_short_ours,0,,,,latin
EAP180-1-2-229_034L.jpg,EAP180-1-2-229,1825,ok,441,315,0.7143,0.3787,armenian
EAP180-1-2-229_034R.jpg,EAP180-1-2-229,1825,too_short_ours,0,,,,latin
EAP180-1-2-229_035L.jpg,EAP180-1-2-229,1825,ok,352,334,0.9489,0.0852,armenian
EAP180-1-2-229_035R.jpg,EAP180-1-2-229,1825,too_short_ours,0,,,,latin
EAP180-1-2-229_036L.jpg,EAP180-1-2-229,1825,ok,470,222,0.4723,0.6255,armenian
EAP180-1-2-229_036R.jpg,EAP180-1-2-229,1825,too_short_ours,0,,,,latin
EAP180-1-2-229_037L.jpg,EAP180-1-2-229,1825,ok,429,351,0.8182,0.2051,armenian
EAP180-1-2-229_037R.jpg,EAP180-1-2-229,1825,too_short_ours,0,,,,latin
EAP180-1-2-229_038L.jpg,EAP180-1-2-229,1825,ok,296,191,0.6453,0.5608,armenian
EAP180-1-2-229_038R.jpg,EAP180-1-2-229,1825,too_short_ours,0,,,,latin
EAP180-1-2-229_039L.jpg,EAP180-1-2-229,1825,ok,502,223,0.4442,0.6116,armenian
EAP180-1-2-229_039R.jpg,EAP180-1-2-229,1825,too_short_ours,0,,,,latin
EAP180-1-2-229_040L.jpg,EAP180-1-2-229,1825,ok,640,305,0.4766,0.5563,armenian
EAP180-1-2-229_040R.jpg,EAP180-1-2-229,1825,too_short_ours,0,,,,latin
EAP180-1-2-229_041L.jpg,EAP180-1-2-229,1825,ok,456,358,0.7851,0.2346,armenian
EAP180-1-2-229_041R.jpg,EAP180-1-2-229,1825,too_short_ours,0,,,,latin
EAP180-1-2-229_042L.jpg,EAP180-1-2-229,1825,ok,436,261,0.5986,0.4312,armenian
EAP180-1-2-229_042R.jpg,EAP180-1-2-229,1825,too_short_ours,0,,,,latin
EAP180-1-2-229_043L.jpg,EAP180-1-2-229,1825,ok,465,355,0.7634,0.2473,armenian
EAP180-1-2-229_043R.jpg,EAP180-1-2-229,1825,too_short_ours,0,,,,latin
EAP180-1-2-229_044L.jpg,EAP180-1-2-229,1825,ok,463,348,0.7516,0.2721,armenian
EAP180-1-2-229_044R.jpg,EAP180-1-2-229,1825,too_short_ours,0,,,,latin
EAP180-1-2-229_045L.jpg,EAP180-1-2-229,1825,ok,294,139,0.4728,0.5340,armenian
EAP180-1-2-229_045R.jpg,EAP180-1-2-229,1825,too_short_ours,0,,,,latin
EAP180-1-2-229_046L.jpg,EAP180-1-2-229,1825,ok,514,243,0.4728,0.5486,armenian
EAP180-1-2-229_046R.jpg,EAP180-1-2-229,1825,too_short_ours,0,,,,latin
EAP180-1-2-229_047L.jpg,EAP180-1-2-229,1825,ok,450,359,0.7978,0.2289,armenian
EAP180-1-2-229_047R.jpg,EAP180-1-2-229,1825,too_short_ours,0,,,,latin
EAP180-1-2-229_048L.jpg,EAP180-1-2-229,1825,ok,538,175,0.3253,0.7119,armenian
EAP180-1-2-229_048R.jpg,EAP180-1-2-229,1825,too_short_ours,0,,,,latin
EAP180-1-2-229_049L.jpg,EAP180-1-2-229,1825,ok,278,190,0.6835,0.3273,armenian
EAP180-1-2-229_049R.jpg,EAP180-1-2-229,1825,too_short_ours,0,,,,latin
EAP180-1-2-229_050L.jpg,EAP180-1-2-229,1825,ok,339,256,0.7552,0.2743,armenian
EAP180-1-2-229_050R.jpg,EAP180-1-2-229,1825,too_short_ours,0,,,,latin
EAP180-1-2-229_051L.jpg,EAP180-1-2-229,1825,ok,147,141,0.9592,0.1973,latin
EAP180-1-2-229_051R.jpg,EAP180-1-2-229,1825,ok,161,144,0.8944,0.1553,latin
EAP180-1-2-229_052L.jpg,EAP180-1-2-229,1825,ok,189,168,0.8889,0.1217,latin
EAP180-1-2-229_052R.jpg,EAP180-1-2-229,1825,ok,159,101,0.6352,0.4277,latin
EAP180-1-2-229_053L.jpg,EAP180-1-2-229,1825,too_short_ours,16,,,,latin
EAP180-1-2-229_053R.jpg,EAP180-1-2-229,1825,too_short_ours,0,,,,latin
EAP180-1-2-229_054R.jpg,EAP180-1-2-229,1825,too_short_ours,0,,,,latin
EAP180-1-2-163_001R.jpg,EAP180-1-2-163,1829,too_short_ours,37,,,,armenian
EAP180-1-2-163_002R.jpg,EAP180-1-2-163,1829,ok,233,193,0.8283,0.4034,armenian
EAP180-1-2-163_003L.jpg,EAP180-1-2-163,1829,ok,104,104,1.0000,0.1154,armenian
EAP180-1-2-163_003R.jpg,EAP180-1-2-163,1829,ok,474,479,1.0105,0.0295,armenian
EAP180-1-2-163_004L.jpg,EAP180-1-2-163,1829,ok,471,466,0.9894,0.0382,armenian
EAP180-1-2-163_004R.jpg,EAP180-1-2-163,1829,ok,516,516,1.0000,0.0136,armenian
EAP180-1-2-163_005L.jpg,EAP180-1-2-163,1829,ok,505,504,0.9980,0.0198,armenian
EAP180-1-2-163_005R.jpg,EAP180-1-2-163,1829,ok,462,434,0.9394,0.1320,armenian
EAP180-1-2-163_006L.jpg,EAP180-1-2-163,1829,ok,70,0,0.0000,1.0000,armenian
EAP180-1-2-163_006R.jpg,EAP180-1-2-163,1829,ok,477,447,0.9371,0.2767,armenian
EAP180-1-2-163_007L.jpg,EAP180-1-2-163,1829,ok,660,383,0.5803,0.4364,armenian
EAP180-1-2-163_007R.jpg,EAP180-1-2-163,1829,ok,678,527,0.7773,0.2434,armenian
EAP180-1-2-163_008L.jpg,EAP180-1-2-163,1829,ok,559,548,0.9803,0.0376,armenian
EAP180-1-2-163_008R.jpg,EAP180-1-2-163,1829,ok,572,566,0.9895,0.0752,armenian
EAP180-1-2-163_009L.jpg,EAP180-1-2-163,1829,ok,588,391,0.6650,0.4490,armenian
EAP180-1-2-163_009R.jpg,EAP180-1-2-163,1829,ok,587,538,0.9165,0.2504,armenian
EAP180-1-2-163_010L.jpg,EAP180-1-2-163,1829,ok,510,509,0.9980,0.0392,armenian
EAP180-1-2-163_010R.jpg,EAP180-1-2-163,1829,ok,493,431,0.8742,0.2353,armenian
EAP180-1-2-163_011L.jpg,EAP180-1-2-163,1829,ok,612,596,0.9739,0.0539,armenian
EAP180-1-2-163_011R.jpg,EAP180-1-2-163,1829,ok,461,456,0.9892,0.1410,armenian
EAP180-1-2-163_012L.jpg,EAP180-1-2-163,1829,ok,580,580,1.0000,0.0293,armenian
EAP180-1-2-163_012R.jpg,EAP180-1-2-163,1829,ok,509,506,0.9941,0.0275,armenian
EAP180-1-2-163_013L.jpg,EAP180-1-2-163,1829,ok,589,589,1.0000,0.0238,armenian
EAP180-1-2-163_013R.jpg,EAP180-1-2-163,1829,ok,472,475,1.0064,0.0254,armenian
EAP180-1-2-163_014L.jpg,EAP180-1-2-163,1829,ok,594,500,0.8418,0.2559,armenian
EAP180-1-2-163_014R.jpg,EAP180-1-2-163,1829,ok,622,599,0.9630,0.0579,armenian
EAP180-1-2-163_015L.jpg,EAP180-1-2-163,1829,ok,608,611,1.0049,0.0148,armenian
EAP180-1-2-163_015R.jpg,EAP180-1-2-163,1829,ok,576,577,1.0017,0.0191,armenian
EAP180-1-2-163_016L.jpg,EAP180-1-2-163,1829,ok,498,500,1.0040,0.0703,armenian
EAP180-1-2-163_016R.jpg,EAP180-1-2-163,1829,ok,579,579,1.0000,0.0155,armenian
EAP180-1-2-163_017L.jpg,EAP180-1-2-163,1829,ok,490,492,1.0041,0.0245,armenian
EAP180-1-2-163_017R.jpg,EAP180-1-2-163,1829,ok,634,632,0.9968,0.0284,armenian
EAP180-1-2-163_018L.jpg,EAP180-1-2-163,1829,ok,628,609,0.9697,0.0685,armenian
EAP180-1-2-163_018R.jpg,EAP180-1-2-163,1829,ok,658,670,1.0182,0.0289,armenian
EAP180-1-2-163_019L.jpg,EAP180-1-2-163,1829,ok,513,515,1.0039,0.0273,armenian
EAP180-1-2-163_019R.jpg,EAP180-1-2-163,1829,ok,630,634,1.0063,0.0460,armenian
EAP180-1-2-163_020L.jpg,EAP180-1-2-163,1829,ok,627,626,0.9984,0.0112,armenian
EAP180-1-2-163_020R.jpg,EAP180-1-2-163,1829,ok,487,490,1.0062,0.0164,armenian
EAP180-1-2-163_021L.jpg,EAP180-1-2-163,1829,ok,506,507,1.0020,0.0613,armenian
EAP180-1-2-163_021R.jpg,EAP180-1-2-163,1829,ok,640,640,1.0000,0.0172,armenian
EAP180-1-2-163_022L.jpg,EAP180-1-2-163,1829,ok,478,478,1.0000,0.0146,armenian
EAP180-1-2-163_022R.jpg,EAP180-1-2-163,1829,ok,640,609,0.9516,0.0766,armenian
EAP180-1-2-163_023L.jpg,EAP180-1-2-163,1829,ok,625,626,1.0016,0.0480,armenian
EAP180-1-2-163_023R.jpg,EAP180-1-2-163,1829,ok,503,501,0.9960,0.0358,armenian
EAP180-1-2-163_024L.jpg,EAP180-1-2-163,1829,ok,621,602,0.9694,0.1997,armenian
EAP180-1-2-163_024R.jpg,EAP180-1-2-163,1829,ok,641,642,1.0016,0.0203,armenian
EAP180-1-2-163_025L.jpg,EAP180-1-2-163,1829,ok,621,620,0.9984,0.0386,armenian
EAP180-1-2-163_025R.jpg,EAP180-1-2-163,1829,ok,645,647,1.0031,0.0217,armenian
EAP180-1-2-163_026L.jpg,EAP180-1-2-163,1829,ok,577,582,1.0087,0.0208,armenian
EAP180-1-2-163_026R.jpg,EAP180-1-2-163,1829,ok,615,305,0.4959,0.5463,armenian
EAP180-1-2-163_027L.jpg,EAP180-1-2-163,1829,ok,592,582,0.9831,0.0997,armenian
EAP180-1-2-163_027R.jpg,EAP180-1-2-163,1829,ok,628,488,0.7771,0.2564,armenian
EAP180-1-2-163_028L.jpg,EAP180-1-2-163,1829,ok,559,558,0.9982,0.1020,armenian
EAP180-1-2-163_028R.jpg,EAP180-1-2-163,1829,ok,609,599,0.9836,0.0263,armenian
EAP180-1-2-163_029L.jpg,EAP180-1-2-163,1829,ok,626,545,0.8706,0.3083,armenian
EAP180-1-2-163_029R.jpg,EAP180-1-2-163,1829,ok,607,545,0.8979,0.2323,armenian
EAP180-1-2-163_030L.jpg,EAP180-1-2-163,1829,ok,622,440,0.7074,0.3232,armenian
EAP180-1-2-163_030R.jpg,EAP180-1-2-163,1829,ok,482,426,0.8838,0.1867,armenian
EAP180-1-2-163_031L.jpg,EAP180-1-2-163,1829,ok,649,502,0.7735,0.3236,armenian
EAP180-1-2-163_031R.jpg,EAP180-1-2-163,1829,ok,549,525,0.9563,0.1111,armenian
EAP180-1-2-163_032L.jpg,EAP180-1-2-163,1829,ok,582,125,0.2148,0.7938,armenian
EAP180-1-2-163_032R.jpg,EAP180-1-2-163,1829,ok,655,575,0.8779,0.1450,armenian
EAP180-1-2-163_033L.jpg,EAP180-1-2-163,1829,ok,644,349,0.5419,0.5233,armenian
EAP180-1-2-163_033R.jpg,EAP180-1-2-163,1829,ok,489,301,0.6155,0.4847,armenian
EAP180-1-2-163_034L.jpg,EAP180-1-2-163,1829,ok,665,329,0.4947,0.5579,armenian
EAP180-1-2-163_034R.jpg,EAP180-1-2-163,1829,ok,570,574,1.0070,0.0316,armenian
EAP180-1-2-163_035L.jpg,EAP180-1-2-163,1829,ok,643,635,0.9876,0.0529,armenian
EAP180-1-2-163_035R.jpg,EAP180-1-2-163,1829,ok,641,657,1.0250,0.0608,armenian
EAP180-1-2-163_036L.jpg,EAP180-1-2-163,1829,ok,533,532,0.9981,0.0694,armenian
EAP180-1-2-163_036R.jpg,EAP180-1-2-163,1829,ok,576,581,1.0087,0.0347,armenian
EAP180-1-2-163_037L.jpg,EAP180-1-2-163,1829,ok,609,589,0.9672,0.1100,armenian
EAP180-1-2-163_037R.jpg,EAP180-1-2-163,1829,ok,641,640,0.9984,0.1357,armenian
EAP180-1-2-163_038L.jpg,EAP180-1-2-163,1829,ok,643,643,1.0000,0.0373,armenian
EAP180-1-2-163_038R.jpg,EAP180-1-2-163,1829,ok,477,480,1.0063,0.0356,armenian
EAP180-1-2-163_039L.jpg,EAP180-1-2-163,1829,ok,60,44,0.7333,0.4000,armenian
EAP180-1-2-163_039R.jpg,EAP180-1-2-163,1829,ok,463,435,0.9395,0.0994,armenian
EAP180-1-2-163_040L.jpg,EAP180-1-2-163,1829,ok,499,496,0.9940,0.0521,armenian
EAP180-1-2-163_040R.jpg,EAP180-1-2-163,1829,ok,573,594,1.0366,0.1518,armenian
EAP180-1-2-163_041L.jpg,EAP180-1-2-163,1829,ok,588,584,0.9932,0.0340,armenian
EAP180-1-2-163_041R.jpg,EAP180-1-2-163,1829,ok,558,548,0.9821,0.0251,armenian
EAP180-1-2-163_042L.jpg,EAP180-1-2-163,1829,ok,561,557,0.9929,0.1105,armenian
EAP180-1-2-163_042R.jpg,EAP180-1-2-163,1829,ok,665,630,0.9474,0.1038,armenian
EAP180-1-2-163_043L.jpg,EAP180-1-2-163,1829,ok,644,236,0.3665,0.6739,armenian
EAP180-1-2-163_043R.jpg,EAP180-1-2-163,1829,ok,490,396,0.8082,0.2184,armenian
EAP180-1-2-163_044L.jpg,EAP180-1-2-163,1829,ok,642,223,0.3474,0.6682,armenian
EAP180-1-2-163_044R.jpg,EAP180-1-2-163,1829,ok,513,432,0.8421,0.2671,armenian
EAP180-1-2-163_045L.jpg,EAP180-1-2-163,1829,ok,646,84,0.1300,0.8839,armenian
EAP180-1-2-163_045R.jpg,EAP180-1-2-163,1829,ok,640,257,0.4016,0.6312,armenian
EAP180-1-2-163_046L.jpg,EAP180-1-2-163,1829,ok,638,543,0.8511,0.1897,armenian
EAP180-1-2-163_046R.jpg,EAP180-1-2-163,1829,ok,531,470,0.8851,0.1318,armenian
EAP180-1-2-163_047L.jpg,EAP180-1-2-163,1829,ok,653,0,0.0000,1.0000,armenian
EAP180-1-2-163_047R.jpg,EAP180-1-2-163,1829,ok,654,128,0.1957,0.8119,armenian
EAP180-1-2-163_048L.jpg,EAP180-1-2-163,1829,ok,674,415,0.6157,0.4006,armenian
EAP180-1-2-163_048R.jpg,EAP180-1-2-163,1829,ok,542,403,0.7435,0.3137,armenian
EAP180-1-2-163_049L.jpg,EAP180-1-2-163,1829,ok,656,327,0.4985,0.5381,armenian
EAP180-1-2-163_049R.jpg,EAP180-1-2-163,1829,ok,647,387,0.5981,0.5023,armenian
EAP180-1-2-163_050L.jpg,EAP180-1-2-163,1829,ok,615,458,0.7447,0.4276,armenian
EAP180-1-2-163_050R.jpg,EAP180-1-2-163,1829,ok,524,544,1.0382,0.0630,armenian
EAP180-1-2-163_051L.jpg,EAP180-1-2-163,1829,ok,657,605,0.9209,0.1263,armenian
EAP180-1-2-163_051R.jpg,EAP180-1-2-163,1829,ok,660,576,0.8727,0.2242,armenian
EAP180-1-2-163_052L.jpg,EAP180-1-2-163,1829,ok,664,666,1.0030,0.0151,armenian
EAP180-1-2-163_052R.jpg,EAP180-1-2-163,1829,ok,586,587,1.0017,0.0307,armenian
EAP180-1-2-163_053L.jpg,EAP180-1-2-163,1829,ok,663,661,0.9970,0.0588,armenian
EAP180-1-2-163_053R.jpg,EAP180-1-2-163,1829,ok,636,637,1.0016,0.0267,armenian
EAP180-1-2-163_054L.jpg,EAP180-1-2-163,1829,ok,626,623,0.9952,0.0272,armenian
EAP180-1-2-163_054R.jpg,EAP180-1-2-163,1829,ok,524,526,1.0038,0.0286,armenian
EAP180-1-2-163_055L.jpg,EAP180-1-2-163,1829,ok,632,412,0.6519,0.3829,armenian
EAP180-1-2-163_055R.jpg,EAP180-1-2-163,1829,ok,664,602,0.9066,0.1205,armenian
EAP180-1-2-163_056L.jpg,EAP180-1-2-163,1829,ok,678,679,1.0015,0.1047,armenian
EAP180-1-2-163_056R.jpg,EAP180-1-2-163,1829,ok,650,651,1.0015,0.0169,armenian
EAP180-1-2-163_057L.jpg,EAP180-1-2-163,1829,ok,617,544,0.8817,0.1621,armenian
EAP180-1-2-163_057R.jpg,EAP180-1-2-163,1829,ok,654,619,0.9465,0.1024,armenian
EAP180-1-2-163_058L.jpg,EAP180-1-2-163,1829,ok,603,606,1.0050,0.0498,armenian
EAP180-1-2-163_058R.jpg,EAP180-1-2-163,1829,ok,658,664,1.0091,0.0304,armenian
EAP180-1-2-163_059L.jpg,EAP180-1-2-163,1829,ok,627,625,0.9968,0.0686,armenian
EAP180-1-2-163_059R.jpg,EAP180-1-2-163,1829,ok,627,629,1.0032,0.0223,armenian
EAP180-1-2-163_060L.jpg,EAP180-1-2-163,1829,ok,641,617,0.9626,0.1201,armenian
EAP180-1-2-163_060R.jpg,EAP180-1-2-163,1829,ok,616,614,0.9968,0.0341,armenian
EAP180-1-2-163_061L.jpg,EAP180-1-2-163,1829,ok,649,517,0.7966,0.2465,armenian
EAP180-1-2-163_061R.jpg,EAP180-1-2-163,1829,ok,616,621,1.0081,0.0308,armenian
EAP180-1-2-163_062L.jpg,EAP180-1-2-163,1829,ok,628,605,0.9634,0.0669,armenian
EAP180-1-2-163_062R.jpg,EAP180-1-2-163,1829,ok,636,626,0.9843,0.1352,armenian
EAP180-1-2-163_063L.jpg,EAP180-1-2-163,1829,ok,517,463,0.8956,0.1238,armenian
EAP180-1-2-163_063R.jpg,EAP180-1-2-163,1829,ok,651,606,0.9309,0.1444,armenian
EAP180-1-2-163_064L.jpg,EAP180-1-2-163,1829,ok,647,637,0.9845,0.0742,armenian
EAP180-1-2-163_064R.jpg,EAP180-1-2-163,1829,ok,657,649,0.9878,0.0426,armenian
EAP180-1-2-163_065L.jpg,EAP180-1-2-163,1829,ok,646,646,1.0000,0.0186,armenian
EAP180-1-2-163_065R.jpg,EAP180-1-2-163,1829,ok,652,533,0.8175,0.2899,armenian
EAP180-1-2-163_066L.jpg,EAP180-1-2-163,1829,ok,650,664,1.0215,0.0446,armenian
EAP180-1-2-163_066R.jpg,EAP180-1-2-163,1829,ok,650,650,1.0000,0.0231,armenian
EAP180-1-2-163_067L.jpg,EAP180-1-2-163,1829,ok,625,587,0.9392,0.0816,armenian
EAP180-1-2-163_067R.jpg,EAP180-1-2-163,1829,ok,653,659,1.0092,0.0260,armenian
EAP180-1-2-163_068L.jpg,EAP180-1-2-163,1829,ok,657,602,0.9163,0.0928,armenian
EAP180-1-2-163_068R.jpg,EAP180-1-2-163,1829,ok,637,609,0.9560,0.0597,armenian
EAP180-1-2-163_069L.jpg,EAP180-1-2-163,1829,ok,663,378,0.5701,0.4676,armenian
EAP180-1-2-163_069R.jpg,EAP180-1-2-163,1829,ok,647,648,1.0015,0.0757,armenian
EAP180-1-2-163_070L.jpg,EAP180-1-2-163,1829,ok,322,324,1.0062,0.1522,armenian
EAP180-1-2-163_070R.jpg,EAP180-1-2-163,1829,ok,606,566,0.9340,0.1947,armenian
EAP180-1-2-163_071L.jpg,EAP180-1-2-163,1829,ok,608,597,0.9819,0.0395,armenian
EAP180-1-2-163_071R.jpg,EAP180-1-2-163,1829,ok,623,595,0.9551,0.1252,armenian
EAP180-1-2-163_072L.jpg,EAP180-1-2-163,1829,ok,651,626,0.9616,0.0860,armenian
EAP180-1-2-163_072R.jpg,EAP180-1-2-163,1829,ok,424,412,0.9717,0.0495,armenian
EAP180-1-2-163_073L.jpg,EAP180-1-2-163,1829,ok,174,174,1.0000,0.0287,armenian
zham-012.png,zham,1848,ok,60,2,0.0333,0.9667,armenian
zham-014.png,zham,1848,ok,437,436,0.9977,0.0206,armenian
zham-015.png,zham,1848,ok,840,838,0.9976,0.0155,armenian
zham-016.png,zham,1848,ok,832,831,0.9988,0.0276,armenian
zham-017.png,zham,1848,ok,829,829,1.0000,0.0290,armenian
zham-018.png,zham,1848,ok,529,529,1.0000,0.0189,armenian
zham-019.png,zham,1848,ok,497,496,0.9980,0.0543,armenian
zham-020.png,zham,1848,ok,606,624,1.0297,0.0809,armenian
zham-021.png,zham,1848,ok,470,471,1.0021,0.0213,armenian
zham-022.png,zham,1848,ok,455,450,0.9890,0.0791,armenian
zham-023.png,zham,1848,ok,778,772,0.9923,0.0283,armenian
zham-024.png,zham,1848,ok,774,771,0.9961,0.0297,armenian
zham-025.png,zham,1848,ok,642,642,1.0000,0.0312,armenian
zham-026.png,zham,1848,ok,759,758,0.9987,0.0224,armenian
zham-027.png,zham,1848,ok,781,780,0.9987,0.0576,armenian
zham-028.png,zham,1848,ok,487,484,0.9938,0.0431,armenian
zham-029.png,zham,1848,ok,578,580,1.0035,0.0623,armenian
zham-030.png,zham,1848,ok,361,348,0.9640,0.0942,armenian
zham-031.png,zham,1848,ok,614,613,0.9984,0.0261,armenian
zham-032.png,zham,1848,ok,643,636,0.9891,0.0249,armenian
zham-033.png,zham,1848,ok,644,640,0.9938,0.0326,armenian
zham-034.png,zham,1848,ok,652,645,0.9893,0.0598,armenian
zham-035.png,zham,1848,ok,716,716,1.0000,0.0084,armenian
zham-036.png,zham,1848,ok,592,594,1.0034,0.0473,armenian
zham-037.png,zham,1848,ok,419,402,0.9594,0.2387,armenian
zham-038.png,zham,1848,ok,513,474,0.9240,0.2632,armenian
zham-039.png,zham,1848,ok,454,449,0.9890,0.1960,armenian
zham-040.png,zham,1848,ok,563,556,0.9876,0.1048,armenian
zham-041.png,zham,1848,ok,657,649,0.9878,0.0639,armenian
zham-042.png,zham,1848,ok,531,509,0.9586,0.1412,armenian
zham-043.png,zham,1848,ok,546,553,1.0128,0.0366,armenian
zham-044.png,zham,1848,ok,634,635,1.0016,0.0363,armenian
zham-045.png,zham,1848,ok,415,414,0.9976,0.2217,armenian
zham-046.png,zham,1848,ok,515,489,0.9495,0.2291,armenian
zham-047.png,zham,1848,ok,453,454,1.0022,0.2053,armenian
zham-048.png,zham,1848,ok,563,578,1.0266,0.1083,armenian
zham-049.png,zham,1848,ok,657,654,0.9954,0.0563,armenian
zham-050.png,zham,1848,ok,531,508,0.9567,0.1375,armenian
zham-051.png,zham,1848,ok,547,548,1.0018,0.0384,armenian
zham-052.png,zham,1848,ok,634,637,1.0047,0.0315,armenian
zham-053.png,zham,1848,ok,605,606,1.0017,0.0298,armenian
zham-054.png,zham,1848,ok,507,505,0.9961,0.0513,armenian
zham-055.png,zham,1848,ok,727,729,1.0028,0.0303,armenian
zham-056.png,zham,1848,ok,549,546,0.9945,0.0601,armenian
zham-057.png,zham,1848,ok,774,772,0.9974,0.0220,armenian
zham-058.png,zham,1848,ok,419,417,0.9952,0.1050,armenian
zham-059.png,zham,1848,ok,647,646,0.9985,0.0371,armenian
zham-060.png,zham,1848,ok,490,492,1.0041,0.0429,armenian
zham-061.png,zham,1848,ok,580,582,1.0034,0.0397,armenian
zham-062.png,zham,1848,ok,515,529,1.0272,0.0544,armenian
zham-063.png,zham,1848,ok,621,623,1.0032,0.0290,armenian
zham-064.png,zham,1848,ok,553,534,0.9656,0.0995,armenian
zham-065.png,zham,1848,ok,509,511,1.0039,0.0354,armenian
zham-066.png,zham,1848,ok,658,662,1.0061,0.0274,armenian
zham-067.png,zham,1848,ok,491,485,0.9878,0.0652,armenian
zham-068.png,zham,1848,ok,502,489,0.9741,0.0857,armenian
zham-069.png,zham,1848,ok,542,517,0.9539,0.1458,armenian
zham-070.png,zham,1848,ok,511,504,0.9863,0.1037,armenian
zham-071.png,zham,1848,ok,613,599,0.9772,0.0636,armenian
zham-072.png,zham,1848,ok,378,366,0.9683,0.0741,armenian
zham-073.png,zham,1848,ok,431,430,0.9977,0.0394,armenian
zham-074.png,zham,1848,ok,560,553,0.9875,0.0429,armenian
zham-075.png,zham,1848,ok,522,514,0.9847,0.0517,armenian
zham-076.png,zham,1848,ok,447,453,1.0134,0.0761,armenian
zham-077.png,zham,1848,ok,446,447,1.0022,0.0426,armenian
zham-078.png,zham,1848,ok,467,469,1.0043,0.0428,armenian
zham-079.png,zham,1848,ok,333,332,0.9970,0.0901,armenian
zham-080.png,zham,1848,ok,484,485,1.0021,0.0475,armenian
zham-081.png,zham,1848,ok,671,665,0.9911,0.0432,armenian
zham-082.png,zham,1848,ok,445,438,0.9843,0.1303,armenian
zham-083.png,zham,1848,ok,651,653,1.0031,0.0215,armenian
zham-084.png,zham,1848,ok,394,391,0.9924,0.0431,armenian
zham-085.png,zham,1848,ok,642,639,0.9953,0.0389,armenian
zham-086.png,zham,1848,ok,518,516,0.9961,0.0541,armenian
zham-087.png,zham,1848,ok,600,600,1.0000,0.0417,armenian
zham-088.png,zham,1848,ok,570,567,0.9947,0.0404,armenian
zham-089.png,zham,1848,ok,437,434,0.9931,0.0755,armenian
zham-090.png,zham,1848,ok,657,657,1.0000,0.0183,armenian
zham-091.png,zham,1848,ok,422,407,0.9645,0.1019,armenian
zham-092.png,zham,1848,ok,663,658,0.9925,0.0317,armenian
zham-093.png,zham,1848,ok,399,400,1.0025,0.0125,armenian
zham-094.png,zham,1848,ok,407,409,1.0049,0.0221,armenian
zham-095.png,zham,1848,ok,499,498,0.9980,0.0421,armenian
zham-096.png,zham,1848,ok,576,577,1.0017,0.0260,armenian
zham-097.png,zham,1848,ok,523,525,1.0038,0.0306,armenian
zham-098.png,zham,1848,ok,460,453,0.9848,0.0587,armenian
zham-099.png,zham,1848,ok,465,464,0.9978,0.0258,armenian
zham-100.png,zham,1848,ok,706,706,1.0000,0.0666,armenian
zham-101.png,zham,1848,ok,566,565,0.9982,0.0106,armenian
zham-102.png,zham,1848,ok,638,637,0.9984,0.0078,armenian
zham-103.png,zham,1848,ok,594,595,1.0017,0.0253,armenian
zham-104.png,zham,1848,ok,597,596,0.9983,0.0134,armenian
zham-105.png,zham,1848,ok,577,573,0.9931,0.0191,armenian
zham-106.png,zham,1848,ok,604,604,1.0000,0.0199,armenian
zham-107.png,zham,1848,ok,572,570,0.9965,0.0332,armenian
zham-108.png,zham,1848,ok,630,630,1.0000,0.0127,armenian
zham-109.png,zham,1848,ok,440,438,0.9955,0.0341,armenian
zham-110.png,zham,1848,ok,465,462,0.9935,0.0323,armenian
zham-111.png,zham,1848,ok,811,808,0.9963,0.0160,armenian
zham-112.png,zham,1848,ok,564,560,0.9929,0.0195,armenian
zham-113.png,zham,1848,ok,565,569,1.0071,0.0142,armenian
zham-114.png,zham,1848,ok,798,800,1.0025,0.0138,armenian
zham-115.png,zham,1848,ok,553,547,0.9892,0.0307,armenian
zham-116.png,zham,1848,ok,811,815,1.0049,0.0271,armenian
zham-117.png,zham,1848,ok,501,499,0.9960,0.0399,armenian
zham-118.png,zham,1848,ok,650,642,0.9877,0.0631,armenian
zham-119.png,zham,1848,ok,598,587,0.9816,0.0652,armenian
zham-120.png,zham,1848,ok,635,638,1.0047,0.0236,armenian
zham-121.png,zham,1848,ok,597,592,0.9916,0.0586,armenian
zham-122.png,zham,1848,ok,634,629,0.9921,0.0599,armenian
zham-123.png,zham,1848,ok,599,587,0.9800,0.0467,armenian
zham-124.png,zham,1848,ok,629,633,1.0064,0.0429,armenian
zham-125.png,zham,1848,ok,663,665,1.0030,0.0211,armenian
zham-126.png,zham,1848,ok,505,518,1.0257,0.1822,armenian
zham-127.png,zham,1848,ok,549,557,1.0146,0.1129,armenian
zham-128.png,zham,1848,ok,555,527,0.9495,0.2396,armenian
zham-129.png,zham,1848,ok,523,505,0.9656,0.1644,armenian
zham-131.png,zham,1848,ok,548,521,0.9507,0.1460,armenian
zham-132.png,zham,1848,ok,601,595,0.9900,0.0300,armenian
zham-133.png,zham,1848,ok,696,699,1.0043,0.0747,armenian
zham-134.png,zham,1848,ok,398,396,0.9950,0.0352,armenian
zham-135.png,zham,1848,ok,419,416,0.9928,0.0334,armenian
zham-136.png,zham,1848,ok,494,486,0.9838,0.0547,armenian
zham-137.png,zham,1848,ok,680,681,1.0015,0.0147,armenian
zham-138.png,zham,1848,ok,561,555,0.9893,0.0517,armenian
zham-139.png,zham,1848,ok,548,523,0.9544,0.1387,armenian
zham-140.png,zham,1848,ok,601,598,0.9950,0.0333,armenian
zham-141.png,zham,1848,ok,683,695,1.0176,0.1083,armenian
zham-142.png,zham,1848,ok,398,397,0.9975,0.0327,armenian
zham-143.png,zham,1848,ok,419,415,0.9905,0.0430,armenian
zham-144.png,zham,1848,ok,494,483,0.9777,0.0405,armenian
zham-145.png,zham,1848,ok,680,678,0.9971,0.0235,armenian
zham-146.png,zham,1848,ok,561,551,0.9822,0.0392,armenian
zham-147.png,zham,1848,ok,608,605,0.9951,0.0345,armenian
zham-148.png,zham,1848,ok,653,656,1.0046,0.0199,armenian
zham-149.png,zham,1848,ok,596,589,0.9883,0.0352,armenian
zham-150.png,zham,1848,ok,748,748,1.0000,0.0107,armenian
zham-151.png,zham,1848,ok,520,515,0.9904,0.0385,armenian
zham-152.png,zham,1848,ok,715,713,0.9972,0.0154,armenian
zham-153.png,zham,1848,ok,429,426,0.9930,0.1026,armenian
zham-154.png,zham,1848,ok,564,558,0.9894,0.1578,armenian
zham-155.png,zham,1848,ok,563,534,0.9485,0.1314,armenian
zham-156.png,zham,1848,ok,579,568,0.9810,0.1313,armenian
zham-157.png,zham,1848,ok,579,580,1.0017,0.0639,armenian
zham-158.png,zham,1848,ok,589,593,1.0068,0.0509,armenian
zham-159.png,zham,1848,ok,589,559,0.9491,0.1392,armenian
zham-160.png,zham,1848,ok,629,625,0.9936,0.0556,armenian
zham-161.png,zham,1848,ok,508,495,0.9744,0.1535,armenian
zham-162.png,zham,1848,ok,555,543,0.9784,0.1225,armenian
zham-163.png,zham,1848,ok,638,619,0.9702,0.1818,armenian
zham-164.png,zham,1848,ok,533,537,1.0075,0.1295,armenian
zham-165.png,zham,1848,ok,537,546,1.0168,0.1210,armenian
zham-166.png,zham,1848,ok,578,575,0.9948,0.0848,armenian
zham-167.png,zham,1848,ok,551,544,0.9873,0.1234,armenian
zham-168.png,zham,1848,ok,563,552,0.9805,0.1350,armenian
zham-169.png,zham,1848,ok,560,544,0.9714,0.1339,armenian
zham-170.png,zham,1848,ok,519,478,0.9210,0.1773,armenian
zham-171.png,zham,1848,ok,539,544,1.0093,0.1299,armenian
zham-172.png,zham,1848,ok,484,468,0.9669,0.0992,armenian
zham-173.png,zham,1848,ok,419,416,0.9928,0.1002,armenian
zham-174.png,zham,1848,ok,507,501,0.9882,0.0730,armenian
zham-175.png,zham,1848,ok,531,528,0.9944,0.0320,armenian
zham-176.png,zham,1848,ok,506,500,0.9881,0.0534,armenian
zham-177.png,zham,1848,ok,492,488,0.9919,0.0528,armenian
zham-178.png,zham,1848,ok,544,537,0.9871,0.0607,armenian
zham-179.png,zham,1848,ok,465,457,0.9828,0.0366,armenian
zham-180.png,zham,1848,ok,471,460,0.9766,0.0722,armenian
zham-181.png,zham,1848,ok,446,434,0.9731,0.0942,armenian
zham-182.png,zham,1848,ok,477,468,0.9811,0.0566,armenian
zham-183.png,zham,1848,ok,420,421,1.0024,0.0690,armenian
zham-184.png,zham,1848,ok,530,532,1.0038,0.0340,armenian
zham-185.png,zham,1848,ok,549,550,1.0018,0.0219,armenian
zham-186.png,zham,1848,ok,493,490,0.9939,0.0487,armenian
zham-187.png,zham,1848,ok,543,541,0.9963,0.0442,armenian
zham-188.png,zham,1848,ok,435,431,0.9908,0.0667,armenian
zham-189.png,zham,1848,ok,507,509,1.0039,0.0789,armenian
zham-190.png,zham,1848,ok,502,497,0.9900,0.1135,armenian
zham-191.png,zham,1848,ok,505,504,0.9980,0.0139,armenian
zham-192.png,zham,1848,ok,443,434,0.9797,0.0880,armenian
zham-193.png,zham,1848,ok,477,477,1.0000,0.0189,armenian
zham-194.png,zham,1848,ok,508,511,1.0059,0.0217,armenian
zham-195.png,zham,1848,ok,530,526,0.9925,0.0623,armenian
zham-196.png,zham,1848,ok,496,498,1.0040,0.0242,armenian
zham-197.png,zham,1848,ok,441,439,0.9955,0.0317,armenian
zham-198.png,zham,1848,ok,514,513,0.9981,0.0292,armenian
zham-199.png,zham,1848,ok,475,491,1.0337,0.0400,armenian
zham-200.png,zham,1848,ok,498,498,1.0000,0.0301,armenian
zham-201.png,zham,1848,ok,544,535,0.9835,0.0533,armenian
zham-202.png,zham,1848,ok,499,489,0.9800,0.0862,armenian
zham-203.png,zham,1848,ok,419,416,0.9928,0.1408,armenian
zham-204.png,zham,1848,ok,431,423,0.9814,0.0905,armenian
zham-205.png,zham,1848,ok,409,402,0.9829,0.0513,armenian
zham-206.png,zham,1848,ok,506,503,0.9941,0.0296,armenian
zham-207.png,zham,1848,ok,446,440,0.9865,0.0673,armenian
zham-208.png,zham,1848,ok,506,500,0.9881,0.0791,armenian
zham-209.png,zham,1848,ok,357,352,0.9860,0.0280,armenian
zham-210.png,zham,1848,ok,496,495,0.9980,0.0222,armenian
zham-211.png,zham,1848,ok,261,263,1.0077,0.0575,armenian
zham-212.png,zham,1848,ok,396,387,0.9773,0.0581,armenian
zham-213.png,zham,1848,ok,493,495,1.0041,0.0203,armenian
zham-214.png,zham,1848,ok,683,683,1.0000,0.0088,armenian
zham-215.png,zham,1848,ok,745,744,0.9987,0.0349,armenian
zham-216.png,zham,1848,ok,719,721,1.0028,0.0125,armenian
zham-217.png,zham,1848,ok,752,752,1.0000,0.0066,armenian
zham-218.png,zham,1848,ok,443,444,1.0023,0.0790,armenian
zham-219.png,zham,1848,ok,468,456,0.9744,0.1218,armenian
zham-220.png,zham,1848,ok,426,413,0.9695,0.1808,armenian
zham-221.png,zham,1848,ok,508,490,0.9646,0.1339,armenian
zham-222.png,zham,1848,ok,468,464,0.9915,0.1261,armenian
zham-223.png,zham,1848,ok,489,487,0.9959,0.0879,armenian
zham-224.png,zham,1848,ok,482,477,0.9896,0.0747,armenian
zham-225.png,zham,1848,ok,478,474,0.9916,0.1088,armenian
zham-226.png,zham,1848,ok,482,473,0.9813,0.0498,armenian
zham-227.png,zham,1848,ok,471,468,0.9936,0.0170,armenian
zham-228.png,zham,1848,ok,492,499,1.0142,0.0996,armenian
zham-229.png,zham,1848,ok,634,636,1.0032,0.0174,armenian
zham-230.png,zham,1848,ok,586,584,0.9966,0.0256,armenian
zham-231.png,zham,1848,ok,387,387,1.0000,0.0724,armenian
zham-232.png,zham,1848,ok,464,464,1.0000,0.0862,armenian
zham-233.png,zham,1848,ok,385,387,1.0052,0.0545,armenian
zham-234.png,zham,1848,ok,388,341,0.8789,0.2500,armenian
zham-235.png,zham,1848,ok,476,466,0.9790,0.1134,armenian
zham-236.png,zham,1848,ok,472,472,1.0000,0.0572,armenian
zham-237.png,zham,1848,ok,515,515,1.0000,0.0388,armenian
zham-238.png,zham,1848,ok,389,414,1.0643,0.1183,armenian
zham-239.png,zham,1848,ok,334,322,0.9641,0.2994,armenian
zham-240.png,zham,1848,ok,357,357,1.0000,0.0868,armenian
zham-241.png,zham,1848,ok,784,782,0.9974,0.0191,armenian
zham-242.png,zham,1848,ok,675,663,0.9822,0.0356,armenian
zham-243.png,zham,1848,ok,476,474,0.9958,0.1155,armenian
zham-244.png,zham,1848,ok,472,471,0.9979,0.0487,armenian
zham-245.png,zham,1848,ok,515,518,1.0058,0.0330,armenian
zham-246.png,zham,1848,ok,387,428,1.1059,0.1447,armenian
zham-247.png,zham,1848,ok,319,277,0.8683,0.4984,armenian
zham-248.png,zham,1848,ok,357,350,0.9804,0.0700,armenian
zham-249.png,zham,1848,ok,784,773,0.9860,0.0319,armenian
zham-250.png,zham,1848,ok,675,667,0.9881,0.0385,armenian
zham-251.png,zham,1848,ok,584,584,1.0000,0.0205,armenian
zham-252.png,zham,1848,ok,634,632,0.9968,0.0347,armenian
zham-253.png,zham,1848,ok,584,576,0.9863,0.1062,armenian
zham-254.png,zham,1848,ok,732,726,0.9918,0.0437,armenian
zham-255.png,zham,1848,ok,593,582,0.9815,0.0641,armenian
zham-256.png,zham,1848,ok,784,782,0.9974,0.0293,armenian
zham-257.png,zham,1848,ok,623,611,0.9807,0.0947,armenian
zham-258.png,zham,1848,ok,417,368,0.8825,0.3477,armenian
zham-259.png,zham,1848,ok,362,368,1.0166,0.1464,armenian
zham-260.png,zham,1848,ok,436,435,0.9977,0.1514,armenian
zham-261.png,zham,1848,ok,642,640,0.9969,0.0717,armenian
zham-262.png,zham,1848,ok,579,579,1.0000,0.0432,armenian
zham-263.png,zham,1848,ok,648,648,1.0000,0.0046,armenian
zham-264.png,zham,1848,ok,414,407,0.9831,0.0918,armenian
zham-265.png,zham,1848,ok,515,494,0.9592,0.1709,armenian
zham-266.png,zham,1848,ok,454,431,0.9493,0.1696,armenian
zham-267.png,zham,1848,ok,446,464,1.0404,0.0830,armenian
zham-268.png,zham,1848,ok,474,465,0.9810,0.1392,armenian
zham-269.png,zham,1848,ok,603,599,0.9934,0.0365,armenian
zham-270.png,zham,1848,ok,516,502,0.9729,0.1163,armenian
zham-271.png,zham,1848,ok,648,641,0.9892,0.0293,armenian
zham-272.png,zham,1848,ok,659,666,1.0106,0.0152,armenian
zham-273.png,zham,1848,ok,406,386,0.9507,0.1773,armenian
zham-274.png,zham,1848,ok,434,446,1.0276,0.2373,armenian
zham-275.png,zham,1848,ok,457,458,1.0022,0.0656,armenian
zham-276.png,zham,1848,ok,419,407,0.9714,0.1265,armenian
zham-277.png,zham,1848,ok,507,511,1.0079,0.0927,armenian
zham-278.png,zham,1848,ok,429,420,0.9790,0.1538,armenian
zham-279.png,zham,1848,ok,467,455,0.9743,0.1627,armenian
zham-280.png,zham,1848,ok,504,509,1.0099,0.0456,armenian
zham-281.png,zham,1848,ok,684,679,0.9927,0.0658,armenian
zham-282.png,zham,1848,ok,602,603,1.0017,0.0382,armenian
zham-283.png,zham,1848,ok,387,373,0.9638,0.1447,armenian
zham-284.png,zham,1848,ok,491,480,0.9776,0.1609,armenian
zham-285.png,zham,1848,ok,328,302,0.9207,0.3018,armenian
zham-286.png,zham,1848,ok,435,406,0.9333,0.2253,armenian
zham-287.png,zham,1848,ok,403,407,1.0099,0.1241,armenian
zham-288.png,zham,1848,ok,477,471,0.9874,0.1027,armenian
zham-289.png,zham,1848,ok,455,476,1.0462,0.1714,armenian
zham-290.png,zham,1848,ok,413,416,1.0073,0.1743,armenian
zham-291.png,zham,1848,ok,362,351,0.9696,0.1160,armenian
zham-292.png,zham,1848,ok,343,331,0.9650,0.0933,armenian
zham-293.png,zham,1848,ok,396,390,0.9848,0.1439,armenian
zham-294.png,zham,1848,ok,425,410,0.9647,0.2471,armenian
zham-295.png,zham,1848,ok,496,505,1.0181,0.0907,armenian
zham-296.png,zham,1848,ok,688,688,1.0000,0.0233,armenian
zham-297.png,zham,1848,ok,553,540,0.9765,0.0579,armenian
zham-298.png,zham,1848,ok,486,465,0.9568,0.1358,armenian
zham-299.png,zham,1848,ok,662,667,1.0076,0.0498,armenian
zham-300.png,zham,1848,ok,636,632,0.9937,0.0881,armenian
zham-301.png,zham,1848,ok,591,598,1.0118,0.0829,armenian
zham-302.png,zham,1848,ok,561,553,0.9857,0.0588,armenian
zham-303.png,zham,1848,ok,624,623,0.9984,0.0577,armenian
zham-304.png,zham,1848,ok,610,606,0.9934,0.0377,armenian
zham-305.png,zham,1848,ok,695,695,1.0000,0.0173,armenian
zham-306.png,zham,1848,ok,518,513,0.9903,0.0521,armenian
zham-307.png,zham,1848,ok,320,317,0.9906,0.0656,armenian
zham-308.png,zham,1848,ok,421,416,0.9881,0.0713,armenian
zham-309.png,zham,1848,ok,531,526,0.9906,0.0697,armenian
zham-310.png,zham,1848,ok,484,482,0.9959,0.0599,armenian
zham-311.png,zham,1848,ok,493,491,0.9959,0.0325,armenian
zham-312.png,zham,1848,ok,530,522,0.9849,0.0396,armenian
zham-313.png,zham,1848,ok,558,556,0.9964,0.0484,armenian
zham-314.png,zham,1848,ok,534,531,0.9944,0.0449,armenian
zham-315.png,zham,1848,ok,632,633,1.0016,0.0174,armenian
zham-316.png,zham,1848,ok,626,630,1.0064,0.0703,armenian
zham-317.png,zham,1848,ok,558,542,0.9713,0.0860,armenian
zham-318.png,zham,1848,ok,495,499,1.0081,0.0929,armenian
zham-319.png,zham,1848,ok,598,589,0.9849,0.0619,armenian
zham-320.png,zham,1848,ok,489,468,0.9571,0.1656,armenian
zham-321.png,zham,1848,ok,522,503,0.9636,0.1034,armenian
zham-322.png,zham,1848,ok,450,431,0.9578,0.1489,armenian
zham-323.png,zham,1848,ok,543,517,0.9521,0.1750,armenian
zham-324.png,zham,1848,ok,682,671,0.9839,0.0997,armenian
zham-325.png,zham,1848,ok,619,616,0.9952,0.0388,armenian
zham-326.png,zham,1848,ok,628,629,1.0016,0.0175,armenian
zham-327.png,zham,1848,ok,572,566,0.9895,0.0507,armenian
zham-328.png,zham,1848,ok,594,583,0.9815,0.0623,armenian
zham-329.png,zham,1848,ok,745,748,1.0040,0.0376,armenian
zham-330.png,zham,1848,ok,647,648,1.0015,0.0386,armenian
zham-331.png,zham,1848,ok,626,625,0.9984,0.0192,armenian
zham-332.png,zham,1848,ok,717,717,1.0000,0.0209,armenian
zham-333.png,zham,1848,ok,595,624,1.0487,0.0672,armenian
zham-334.png,zham,1848,ok,672,675,1.0045,0.0193,armenian
zham-335.png,zham,1848,ok,583,582,0.9983,0.0274,armenian
zham-336.png,zham,1848,ok,707,707,1.0000,0.0099,armenian
zham-337.png,zham,1848,ok,621,620,0.9984,0.0209,armenian
zham-338.png,zham,1848,ok,632,629,0.9953,0.0285,armenian
zham-339.png,zham,1848,ok,443,440,0.9932,0.0587,armenian
zham-340.png,zham,1848,ok,635,619,0.9748,0.1260,armenian
zham-341.png,zham,1848,ok,505,488,0.9663,0.1168,armenian
zham-342.png,zham,1848,ok,632,632,1.0000,0.0649,armenian
zham-343.png,zham,1848,ok,495,502,1.0141,0.0747,armenian
zham-344.png,zham,1848,ok,616,622,1.0097,0.0584,armenian
zham-345.png,zham,1848,ok,550,554,1.0073,0.0764,armenian
zham-346.png,zham,1848,ok,540,514,0.9519,0.1444,armenian
zham-347.png,zham,1848,ok,595,599,1.0067,0.0319,armenian
zham-348.png,zham,1848,ok,541,513,0.9482,0.1349,armenian
zham-349.png,zham,1848,ok,633,627,0.9905,0.0774,armenian
zham-350.png,zham,1848,ok,563,558,0.9911,0.0710,armenian
zham-351.png,zham,1848,ok,495,504,1.0182,0.0848,armenian
zham-352.png,zham,1848,ok,616,623,1.0114,0.0731,armenian
zham-353.png,zham,1848,ok,550,556,1.0109,0.0600,armenian
zham-354.png,zham,1848,ok,535,526,0.9832,0.1327,armenian
zham-355.png,zham,1848,ok,595,601,1.0101,0.0319,armenian
zham-356.png,zham,1848,ok,538,538,1.0000,0.0874,armenian
zham-357.png,zham,1848,ok,633,635,1.0032,0.0964,armenian
zham-358.png,zham,1848,ok,565,569,1.0071,0.0619,armenian
zham-359.png,zham,1848,ok,521,519,0.9962,0.0422,armenian
zham-360.png,zham,1848,ok,410,398,0.9707,0.0756,armenian
zham-361.png,zham,1848,ok,483,463,0.9586,0.1863,armenian
zham-362.png,zham,1848,ok,616,612,0.9935,0.0536,armenian
zham-363.png,zham,1848,ok,687,691,1.0058,0.0189,armenian
zham-364.png,zham,1848,ok,503,494,0.9821,0.1610,armenian
zham-365.png,zham,1848,ok,526,486,0.9240,0.2319,armenian
zham-366.png,zham,1848,ok,512,512,1.0000,0.0762,armenian
zham-367.png,zham,1848,ok,586,586,1.0000,0.0239,armenian
zham-368.png,zham,1848,ok,660,656,0.9939,0.0394,armenian
zham-369.png,zham,1848,ok,557,540,0.9695,0.0700,armenian
zham-370.png,zham,1848,ok,493,463,0.9391,0.1765,armenian
zham-371.png,zham,1848,ok,490,490,1.0000,0.0633,armenian
zham-372.png,zham,1848,ok,571,569,0.9965,0.0315,armenian
zham-373.png,zham,1848,ok,611,610,0.9984,0.0262,armenian
zham-374.png,zham,1848,ok,656,653,0.9954,0.0152,armenian
zham-375.png,zham,1848,ok,581,587,1.0103,0.0895,armenian
zham-376.png,zham,1848,ok,464,449,0.9677,0.1703,armenian
zham-377.png,zham,1848,ok,647,645,0.9969,0.0170,armenian
zham-378.png,zham,1848,ok,395,379,0.9595,0.1038,armenian
zham-379.png,zham,1848,ok,645,645,1.0000,0.0093,armenian
zham-380.png,zham,1848,ok,546,543,0.9945,0.0275,armenian
zham-381.png,zham,1848,ok,570,567,0.9947,0.0228,armenian
zham-382.png,zham,1848,ok,723,724,1.0014,0.0290,armenian
zham-383.png,zham,1848,ok,738,739,1.0014,0.0176,armenian
zham-384.png,zham,1848,ok,560,558,0.9964,0.0304,armenian
zham-385.png,zham,1848,ok,515,515,1.0000,0.0388,armenian
zham-386.png,zham,1848,ok,604,600,0.9934,0.0331,armenian
zham-387.png,zham,1848,ok,610,611,1.0016,0.0246,armenian
zham-388.png,zham,1848,ok,381,357,0.9370,0.1129,armenian
zham-389.png,zham,1848,ok,563,562,0.9982,0.0391,armenian
zham-390.png,zham,1848,ok,592,589,0.9949,0.0270,armenian
zham-391.png,zham,1848,ok,642,612,0.9533,0.1464,armenian
zham-392.png,zham,1848,ok,683,678,0.9927,0.0996,armenian
zham-393.png,zham,1848,ok,582,578,0.9931,0.0326,armenian
zham-394.png,zham,1848,ok,612,616,1.0065,0.0278,armenian
zham-395.png,zham,1848,ok,659,659,1.0000,0.0106,armenian
zham-396.png,zham,1848,ok,641,639,0.9969,0.0359,armenian
zham-397.png,zham,1848,ok,321,322,1.0031,0.0218,armenian
zham-398.png,zham,1848,ok,378,365,0.9656,0.0820,armenian
zham-399.png,zham,1848,ok,553,553,1.0000,0.0380,armenian
zham-400.png,zham,1848,ok,601,599,0.9967,0.0433,armenian
zham-401.png,zham,1848,ok,762,761,0.9987,0.0105,armenian
zham-402.png,zham,1848,ok,811,811,1.0000,0.0185,armenian
zham-403.png,zham,1848,ok,492,490,0.9959,0.0691,armenian
zham-404.png,zham,1848,ok,563,560,0.9947,0.0195,armenian
zham-405.png,zham,1848,ok,590,585,0.9915,0.0254,armenian
zham-406.png,zham,1848,ok,472,474,1.0042,0.0360,armenian
zham-407.png,zham,1848,ok,553,555,1.0036,0.0524,armenian
zham-408.png,zham,1848,ok,601,600,0.9983,0.0366,armenian
zham-409.png,zham,1848,ok,762,763,1.0013,0.0105,armenian
zham-410.png,zham,1848,ok,811,810,0.9988,0.0197,armenian
zham-411.png,zham,1848,ok,492,491,0.9980,0.0569,armenian
zham-412.png,zham,1848,ok,563,560,0.9947,0.0195,armenian
zham-413.png,zham,1848,ok,590,591,1.0017,0.0271,armenian
zham-414.png,zham,1848,ok,472,465,0.9852,0.0466,armenian
zham-416.png,zham,1848,ok,577,554,0.9601,0.1456,armenian
zham-417.png,zham,1848,ok,594,593,0.9983,0.0673,armenian
zham-418.png,zham,1848,ok,613,621,1.0131,0.0718,armenian
zham-419.png,zham,1848,ok,535,533,0.9963,0.1458,armenian
zham-420.png,zham,1848,ok,573,575,1.0035,0.0750,armenian
zham-421.png,zham,1848,ok,633,633,1.0000,0.0221,armenian
zham-422.png,zham,1848,ok,513,500,0.9747,0.0721,armenian
zham-423.png,zham,1848,ok,651,650,0.9985,0.0215,armenian
zham-424.png,zham,1848,ok,696,694,0.9971,0.0187,armenian
zham-425.png,zham,1848,ok,674,674,1.0000,0.0089,armenian
zham-426.png,zham,1848,ok,567,559,0.9859,0.0388,armenian
zham-427.png,zham,1848,ok,742,739,0.9960,0.0175,armenian
zham-428.png,zham,1848,ok,625,623,0.9968,0.0160,armenian
zham-429.png,zham,1848,ok,737,735,0.9973,0.0081,armenian
zham-430.png,zham,1848,ok,675,675,1.0000,0.0341,armenian
zham-431.png,zham,1848,ok,741,741,1.0000,0.0189,armenian
zham-432.png,zham,1848,ok,834,832,0.9976,0.0192,armenian
zham-433.png,zham,1848,ok,628,626,0.9968,0.0159,armenian
zham-434.png,zham,1848,ok,690,690,1.0000,0.0145,armenian
zham-435.png,zham,1848,ok,719,718,0.9986,0.0209,armenian
zham-436.png,zham,1848,ok,585,595,1.0171,0.0444,armenian
zham-437.png,zham,1848,ok,586,594,1.0137,0.0358,armenian
zham-438.png,zham,1848,ok,653,647,0.9908,0.0337,armenian
zham-439.png,zham,1848,ok,745,744,0.9987,0.0161,armenian
zham-440.png,zham,1848,ok,659,657,0.9970,0.0273,armenian
zham-441.png,zham,1848,ok,457,460,1.0066,0.0328,armenian
zham-442.png,zham,1848,ok,552,558,1.0109,0.0380,armenian
zham-443.png,zham,1848,ok,534,533,0.9981,0.0375,armenian
zham-444.png,zham,1848,ok,560,558,0.9964,0.0321,armenian
zham-445.png,zham,1848,ok,455,449,0.9868,0.0879,armenian
zham-446.png,zham,1848,ok,421,399,0.9477,0.1758,armenian
zham-447.png,zham,1848,ok,510,492,0.9647,0.1627,armenian
zham-448.png,zham,1848,ok,391,371,0.9488,0.1662,armenian
zham-449.png,zham,1848,ok,384,375,0.9766,0.1094,armenian
zham-450.png,zham,1848,ok,213,451,2.1174,1.3803,armenian
zham-451.png,zham,1848,ok,534,531,0.9944,0.0337,armenian
zham-452.png,zham,1848,ok,560,560,1.0000,0.0375,armenian
zham-453.png,zham,1848,ok,454,441,0.9714,0.1211,armenian
zham-454.png,zham,1848,ok,419,407,0.9714,0.1551,armenian
zham-455.png,zham,1848,ok,507,498,0.9822,0.1637,armenian
zham-456.png,zham,1848,ok,392,381,0.9719,0.1837,armenian
zham-457.png,zham,1848,ok,385,382,0.9922,0.0805,armenian
zham-458.png,zham,1848,ok,469,481,1.0256,0.1023,armenian
zham-459.png,zham,1848,ok,460,473,1.0283,0.0848,armenian
zham-460.png,zham,1848,ok,421,419,0.9952,0.1259,armenian
zham-461.png,zham,1848,ok,461,469,1.0174,0.1150,armenian
zham-462.png,zham,1848,ok,422,418,0.9905,0.1185,armenian
zham-463.png,zham,1848,ok,518,514,0.9923,0.0792,armenian
zham-464.png,zham,1848,ok,434,438,1.0092,0.1521,armenian
zham-465.png,zham,1848,ok,499,494,0.9900,0.2104,armenian
zham-466.png,zham,1848,ok,458,430,0.9389,0.2904,armenian
zham-467.png,zham,1848,ok,483,460,0.9524,0.2340,armenian
zham-468.png,zham,1848,ok,434,438,1.0092,0.1037,armenian
zham-469.png,zham,1848,ok,510,492,0.9647,0.1118,armenian
zham-470.png,zham,1848,ok,530,530,1.0000,0.0604,armenian
zham-471.png,zham,1848,ok,621,621,1.0000,0.0338,armenian
zham-472.png,zham,1848,ok,507,499,0.9842,0.0671,armenian
zham-473.png,zham,1848,ok,529,519,0.9811,0.0435,armenian
zham-474.png,zham,1848,ok,483,464,0.9607,0.0704,armenian
zham-475.png,zham,1848,ok,408,398,0.9755,0.0515,armenian
zham-476.png,zham,1848,ok,684,683,0.9985,0.0234,armenian
zham-477.png,zham,1848,ok,464,447,0.9634,0.0862,armenian
zham-478.png,zham,1848,ok,466,441,0.9464,0.0837,armenian
zham-479.png,zham,1848,ok,373,363,0.9732,0.0483,armenian
zham-480.png,zham,1848,ok,465,458,0.9849,0.0645,armenian
zham-481.png,zham,1848,ok,470,465,0.9894,0.0362,armenian
zham-482.png,zham,1848,ok,529,526,0.9943,0.0284,armenian
zham-483.png,zham,1848,ok,549,547,0.9964,0.0219,armenian
zham-484.png,zham,1848,ok,520,512,0.9846,0.0538,armenian
zham-485.png,zham,1848,ok,483,459,0.9503,0.0745,armenian
zham-486.png,zham,1848,ok,560,531,0.9482,0.1054,armenian
zham-487.png,zham,1848,ok,493,495,1.0041,0.0710,armenian
zham-488.png,zham,1848,ok,592,592,1.0000,0.0372,armenian
zham-489.png,zham,1848,ok,544,537,0.9871,0.0496,armenian
zham-490.png,zham,1848,ok,534,532,0.9963,0.0431,armenian
zham-491.png,zham,1848,ok,618,616,0.9968,0.0194,armenian
zham-492.png,zham,1848,ok,630,628,0.9968,0.0190,armenian
zham-493.png,zham,1848,ok,483,464,0.9607,0.0766,armenian
zham-494.png,zham,1848,ok,560,541,0.9661,0.0946,armenian
zham-495.png,zham,1848,ok,493,493,1.0000,0.0588,armenian
zham-496.png,zham,1848,ok,593,592,0.9983,0.0489,armenian
zham-497.png,zham,1848,ok,544,537,0.9871,0.0404,armenian
zham-498.png,zham,1848,ok,534,532,0.9963,0.0262,armenian
zham-499.png,zham,1848,ok,618,618,1.0000,0.0194,armenian
zham-500.png,zham,1848,ok,630,631,1.0016,0.0048,armenian
zham-501.png,zham,1848,ok,616,616,1.0000,0.0227,armenian
zham-502.png,zham,1848,ok,591,594,1.0051,0.0305,armenian
zham-503.png,zham,1848,ok,598,598,1.0000,0.0284,armenian
zham-504.png,zham,1848,ok,558,547,0.9803,0.0412,armenian
zham-505.png,zham,1848,ok,499,496,0.9940,0.0461,armenian
zham-506.png,zham,1848,ok,587,587,1.0000,0.0273,armenian
zham-507.png,zham,1848,ok,528,529,1.0019,0.0417,armenian
zham-508.png,zham,1848,ok,571,563,0.9860,0.0438,armenian
zham-509.png,zham,1848,ok,489,488,0.9980,0.0123,armenian
zham-510.png,zham,1848,ok,503,503,1.0000,0.0139,armenian
zham-511.png,zham,1848,ok,376,375,0.9973,0.0133,armenian
zham-512.png,zham,1848,ok,445,441,0.9910,0.0337,armenian
zham-513.png,zham,1848,ok,630,625,0.9921,0.0238,armenian
zham-514.png,zham,1848,ok,695,691,0.9942,0.0360,armenian
zham-515.png,zham,1848,ok,758,757,0.9987,0.0317,armenian
zham-516.png,zham,1848,ok,747,754,1.0094,0.0455,armenian
zham-517.png,zham,1848,ok,745,746,1.0013,0.0201,armenian
zham-518.png,zham,1848,ok,637,647,1.0157,0.0518,armenian
zham-519.png,zham,1848,ok,548,548,1.0000,0.1770,armenian
zham-520.png,zham,1848,ok,591,582,0.9848,0.1083,armenian
zham-521.png,zham,1848,ok,628,638,1.0159,0.0589,armenian
zham-522.png,zham,1848,ok,693,693,1.0000,0.0188,armenian
zham-523.png,zham,1848,ok,883,876,0.9921,0.1042,armenian
zham-524.png,zham,1848,ok,601,599,0.9967,0.0250,armenian
zham-525.png,zham,1848,ok,625,628,1.0048,0.0128,armenian
zham-526.png,zham,1848,ok,358,348,0.9721,0.0922,armenian
zham-527.png,zham,1848,ok,558,561,1.0054,0.0358,armenian
zham-528.png,zham,1848,ok,632,632,1.0000,0.0174,armenian
zham-529.png,zham,1848,ok,574,573,0.9983,0.0279,armenian
zham-530.png,zham,1848,ok,662,660,0.9970,0.0287,armenian
zham-531.png,zham,1848,ok,685,683,0.9971,0.0336,armenian
zham-532.png,zham,1848,ok,527,514,0.9753,0.0835,armenian
zham-533.png,zham,1848,ok,694,698,1.0058,0.0130,armenian
zham-534.png,zham,1848,ok,451,469,1.0399,0.0710,armenian
zham-535.png,zham,1848,ok,558,564,1.0108,0.0251,armenian
zham-536.png,zham,1848,ok,632,632,1.0000,0.0206,armenian
zham-537.png,zham,1848,ok,574,574,1.0000,0.0209,armenian
zham-538.png,zham,1848,ok,662,656,0.9909,0.0287,armenian
zham-539.png,zham,1848,ok,685,686,1.0015,0.0175,armenian
zham-540.png,zham,1848,ok,527,521,0.9886,0.0759,armenian
zham-541.png,zham,1848,ok,694,695,1.0014,0.0072,armenian
zham-542.png,zham,1848,ok,451,452,1.0022,0.0266,armenian
zham-543.png,zham,1848,ok,479,474,0.9896,0.0334,armenian
zham-544.png,zham,1848,ok,536,535,0.9981,0.0205,armenian
zham-545.png,zham,1848,ok,398,399,1.0025,0.0151,armenian
zham-546.png,zham,1848,ok,553,554,1.0018,0.0307,armenian
zham-547.png,zham,1848,ok,498,496,0.9960,0.0321,armenian
zham-548.png,zham,1848,ok,531,530,0.9981,0.0245,armenian
zham-549.png,zham,1848,ok,464,460,0.9914,0.0302,armenian
zham-550.png,zham,1848,ok,466,461,0.9893,0.0322,armenian
zham-551.png,zham,1848,ok,693,707,1.0202,0.0332,armenian
zham-552.png,zham,1848,ok,633,625,0.9874,0.0790,armenian
zham-553.png,zham,1848,ok,609,609,1.0000,0.0328,armenian
zham-554.png,zham,1848,ok,731,731,1.0000,0.0164,armenian
zham-555.png,zham,1848,ok,657,651,0.9909,0.0502,armenian
zham-556.png,zham,1848,ok,544,543,0.9982,0.0092,armenian
zham-557.png,zham,1848,ok,541,517,0.9556,0.1479,armenian
zham-558.png,zham,1848,ok,621,621,1.0000,0.1192,armenian
zham-559.png,zham,1848,ok,1785,587,0.3289,0.7031,armenian
zham-560.png,zham,1848,ok,473,453,0.9577,0.1649,armenian
zham-561.png,zham,1848,ok,407,399,0.9803,0.1474,armenian
zham-562.png,zham,1848,ok,612,611,0.9984,0.0392,armenian
zham-563.png,zham,1848,ok,567,565,0.9965,0.0317,armenian
zham-564.png,zham,1848,ok,649,649,1.0000,0.0200,armenian
zham-565.png,zham,1848,ok,583,582,0.9983,0.0480,armenian
zham-566.png,zham,1848,ok,564,559,0.9911,0.0443,armenian
zham-567.png,zham,1848,ok,591,595,1.0068,0.0778,armenian
zham-568.png,zham,1848,ok,633,629,0.9937,0.0269,armenian
zham-569.png,zham,1848,ok,537,535,0.9963,0.0410,armenian
zham-570.png,zham,1848,ok,571,574,1.0053,0.0263,armenian
zham-571.png,zham,1848,ok,557,556,0.9982,0.0323,armenian
zham-572.png,zham,1848,ok,603,603,1.0000,0.0182,armenian
zham-573.png,zham,1848,ok,446,448,1.0045,0.0179,armenian
zham-574.png,zham,1848,ok,346,334,0.9653,0.0896,armenian
zham-575.png,zham,1848,ok,534,532,0.9963,0.0356,armenian
zham-576.png,zham,1848,ok,541,541,1.0000,0.0166,armenian
zham-577.png,zham,1848,ok,702,699,0.9957,0.0214,armenian
zham-578.png,zham,1848,ok,673,668,0.9926,0.0312,armenian
zham-579.png,zham,1848,ok,702,700,0.9972,0.0328,armenian
zham-580.png,zham,1848,ok,673,668,0.9926,0.0357,armenian
zham-581.png,zham,1848,ok,702,701,0.9986,0.0185,armenian
zham-582.png,zham,1848,ok,673,667,0.9911,0.0178,armenian
zham-583.png,zham,1848,ok,627,614,0.9793,0.0622,armenian
zham-584.png,zham,1848,ok,687,686,0.9985,0.0102,armenian
zham-585.png,zham,1848,ok,670,669,0.9985,0.0119,armenian
zham-586.png,zham,1848,ok,601,598,0.9950,0.0133,armenian
zham-587.png,zham,1848,ok,642,640,0.9969,0.0389,armenian
zham-588.png,zham,1848,ok,652,633,0.9709,0.0813,armenian
zham-589.png,zham,1848,ok,692,694,1.0029,0.0217,armenian
zham-590.png,zham,1848,ok,746,748,1.0027,0.0161,armenian
zham-591.png,zham,1848,ok,566,566,1.0000,0.0212,armenian
zham-592.png,zham,1848,ok,573,570,0.9948,0.0436,armenian
zham-593.png,zham,1848,ok,455,456,1.0022,0.0396,armenian
zham-594.png,zham,1848,ok,524,525,1.0019,0.0515,armenian
zham-595.png,zham,1848,ok,503,485,0.9642,0.1272,armenian
zham-596.png,zham,1848,ok,601,592,0.9850,0.0582,armenian
zham-597.png,zham,1848,ok,602,606,1.0066,0.0332,armenian
zham-598.png,zham,1848,ok,596,598,1.0034,0.0252,armenian
zham-599.png,zham,1848,ok,651,652,1.0015,0.0384,armenian
zham-600.png,zham,1848,ok,645,642,0.9953,0.0434,armenian
zham-601.png,zham,1848,ok,628,629,1.0016,0.0111,armenian
zham-602.png,zham,1848,ok,643,644,1.0016,0.0202,armenian
zham-603.png,zham,1848,ok,671,666,0.9925,0.0358,armenian
zham-604.png,zham,1848,ok,671,669,0.9970,0.0343,armenian
zham-605.png,zham,1848,ok,646,647,1.0015,0.0170,armenian
zham-606.png,zham,1848,ok,668,666,0.9970,0.0254,armenian
zham-607.png,zham,1848,ok,618,619,1.0016,0.0453,armenian
zham-608.png,zham,1848,ok,636,635,0.9984,0.0283,armenian
zham-609.png,zham,1848,ok,622,617,0.9920,0.0450,armenian
zham-610.png,zham,1848,ok,650,643,0.9892,0.0354,armenian
zham-611.png,zham,1848,ok,547,545,0.9963,0.1243,armenian
zham-612.png,zham,1848,ok,569,542,0.9525,0.1722,armenian
zham-613.png,zham,1848,ok,450,483,1.0733,0.2444,armenian
zham-614.png,zham,1848,ok,485,510,1.0515,0.1361,armenian
zham-615.png,zham,1848,ok,484,450,0.9298,0.2231,armenian
zham-616.png,zham,1848,ok,543,553,1.0184,0.0994,armenian
zham-617.png,zham,1848,ok,622,621,0.9984,0.0418,armenian
zham-618.png,zham,1848,ok,650,650,1.0000,0.0323,armenian
zham-619.png,zham,1848,ok,542,519,0.9576,0.1236,armenian
zham-620.png,zham,1848,ok,562,572,1.0178,0.0979,armenian
zham-621.png,zham,1848,ok,435,447,1.0276,0.1494,armenian
zham-622.png,zham,1848,ok,483,505,1.0455,0.1263,armenian
zham-623.png,zham,1848,ok,482,448,0.9295,0.2863,armenian
zham-624.png,zham,1848,ok,541,547,1.0111,0.1035,armenian
zham-625.png,zham,1848,ok,496,448,0.9032,0.2641,armenian
zham-626.png,zham,1848,ok,536,530,0.9888,0.1101,armenian
zham-627.png,zham,1848,ok,544,517,0.9504,0.1103,armenian
zham-628.png,zham,1848,ok,562,546,0.9715,0.1744,armenian
zham-629.png,zham,1848,ok,435,441,1.0138,0.1517,armenian
zham-630.png,zham,1848,ok,485,475,0.9794,0.1938,armenian
zham-631.png,zham,1848,ok,483,445,0.9213,0.2505,armenian
zham-632.png,zham,1848,ok,538,564,1.0483,0.1394,armenian
zham-633.png,zham,1848,ok,494,483,0.9777,0.1842,armenian
zham-634.png,zham,1848,ok,536,519,0.9683,0.1063,armenian
zham-635.png,zham,1848,ok,555,555,1.0000,0.0144,armenian
zham-636.png,zham,1848,ok,351,338,0.9630,0.1054,armenian
zham-637.png,zham,1848,ok,440,448,1.0182,0.1341,armenian
zham-638.png,zham,1848,ok,483,478,0.9896,0.1925,armenian
zham-639.png,zham,1848,ok,474,496,1.0464,0.1899,armenian
zham-640.png,zham,1848,ok,542,555,1.0240,0.2417,armenian
zham-641.png,zham,1848,ok,500,483,0.9660,0.1820,armenian
zham-642.png,zham,1848,ok,539,558,1.0353,0.1262,armenian
zham-643.png,zham,1848,ok,555,556,1.0018,0.0144,armenian
zham-644.png,zham,1848,ok,351,334,0.9516,0.1311,armenian
zham-645.png,zham,1848,ok,584,581,0.9949,0.0445,armenian
zham-646.png,zham,1848,ok,621,622,1.0016,0.0193,armenian
zham-647.png,zham,1848,ok,650,649,0.9985,0.0185,armenian
zham-648.png,zham,1848,ok,658,658,1.0000,0.0046,armenian
zham-649.png,zham,1848,ok,631,632,1.0016,0.0301,armenian
zham-650.png,zham,1848,ok,628,608,0.9682,0.0701,armenian
zham-651.png,zham,1848,ok,659,658,0.9985,0.0182,armenian
zham-652.png,zham,1848,ok,611,609,0.9967,0.0278,armenian
zham-653.png,zham,1848,ok,619,619,1.0000,0.0501,armenian
zham-654.png,zham,1848,ok,702,700,0.9972,0.0214,armenian
zham-655.png,zham,1848,ok,595,593,0.9966,0.0269,armenian
zham-656.png,zham,1848,ok,361,358,0.9917,0.0720,armenian
zham-657.png,zham,1848,ok,617,616,0.9984,0.0324,armenian
zham-658.png,zham,1848,ok,660,659,0.9985,0.0136,armenian
zham-659.png,zham,1848,ok,807,807,1.0000,0.0260,armenian
zham-660.png,zham,1848,ok,783,782,0.9987,0.0166,armenian
zham-661.png,zham,1848,ok,747,746,0.9987,0.0308,armenian
zham-662.png,zham,1848,ok,819,814,0.9939,0.0440,armenian
zham-663.png,zham,1848,ok,746,745,0.9987,0.0174,armenian
zham-664.png,zham,1848,ok,617,619,1.0032,0.0162,armenian
zham-665.png,zham,1848,ok,764,761,0.9961,0.0340,armenian
zham-666.png,zham,1848,ok,752,750,0.9973,0.0359,armenian
zham-667.png,zham,1848,ok,701,702,1.0014,0.0128,armenian
zham-668.png,zham,1848,ok,715,715,1.0000,0.0350,armenian
zham-669.png,zham,1848,ok,807,806,0.9988,0.0161,armenian
zham-670.png,zham,1848,ok,644,644,1.0000,0.0217,armenian
zham-671.png,zham,1848,ok,632,638,1.0095,0.0301,armenian
zham-672.png,zham,1848,ok,507,508,1.0020,0.0079,armenian
zham-673.png,zham,1848,ok,588,588,1.0000,0.0595,armenian
zham-674.png,zham,1848,ok,307,288,0.9381,0.1889,armenian
zham-676.png,zham,1848,ok,606,602,0.9934,0.0330,armenian
zham-677.png,zham,1848,ok,689,680,0.9869,0.0290,armenian
zham-678.png,zham,1848,ok,663,658,0.9925,0.0211,armenian
zham-679.png,zham,1848,ok,466,444,0.9528,0.1481,armenian
zham-680.png,zham,1848,ok,351,318,0.9060,0.3447,armenian
zham-681.png,zham,1848,ok,416,413,0.9928,0.2260,armenian
zham-682.png,zham,1848,ok,481,440,0.9148,0.3222,armenian
zham-683.png,zham,1848,ok,426,425,0.9977,0.2183,armenian
zham-684.png,zham,1848,ok,544,540,0.9926,0.1434,armenian
zham-685.png,zham,1848,ok,636,632,0.9937,0.0928,armenian
zham-686.png,zham,1848,ok,522,511,0.9789,0.1015,armenian
zham-687.png,zham,1848,ok,530,525,0.9906,0.0868,armenian
zham-688.png,zham,1848,ok,503,486,0.9662,0.1173,armenian
zham-689.png,zham,1848,ok,652,633,0.9709,0.1212,armenian
zham-690.png,zham,1848,ok,480,464,0.9667,0.1021,armenian
zham-691.png,zham,1848,ok,511,500,0.9785,0.1292,armenian
zham-692.png,zham,1848,ok,391,389,0.9949,0.1790,armenian
zham-693.png,zham,1848,ok,456,452,0.9912,0.2544,armenian
zham-694.png,zham,1848,ok,456,421,0.9232,0.2412,armenian
zham-695.png,zham,1848,ok,403,402,0.9975,0.1985,armenian
zham-696.png,zham,1848,ok,483,496,1.0269,0.0932,armenian
zham-697.png,zham,1848,ok,529,527,0.9962,0.1172,armenian
zham-698.png,zham,1848,ok,594,594,1.0000,0.1397,armenian
zham-699.png,zham,1848,ok,596,588,0.9866,0.0755,armenian
zham-700.png,zham,1848,ok,486,463,0.9527,0.2016,armenian
zham-701.png,zham,1848,ok,493,498,1.0101,0.1034,armenian
zham-702.png,zham,1848,ok,416,407,0.9784,0.2212,armenian
zham-703.png,zham,1848,ok,459,431,0.9390,0.2723,armenian
zham-704.png,zham,1848,ok,596,608,1.0201,0.0570,armenian
zham-705.png,zham,1848,ok,628,622,0.9904,0.0860,armenian
zham-706.png,zham,1848,ok,620,603,0.9726,0.0597,armenian
zham-707.png,zham,1848,ok,595,593,0.9966,0.0504,armenian
zham-708.png,zham,1848,ok,546,543,0.9945,0.0385,armenian
zham-709.png,zham,1848,ok,510,495,0.9706,0.1196,armenian
zham-710.png,zham,1848,ok,350,305,0.8714,0.2743,armenian
zham-711.png,zham,1848,ok,572,573,1.0017,0.1958,armenian
zham-712.png,zham,1848,ok,580,569,0.9810,0.1207,armenian
zham-713.png,zham,1848,ok,588,591,1.0051,0.1190,armenian
zham-715.png,zham,1848,ok,544,535,0.9835,0.0827,armenian
zham-716.png,zham,1848,ok,563,551,0.9787,0.1048,armenian
zham-717.png,zham,1848,ok,576,570,0.9896,0.0799,armenian
zham-718.png,zham,1848,ok,295,288,0.9763,0.0407,armenian
zham-719.png,zham,1848,ok,394,394,1.0000,0.0431,armenian
zham-720.png,zham,1848,ok,455,453,0.9956,0.0418,armenian
zham-721.png,zham,1848,ok,440,437,0.9932,0.0591,armenian
zham-722.png,zham,1848,ok,461,466,1.0108,0.0369,armenian
zham-723.png,zham,1848,ok,296,300,1.0135,0.0405,armenian
zham-724.png,zham,1848,ok,731,729,0.9973,0.0082,armenian
zham-725.png,zham,1848,ok,415,330,0.7952,0.4072,armenian
zham-726.png,zham,1848,ok,416,392,0.9423,0.2428,armenian
zham-727.png,zham,1848,ok,391,172,0.4399,0.7008,armenian
zham-728.png,zham,1848,ok,427,198,0.4637,0.7354,armenian
zham-729.png,zham,1848,ok,430,203,0.4721,0.6860,armenian
zham-731.png,zham,1848,ok,411,170,0.4136,0.7494,armenian
zham-734.png,zham,1848,ok,281,269,0.9573,0.1317,armenian
zham-735.png,zham,1848,ok,866,856,0.9885,0.0970,armenian
zham-736.png,zham,1848,ok,688,679,0.9869,0.0683,armenian
zham-737.png,zham,1848,ok,1028,1027,0.9990,0.0486,armenian
zham-738.png,zham,1848,ok,1072,1062,0.9907,0.0438,armenian
zham-739.png,zham,1848,ok,1078,1065,0.9879,0.0863,armenian
zham-740.png,zham,1848,ok,1071,1075,1.0037,0.0738,armenian
zham-741.png,zham,1848,ok,1068,1063,0.9953,0.0496,armenian
zham-742.png,zham,1848,ok,1078,1072,0.9944,0.0436,armenian
zham-743.png,zham,1848,ok,1116,1109,0.9937,0.0645,armenian
zham-744.png,zham,1848,ok,1061,1055,0.9943,0.0490,armenian
zham-745.png,zham,1848,ok,981,973,0.9918,0.0449,armenian
zham-746.png,zham,1848,ok,1104,1103,0.9991,0.0362,armenian
zham-747.png,zham,1848,ok,1007,997,0.9901,0.0675,armenian
zham-748.png,zham,1848,ok,1097,1087,0.9909,0.0711,armenian
zham-749.png,zham,1848,ok,743,741,0.9973,0.0417,armenian
zham-750.png,zham,1848,ok,721,722,1.0014,0.0499,armenian
zham-751.png,zham,1848,ok,948,959,1.0116,0.0833,armenian
zham-752.png,zham,1848,ok,897,895,0.9978,0.0346,armenian
EAP180-1-3-28_001R.jpg,EAP180-1-3-28,1852,ok,41,30,0.7317,0.4634,armenian
EAP180-1-3-28_002R.jpg,EAP180-1-3-28,1852,ok,62,1,0.0161,0.9839,armenian
EAP180-1-3-28_003L.jpg,EAP180-1-3-28,1852,too_short_ours,0,,,,blank
EAP180-1-3-28_003R.jpg,EAP180-1-3-28,1852,ok,312,57,0.1827,0.8365,armenian
EAP180-1-3-28_004L.jpg,EAP180-1-3-28,1852,ok,155,78,0.5032,0.5419,armenian
EAP180-1-3-28_004R.jpg,EAP180-1-3-28,1852,ok,264,29,0.1098,0.8902,armenian
EAP180-1-3-28_005L.jpg,EAP180-1-3-28,1852,ok,288,0,0.0000,1.0000,armenian
EAP180-1-3-28_005R.jpg,EAP180-1-3-28,1852,ok,240,28,0.1167,0.8958,armenian
EAP180-1-3-28_006L.jpg,EAP180-1-3-28,1852,ok,278,0,0.0000,1.0000,armenian
EAP180-1-3-28_006R.jpg,EAP180-1-3-28,1852,ok,293,0,0.0000,1.0000,armenian
EAP180-1-3-28_007L.jpg,EAP180-1-3-28,1852,ok,289,100,0.3460,0.6713,armenian
EAP180-1-3-28_007R.jpg,EAP180-1-3-28,1852,ok,311,17,0.0547,0.9486,armenian
EAP180-1-3-28_008L.jpg,EAP180-1-3-28,1852,ok,270,11,0.0407,0.9593,armenian
EAP180-1-3-28_008R.jpg,EAP180-1-3-28,1852,ok,279,59,0.2115,0.8136,armenian
EAP180-1-3-28_009L.jpg,EAP180-1-3-28,1852,ok,286,117,0.4091,0.6224,armenian
EAP180-1-3-28_010L.jpg,EAP180-1-3-28,1852,ok,278,30,0.1079,0.8993,armenian
EAP180-1-3-28_010R.jpg,EAP180-1-3-28,1852,ok,262,118,0.4504,0.6336,armenian
EAP180-1-3-28_011L.jpg,EAP180-1-3-28,1852,ok,224,34,0.1518,0.8795,armenian
EAP180-1-3-28_011R.jpg,EAP180-1-3-28,1852,ok,259,0,0.0000,1.0000,armenian
EAP180-1-3-28_012L.jpg,EAP180-1-3-28,1852,ok,287,92,0.3206,0.7003,armenian
EAP180-1-3-28_012R.jpg,EAP180-1-3-28,1852,ok,293,18,0.0614,0.9420,armenian
EAP180-1-3-28_013L.jpg,EAP180-1-3-28,1852,ok,239,42,0.1757,0.8536,armenian
EAP180-1-3-28_013R.jpg,EAP180-1-3-28,1852,ok,105,4,0.0381,0.9619,armenian
EAP180-1-3-28_014L.jpg,EAP180-1-3-28,1852,ok,214,21,0.0981,0.9065,armenian
EAP180-1-3-28_014R.jpg,EAP180-1-3-28,1852,ok,247,31,0.1255,0.8866,armenian
EAP180-1-3-28_015L.jpg,EAP180-1-3-28,1852,ok,281,44,0.1566,0.8577,armenian
EAP180-1-3-28_015R.jpg,EAP180-1-3-28,1852,ok,296,87,0.2939,0.7128,armenian
EAP180-1-3-28_016L.jpg,EAP180-1-3-28,1852,ok,281,0,0.0000,1.0000,armenian
EAP180-1-3-28_016R.jpg,EAP180-1-3-28,1852,ok,282,119,0.4220,0.6348,armenian
EAP180-1-3-28_017L.jpg,EAP180-1-3-28,1852,ok,231,5,0.0216,0.9784,armenian
EAP180-1-3-28_017R.jpg,EAP180-1-3-28,1852,ok,295,15,0.0508,0.9492,armenian
EAP180-1-3-28_018L.jpg,EAP180-1-3-28,1852,ok,267,169,0.6330,0.6030,armenian
EAP180-1-3-28_018R.jpg,EAP180-1-3-28,1852,ok,305,0,0.0000,1.0000,armenian
EAP180-1-3-28_019L.jpg,EAP180-1-3-28,1852,ok,260,73,0.2808,0.7885,armenian
EAP180-1-3-28_019R.jpg,EAP180-1-3-28,1852,ok,282,167,0.5922,0.5284,armenian
EAP180-1-3-28_020L.jpg,EAP180-1-3-28,1852,ok,208,0,0.0000,1.0000,armenian
EAP180-1-3-28_020R.jpg,EAP180-1-3-28,1852,ok,273,19,0.0696,0.9377,armenian
EAP180-1-3-28_021L.jpg,EAP180-1-3-28,1852,ok,288,218,0.7569,0.4201,armenian
EAP180-1-3-28_021R.jpg,EAP180-1-3-28,1852,ok,291,98,0.3368,0.7148,armenian
EAP180-1-3-28_022L.jpg,EAP180-1-3-28,1852,ok,297,7,0.0236,0.9764,armenian
EAP180-1-3-28_022R.jpg,EAP180-1-3-28,1852,ok,314,71,0.2261,0.7898,armenian
EAP180-1-3-28_023L.jpg,EAP180-1-3-28,1852,ok,101,0,0.0000,1.0000,armenian
EAP180-1-3-28_023R.jpg,EAP180-1-3-28,1852,ok,228,0,0.0000,1.0000,armenian
EAP180-1-3-28_024L.jpg,EAP180-1-3-28,1852,ok,315,141,0.4476,0.5810,armenian
EAP180-1-3-28_024R.jpg,EAP180-1-3-28,1852,ok,321,76,0.2368,0.7944,armenian
EAP180-1-3-28_025L.jpg,EAP180-1-3-28,1852,ok,293,145,0.4949,0.5939,armenian
EAP180-1-3-28_025R.jpg,EAP180-1-3-28,1852,ok,270,61,0.2259,0.8000,armenian
EAP180-1-3-28_026L.jpg,EAP180-1-3-28,1852,ok,308,154,0.5000,0.5390,armenian
EAP180-1-3-28_026R.jpg,EAP180-1-3-28,1852,ok,246,49,0.1992,0.8171,armenian
EAP180-1-3-28_027L.jpg,EAP180-1-3-28,1852,ok,225,7,0.0311,0.9689,armenian
EAP180-1-3-28_027R.jpg,EAP180-1-3-28,1852,ok,303,14,0.0462,0.9538,armenian
EAP180-1-3-28_028L.jpg,EAP180-1-3-28,1852,ok,296,0,0.0000,1.0000,armenian
EAP180-1-3-28_028R.jpg,EAP180-1-3-28,1852,ok,269,46,0.1710,0.8550,armenian
EAP180-1-3-28_029L.jpg,EAP180-1-3-28,1852,ok,273,89,0.3260,0.7253,armenian
EAP180-1-3-28_029R.jpg,EAP180-1-3-28,1852,ok,291,0,0.0000,1.0000,armenian
EAP180-1-3-28_030L.jpg,EAP180-1-3-28,1852,ok,286,45,0.1573,0.8531,armenian
EAP180-1-3-28_030R.jpg,EAP180-1-3-28,1852,ok,187,15,0.0802,0.9198,armenian
EAP180-1-3-28_031L.jpg,EAP180-1-3-28,1852,ok,237,21,0.0886,0.9241,armenian
EAP180-1-3-28_031R.jpg,EAP180-1-3-28,1852,ok,277,17,0.0614,0.9386,armenian
EAP180-1-3-28_032L.jpg,EAP180-1-3-28,1852,ok,314,206,0.6561,0.4522,armenian
EAP180-1-3-28_032R.jpg,EAP180-1-3-28,1852,ok,339,174,0.5133,0.5074,armenian
EAP180-1-3-28_033L.jpg,EAP180-1-3-28,1852,ok,297,10,0.0337,0.9663,armenian
EAP180-1-3-28_033R.jpg,EAP180-1-3-28,1852,ok,318,0,0.0000,1.0000,armenian
EAP180-1-3-28_034L.jpg,EAP180-1-3-28,1852,ok,288,28,0.0972,0.9097,armenian
EAP180-1-3-28_034R.jpg,EAP180-1-3-28,1852,ok,240,55,0.2292,0.8000,armenian
EAP180-1-3-28_035L.jpg,EAP180-1-3-28,1852,ok,303,115,0.3795,0.6601,armenian
EAP180-1-3-28_035R.jpg,EAP180-1-3-28,1852,ok,356,205,0.5758,0.4663,armenian
EAP180-1-3-28_036L.jpg,EAP180-1-3-28,1852,ok,282,0,0.0000,1.0000,armenian
EAP180-1-3-28_036R.jpg,EAP180-1-3-28,1852,ok,331,23,0.0695,0.9335,armenian
EAP180-1-3-28_037L.jpg,EAP180-1-3-28,1852,ok,309,89,0.2880,0.7379,armenian
EAP180-1-3-28_037R.jpg,EAP180-1-3-28,1852,ok,326,17,0.0521,0.9540,armenian
EAP180-1-3-28_038L.jpg,EAP180-1-3-28,1852,ok,296,132,0.4459,0.6486,armenian
EAP180-1-3-28_038R.jpg,EAP180-1-3-28,1852,ok,113,108,0.9558,0.1327,armenian
EAP180-1-3-28_039L.jpg,EAP180-1-3-28,1852,ok,284,133,0.4683,0.5739,armenian
EAP180-1-3-28_039R.jpg,EAP180-1-3-28,1852,ok,350,92,0.2629,0.7743,armenian
EAP180-1-3-28_040L.jpg,EAP180-1-3-28,1852,ok,335,0,0.0000,1.0000,armenian
EAP180-1-3-28_040R.jpg,EAP180-1-3-28,1852,ok,288,141,0.4896,0.6840,armenian
EAP180-1-3-28_041L.jpg,EAP180-1-3-28,1852,ok,279,145,0.5197,0.5305,armenian
EAP180-1-3-28_041R.jpg,EAP180-1-3-28,1852,ok,337,34,0.1009,0.9021,armenian
EAP180-1-3-28_042L.jpg,EAP180-1-3-28,1852,ok,280,0,0.0000,1.0000,armenian
EAP180-1-3-28_042R.jpg,EAP180-1-3-28,1852,ok,275,43,0.1564,0.8582,armenian
EAP180-1-3-28_043L.jpg,EAP180-1-3-28,1852,ok,340,266,0.7824,0.2618,armenian
EAP180-1-3-28_043R.jpg,EAP180-1-3-28,1852,ok,298,64,0.2148,0.8054,armenian
EAP180-1-3-28_044L.jpg,EAP180-1-3-28,1852,ok,279,46,0.1649,0.8566,armenian
EAP180-1-3-28_044R.jpg,EAP180-1-3-28,1852,ok,315,37,0.1175,0.8889,armenian
EAP180-1-3-28_045L.jpg,EAP180-1-3-28,1852,ok,300,168,0.5600,0.5033,armenian
EAP180-1-3-28_045R.jpg,EAP180-1-3-28,1852,ok,296,16,0.0541,0.9493,armenian
EAP180-1-3-28_046L.jpg,EAP180-1-3-28,1852,ok,181,52,0.2873,0.7403,armenian
EAP180-1-3-28_046R.jpg,EAP180-1-3-28,1852,ok,364,204,0.5604,0.4973,armenian
EAP180-1-3-28_047L.jpg,EAP180-1-3-28,1852,ok,277,269,0.9711,0.1769,armenian
EAP180-1-3-28_047R.jpg,EAP180-1-3-28,1852,ok,71,77,1.0845,0.1972,armenian
EAP180-1-3-28_049R.jpg,EAP180-1-3-28,1852,ok,41,30,0.7317,0.4634,armenian
EAP180-1-3-87_002R.jpg,EAP180-1-3-87,1861,ok,143,141,0.9860,0.1608,armenian
EAP180-1-3-87_003R.jpg,EAP180-1-3-87,1861,ok,183,182,0.9945,0.3224,armenian
EAP180-1-3-87_004L.jpg,EAP180-1-3-87,1861,ok,112,109,0.9732,0.3750,armenian
EAP180-1-3-87_004R.jpg,EAP180-1-3-87,1861,ok,599,614,1.0250,0.0417,armenian
EAP180-1-3-87_005L.jpg,EAP180-1-3-87,1861,ok,607,606,0.9984,0.0231,armenian
EAP180-1-3-87_005R.jpg,EAP180-1-3-87,1861,ok,420,419,0.9976,0.1786,armenian
EAP180-1-3-87_006L.jpg,EAP180-1-3-87,1861,ok,274,272,0.9927,0.0255,armenian
EAP180-1-3-87_006R.jpg,EAP180-1-3-87,1861,ok,866,827,0.9550,0.0647,armenian
EAP180-1-3-87_007L.jpg,EAP180-1-3-87,1861,ok,1164,1155,0.9923,0.0378,armenian
EAP180-1-3-87_007R.jpg,EAP180-1-3-87,1861,ok,928,848,0.9138,0.1304,armenian
EAP180-1-3-87_008L.jpg,EAP180-1-3-87,1861,ok,1543,1147,0.7434,0.3325,armenian
EAP180-1-3-87_008R.jpg,EAP180-1-3-87,1861,ok,1526,1150,0.7536,0.4135,armenian
EAP180-1-3-87_009L.jpg,EAP180-1-3-87,1861,ok,1527,1523,0.9974,0.0223,armenian
EAP180-1-3-87_009R.jpg,EAP180-1-3-87,1861,ok,1523,1436,0.9429,0.1898,armenian
EAP180-1-3-87_010L.jpg,EAP180-1-3-87,1861,ok,1533,1495,0.9752,0.0411,armenian
EAP180-1-3-87_010R.jpg,EAP180-1-3-87,1861,ok,1532,1209,0.7892,0.2324,armenian
EAP180-1-3-87_011L.jpg,EAP180-1-3-87,1861,ok,1578,1534,0.9721,0.0425,armenian
EAP180-1-3-87_011R.jpg,EAP180-1-3-87,1861,ok,1162,879,0.7565,0.2702,armenian
EAP180-1-3-87_012L.jpg,EAP180-1-3-87,1861,ok,1275,1136,0.8910,0.1396,armenian
EAP180-1-3-87_012R.jpg,EAP180-1-3-87,1861,ok,1556,1102,0.7082,0.3946,armenian
EAP180-1-3-87_013L.jpg,EAP180-1-3-87,1861,ok,1618,1418,0.8764,0.1768,armenian
EAP180-1-3-87_013R.jpg,EAP180-1-3-87,1861,ok,1542,1278,0.8288,0.3262,armenian
EAP180-1-3-87_014L.jpg,EAP180-1-3-87,1861,ok,1352,1040,0.7692,0.2618,armenian
EAP180-1-3-87_014R.jpg,EAP180-1-3-87,1861,ok,1590,973,0.6119,0.4560,armenian
EAP180-1-3-87_015L.jpg,EAP180-1-3-87,1861,ok,1547,1429,0.9237,0.1112,armenian
EAP180-1-3-87_015R.jpg,EAP180-1-3-87,1861,ok,1571,1127,0.7174,0.4462,armenian
EAP180-1-3-87_016L.jpg,EAP180-1-3-87,1861,ok,1228,1081,0.8803,0.1531,armenian
EAP180-1-3-87_016R.jpg,EAP180-1-3-87,1861,ok,1537,1223,0.7957,0.3038,armenian
EAP180-1-3-87_017L.jpg,EAP180-1-3-87,1861,ok,1593,1463,0.9184,0.0948,armenian
EAP180-1-3-87_017R.jpg,EAP180-1-3-87,1861,ok,1295,755,0.5830,0.5390,armenian
EAP180-1-3-87_018L.jpg,EAP180-1-3-87,1861,ok,1551,1373,0.8852,0.1302,armenian
EAP180-1-3-87_018R.jpg,EAP180-1-3-87,1861,ok,1600,979,0.6119,0.4356,armenian
EAP180-1-3-87_019L.jpg,EAP180-1-3-87,1861,ok,1575,1276,0.8102,0.2063,armenian
EAP180-1-3-87_019R.jpg,EAP180-1-3-87,1861,ok,1633,1586,0.9712,0.0649,armenian
EAP180-1-3-87_020L.jpg,EAP180-1-3-87,1861,ok,1137,904,0.7951,0.2348,armenian
EAP180-1-3-87_020R.jpg,EAP180-1-3-87,1861,ok,1614,978,0.6059,0.4393,armenian
EAP180-1-3-87_021L.jpg,EAP180-1-3-87,1861,ok,1321,1217,0.9213,0.1022,armenian
EAP180-1-3-87_021R.jpg,EAP180-1-3-87,1861,ok,1590,1537,0.9667,0.1264,armenian
EAP180-1-3-87_022L.jpg,EAP180-1-3-87,1861,ok,1587,1349,0.8500,0.1733,armenian
EAP180-1-3-87_022R.jpg,EAP180-1-3-87,1861,ok,1259,957,0.7601,0.4138,armenian
EAP180-1-3-87_023L.jpg,EAP180-1-3-87,1861,ok,1578,1572,0.9962,0.0158,armenian
EAP180-1-3-87_023R.jpg,EAP180-1-3-87,1861,ok,1593,1551,0.9736,0.1475,armenian
EAP180-1-3-87_024L.jpg,EAP180-1-3-87,1861,ok,1577,1536,0.9740,0.1211,armenian
EAP180-1-3-87_024R.jpg,EAP180-1-3-87,1861,ok,1588,1207,0.7601,0.3445,armenian
EAP180-1-3-87_025L.jpg,EAP180-1-3-87,1861,ok,1108,1094,0.9874,0.0370,armenian
EAP180-1-3-87_025R.jpg,EAP180-1-3-87,1861,ok,1523,1332,0.8746,0.3454,armenian
EAP180-1-3-87_026L.jpg,EAP180-1-3-87,1861,ok,1563,1324,0.8471,0.1932,armenian
EAP180-1-3-87_026R.jpg,EAP180-1-3-87,1861,ok,1572,1329,0.8454,0.2373,armenian
EAP180-1-3-87_027L.jpg,EAP180-1-3-87,1861,ok,1604,1095,0.6827,0.3448,armenian
EAP180-1-3-87_027R.jpg,EAP180-1-3-87,1861,ok,1582,593,0.3748,0.6435,armenian
EAP180-1-3-87_028L.jpg,EAP180-1-3-87,1861,ok,1576,734,0.4657,0.5660,armenian
EAP180-1-3-87_028R.jpg,EAP180-1-3-87,1861,ok,1568,580,0.3699,0.6582,armenian
EAP180-1-3-87_029L.jpg,EAP180-1-3-87,1861,ok,1594,887,0.5565,0.4787,armenian
EAP180-1-3-87_029R.jpg,EAP180-1-3-87,1861,ok,1621,346,0.2134,0.7995,armenian
EAP180-1-3-87_030L.jpg,EAP180-1-3-87,1861,ok,1612,424,0.2630,0.7711,armenian
EAP180-1-3-87_030R.jpg,EAP180-1-3-87,1861,ok,1486,724,0.4872,0.5538,armenian
EAP180-1-3-87_031L.jpg,EAP180-1-3-87,1861,ok,1222,398,0.3257,0.6858,armenian
EAP180-1-3-87_031R.jpg,EAP180-1-3-87,1861,ok,1559,1116,0.7158,0.3951,armenian
EAP180-1-3-87_032L.jpg,EAP180-1-3-87,1861,ok,1563,1478,0.9456,0.0742,armenian
EAP180-1-3-87_032R.jpg,EAP180-1-3-87,1861,ok,1538,1356,0.8817,0.2094,armenian
EAP180-1-3-87_033L.jpg,EAP180-1-3-87,1861,ok,1582,1306,0.8255,0.1985,armenian
EAP180-1-3-87_033R.jpg,EAP180-1-3-87,1861,ok,1537,1123,0.7306,0.3787,armenian
EAP180-1-3-87_034L.jpg,EAP180-1-3-87,1861,ok,1585,1333,0.8410,0.1918,armenian
EAP180-1-3-87_034R.jpg,EAP180-1-3-87,1861,ok,1591,1453,0.9133,0.2923,armenian
EAP180-1-3-87_035L.jpg,EAP180-1-3-87,1861,ok,1564,1391,0.8894,0.1285,armenian
EAP180-1-3-87_035R.jpg,EAP180-1-3-87,1861,ok,1618,815,0.5037,0.5964,armenian
EAP180-1-3-87_036L.jpg,EAP180-1-3-87,1861,ok,1551,1261,0.8130,0.2108,armenian
EAP180-1-3-87_036R.jpg,EAP180-1-3-87,1861,ok,1601,1452,0.9069,0.2036,armenian
EAP180-1-3-87_037L.jpg,EAP180-1-3-87,1861,ok,1231,1120,0.9098,0.1056,armenian
EAP180-1-3-87_037R.jpg,EAP180-1-3-87,1861,ok,1607,1427,0.8880,0.3460,armenian
EAP180-1-3-87_038L.jpg,EAP180-1-3-87,1861,ok,1564,1335,0.8536,0.3817,armenian
EAP180-1-3-87_038R.jpg,EAP180-1-3-87,1861,ok,1603,1286,0.8022,0.3306,armenian
EAP180-1-3-87_039L.jpg,EAP180-1-3-87,1861,ok,935,820,0.8770,0.1433,armenian
EAP180-1-3-87_039R.jpg,EAP180-1-3-87,1861,ok,985,527,0.5350,0.5553,armenian
EAP180-1-3-87_040L.jpg,EAP180-1-3-87,1861,ok,1589,1481,0.9320,0.1340,armenian
EAP180-1-3-87_040R.jpg,EAP180-1-3-87,1861,ok,1603,1099,0.6856,0.3930,armenian
EAP180-1-3-87_041L.jpg,EAP180-1-3-87,1861,ok,1603,539,0.3362,0.6887,armenian
EAP180-1-3-87_041R.jpg,EAP180-1-3-87,1861,ok,1571,1022,0.6505,0.4914,armenian
EAP180-1-3-87_042L.jpg,EAP180-1-3-87,1861,ok,1433,1087,0.7585,0.3273,armenian
EAP180-1-3-87_042R.jpg,EAP180-1-3-87,1861,ok,191,192,1.0052,0.0366,armenian
EAP180-1-3-87_043L.jpg,EAP180-1-3-87,1861,ok,142,134,0.9437,0.6056,armenian
EAP180-1-3-96_002R.jpg,EAP180-1-3-96,1863,ok,124,82,0.6613,0.4274,armenian
EAP180-1-3-96_003L.jpg,EAP180-1-3-96,1863,ok,130,129,0.9923,0.0385,armenian
EAP180-1-3-96_003R.jpg,EAP180-1-3-96,1863,ok,956,327,0.3421,0.7270,armenian
EAP180-1-3-96_004L.jpg,EAP180-1-3-96,1863,ok,71,71,1.0000,0.0141,armenian
EAP180-1-3-96_004R.jpg,EAP180-1-3-96,1863,ok,2229,997,0.4473,0.6240,armenian
EAP180-1-3-96_005L.jpg,EAP180-1-3-96,1863,ok,2219,1332,0.6003,0.4790,armenian
EAP180-1-3-96_005R.jpg,EAP180-1-3-96,1863,ok,2099,1221,0.5817,0.5269,armenian
EAP180-1-3-96_006L.jpg,EAP180-1-3-96,1863,ok,2168,1069,0.4931,0.5872,armenian
EAP180-1-3-96_006R.jpg,EAP180-1-3-96,1863,ok,2118,928,0.4381,0.6355,armenian
EAP180-1-3-96_007L.jpg,EAP180-1-3-96,1863,ok,2119,1549,0.7310,0.3270,armenian
EAP180-1-3-96_007R.jpg,EAP180-1-3-96,1863,ok,917,840,0.9160,0.5398,armenian
EAP180-1-3-96_008L.jpg,EAP180-1-3-96,1863,ok,1303,655,0.5027,0.5664,armenian
EAP180-1-3-96_008R.jpg,EAP180-1-3-96,1863,ok,2104,1145,0.5442,0.5433,armenian
EAP180-1-3-96_009L.jpg,EAP180-1-3-96,1863,ok,501,486,0.9701,0.1477,armenian
EAP180-1-3-96_009R.jpg,EAP180-1-3-96,1863,ok,1744,345,0.1978,0.8435,armenian
EAP180-1-3-96_010L.jpg,EAP180-1-3-96,1863,ok,1989,288,0.1448,0.8839,armenian
EAP180-1-3-96_010R.jpg,EAP180-1-3-96,1863,ok,1869,1203,0.6437,0.4890,armenian
EAP180-1-3-96_011L.jpg,EAP180-1-3-96,1863,ok,1903,967,0.5081,0.5491,armenian
EAP180-1-3-96_011R.jpg,EAP180-1-3-96,1863,ok,2072,1622,0.7828,0.3147,armenian
EAP180-1-3-96_012L.jpg,EAP180-1-3-96,1863,ok,1962,1179,0.6009,0.4725,armenian
EAP180-1-3-96_012R.jpg,EAP180-1-3-96,1863,ok,2193,1246,0.5682,0.5144,armenian
EAP180-1-3-96_013L.jpg,EAP180-1-3-96,1863,ok,1946,1156,0.5940,0.5000,armenian
EAP180-1-3-96_013R.jpg,EAP180-1-3-96,1863,ok,2001,1087,0.5432,0.5422,armenian
EAP180-1-3-96_014L.jpg,EAP180-1-3-96,1863,ok,1903,1057,0.5554,0.5696,armenian
EAP180-1-3-96_014R.jpg,EAP180-1-3-96,1863,ok,1875,1061,0.5659,0.5173,armenian
EAP180-1-3-96_015L.jpg,EAP180-1-3-96,1863,ok,1937,1171,0.6045,0.4946,armenian
EAP180-1-3-96_015R.jpg,EAP180-1-3-96,1863,ok,2069,976,0.4717,0.6206,armenian
EAP180-1-3-96_016L.jpg,EAP180-1-3-96,1863,ok,1784,958,0.5370,0.5398,armenian
EAP180-1-3-96_016R.jpg,EAP180-1-3-96,1863,ok,2033,1454,0.7152,0.6001,armenian
EAP180-1-3-96_017L.jpg,EAP180-1-3-96,1863,ok,1948,1066,0.5472,0.5590,armenian
EAP180-1-3-96_017R.jpg,EAP180-1-3-96,1863,ok,1959,1276,0.6514,0.4288,armenian
EAP180-1-3-96_018L.jpg,EAP180-1-3-96,1863,ok,2035,1252,0.6152,0.4614,armenian
EAP180-1-3-96_018R.jpg,EAP180-1-3-96,1863,ok,1836,1226,0.6678,0.4439,armenian
EAP180-1-3-96_019L.jpg,EAP180-1-3-96,1863,ok,1927,1287,0.6679,0.4318,armenian
EAP180-1-3-96_019R.jpg,EAP180-1-3-96,1863,ok,2002,1020,0.5095,0.5305,armenian
EAP180-1-3-96_020L.jpg,EAP180-1-3-96,1863,ok,1944,1391,0.7155,0.4228,armenian
EAP180-1-3-96_020R.jpg,EAP180-1-3-96,1863,ok,1908,1098,0.5755,0.4864,armenian
EAP180-1-3-96_021L.jpg,EAP180-1-3-96,1863,ok,1847,870,0.4710,0.6031,armenian
EAP180-1-3-96_021R.jpg,EAP180-1-3-96,1863,ok,1833,786,0.4288,0.6208,armenian
EAP180-1-3-96_022L.jpg,EAP180-1-3-96,1863,ok,1988,774,0.3893,0.6715,armenian
EAP180-1-3-96_022R.jpg,EAP180-1-3-96,1863,ok,1920,975,0.5078,0.5531,armenian
EAP180-1-3-96_023L.jpg,EAP180-1-3-96,1863,ok,1597,651,0.4076,0.6800,armenian
EAP180-1-3-96_023R.jpg,EAP180-1-3-96,1863,ok,1875,1073,0.5723,0.5120,armenian
EAP180-1-3-96_024L.jpg,EAP180-1-3-96,1863,ok,1936,817,0.4220,0.6322,armenian
EAP180-1-3-96_024R.jpg,EAP180-1-3-96,1863,ok,2001,780,0.3898,0.6772,armenian
EAP180-1-3-96_025L.jpg,EAP180-1-3-96,1863,ok,1839,929,0.5052,0.5639,armenian
EAP180-1-3-96_025R.jpg,EAP180-1-3-96,1863,ok,1847,837,0.4532,0.6362,armenian
EAP180-1-3-96_026L.jpg,EAP180-1-3-96,1863,ok,2136,1083,0.5070,0.5510,armenian
EAP180-1-3-96_026R.jpg,EAP180-1-3-96,1863,ok,2101,1263,0.6011,0.5145,armenian
EAP180-1-3-96_027L.jpg,EAP180-1-3-96,1863,ok,1985,827,0.4166,0.6358,armenian
EAP180-1-3-96_027R.jpg,EAP180-1-3-96,1863,ok,1944,1021,0.5252,0.5715,armenian
EAP180-1-3-96_028L.jpg,EAP180-1-3-96,1863,ok,2046,1275,0.6232,0.4765,armenian
EAP180-1-3-96_028R.jpg,EAP180-1-3-96,1863,ok,1783,927,0.5199,0.5659,armenian
EAP180-1-3-96_029L.jpg,EAP180-1-3-96,1863,ok,1848,1221,0.6607,0.4356,armenian
EAP180-1-3-96_029R.jpg,EAP180-1-3-96,1863,ok,1880,738,0.3926,0.7606,armenian
EAP180-1-3-96_030L.jpg,EAP180-1-3-96,1863,ok,1942,974,0.5015,0.5829,armenian
EAP180-1-3-96_030R.jpg,EAP180-1-3-96,1863,ok,2002,711,0.3551,0.6893,armenian
EAP180-1-3-96_031L.jpg,EAP180-1-3-96,1863,ok,1105,544,0.4923,0.7765,armenian
EAP180-1-3-98_002R.jpg,EAP180-1-3-98,1863,ok,208,98,0.4712,0.5962,armenian
EAP180-1-3-98_003L.jpg,EAP180-1-3-98,1863,too_short_ours,0,,,,blank
EAP180-1-3-98_003R.jpg,EAP180-1-3-98,1863,ok,2328,1184,0.5086,0.6624,armenian
EAP180-1-3-98_004L.jpg,EAP180-1-3-98,1863,ok,814,631,0.7752,0.6560,armenian
EAP180-1-3-98_004R.jpg,EAP180-1-3-98,1863,ok,870,841,0.9667,0.1460,armenian
EAP180-1-3-98_005L.jpg,EAP180-1-3-98,1863,ok,1353,1330,0.9830,0.1722,armenian
EAP180-1-3-98_005R.jpg,EAP180-1-3-98,1863,ok,1407,1297,0.9218,0.2018,armenian
EAP180-1-3-98_006L.jpg,EAP180-1-3-98,1863,ok,1380,1347,0.9761,0.1978,armenian
EAP180-1-3-98_006R.jpg,EAP180-1-3-98,1863,ok,1393,1373,0.9856,0.1177,armenian
EAP180-1-3-98_007L.jpg,EAP180-1-3-98,1863,ok,1496,1451,0.9699,0.2059,armenian
EAP180-1-3-98_007R.jpg,EAP180-1-3-98,1863,ok,1490,1331,0.8933,0.4248,armenian
EAP180-1-3-98_008L.jpg,EAP180-1-3-98,1863,ok,1443,1307,0.9058,0.1435,armenian
EAP180-1-3-98_008R.jpg,EAP180-1-3-98,1863,ok,1405,1342,0.9552,0.1822,armenian
EAP180-1-3-98_009L.jpg,EAP180-1-3-98,1863,ok,990,971,0.9808,0.0374,armenian
EAP180-1-3-98_009R.jpg,EAP180-1-3-98,1863,ok,540,465,0.8611,0.1426,armenian
EAP180-1-3-98_010L.jpg,EAP180-1-3-98,1863,ok,863,858,0.9942,0.0197,armenian
EAP180-1-3-98_010R.jpg,EAP180-1-3-98,1863,ok,1369,1357,0.9912,0.0168,armenian
EAP180-1-3-98_011L.jpg,EAP180-1-3-98,1863,ok,1331,1278,0.9602,0.1270,armenian
EAP180-1-3-98_011R.jpg,EAP180-1-3-98,1863,ok,1330,1173,0.8820,0.3481,armenian
EAP180-1-3-98_012L.jpg,EAP180-1-3-98,1863,ok,1074,1056,0.9832,0.0354,armenian
EAP180-1-3-98_012R.jpg,EAP180-1-3-98,1863,ok,1406,1242,0.8834,0.1999,armenian
EAP180-1-3-98_013L.jpg,EAP180-1-3-98,1863,ok,1385,1171,0.8455,0.2520,armenian
EAP180-1-3-98_014L.jpg,EAP180-1-3-98,1863,ok,1352,1222,0.9038,0.2707,armenian
EAP180-1-3-98_014R.jpg,EAP180-1-3-98,1863,ok,1307,1148,0.8783,0.3145,armenian
EAP180-1-3-98_015L.jpg,EAP180-1-3-98,1863,ok,1420,1119,0.7880,0.2958,armenian
EAP180-1-3-98_015R.jpg,EAP180-1-3-98,1863,ok,1191,496,0.4165,0.6423,armenian
EAP180-1-3-98_016L.jpg,EAP180-1-3-98,1863,ok,1381,1302,0.9428,0.0753,armenian
EAP180-1-3-98_016R.jpg,EAP180-1-3-98,1863,ok,1183,1107,0.9358,0.1986,armenian
EAP180-1-3-98_017L.jpg,EAP180-1-3-98,1863,ok,1392,1390,0.9986,0.0115,armenian
EAP180-1-3-98_017R.jpg,EAP180-1-3-98,1863,ok,1417,1354,0.9555,0.1990,armenian
EAP180-1-3-98_018L.jpg,EAP180-1-3-98,1863,ok,1291,1234,0.9558,0.0550,armenian
EAP180-1-3-98_018R.jpg,EAP180-1-3-98,1863,ok,1156,1092,0.9446,0.2690,armenian
EAP180-1-3-98_019L.jpg,EAP180-1-3-98,1863,ok,1378,1378,1.0000,0.0116,armenian
EAP180-1-3-98_019R.jpg,EAP180-1-3-98,1863,ok,1419,1315,0.9267,0.2530,armenian
EAP180-1-3-98_020L.jpg,EAP180-1-3-98,1863,ok,1390,1389,0.9993,0.0151,armenian
EAP180-1-3-98_020R.jpg,EAP180-1-3-98,1863,ok,1175,1101,0.9370,0.2511,armenian
EAP180-1-3-98_021L.jpg,EAP180-1-3-98,1863,ok,1424,1423,0.9993,0.0147,armenian
EAP180-1-3-98_021R.jpg,EAP180-1-3-98,1863,ok,1254,1146,0.9139,0.1507,armenian
EAP180-1-3-98_022L.jpg,EAP180-1-3-98,1863,ok,1203,1167,0.9701,0.0432,armenian
EAP180-1-3-98_022R.jpg,EAP180-1-3-98,1863,ok,1270,1145,0.9016,0.3071,armenian
EAP180-1-3-98_023L.jpg,EAP180-1-3-98,1863,ok,1405,1306,0.9295,0.0918,armenian
EAP180-1-3-98_023R.jpg,EAP180-1-3-98,1863,ok,1207,1023,0.8476,0.2196,armenian
EAP180-1-3-98_024L.jpg,EAP180-1-3-98,1863,ok,1251,1246,0.9960,0.0208,armenian
EAP180-1-3-98_024R.jpg,EAP180-1-3-98,1863,ok,1393,907,0.6511,0.4185,armenian
EAP180-1-3-98_025L.jpg,EAP180-1-3-98,1863,ok,1304,986,0.7561,0.2630,armenian
EAP180-1-3-98_025R.jpg,EAP180-1-3-98,1863,ok,1393,704,0.5054,0.5499,armenian
EAP180-1-3-98_026L.jpg,EAP180-1-3-98,1863,ok,1205,1096,0.9095,0.1054,armenian
EAP180-1-3-98_026R.jpg,EAP180-1-3-98,1863,ok,1386,776,0.5599,0.5491,armenian
EAP180-1-3-98_027L.jpg,EAP180-1-3-98,1863,ok,1314,997,0.7588,0.2580,armenian
EAP180-1-3-98_027R.jpg,EAP180-1-3-98,1863,ok,1361,602,0.4423,0.5966,armenian
EAP180-1-3-98_028L.jpg,EAP180-1-3-98,1863,ok,1275,835,0.6549,0.3600,armenian
EAP180-1-3-98_028R.jpg,EAP180-1-3-98,1863,ok,1628,942,0.5786,0.5663,armenian
EAP180-1-3-98_029L.jpg,EAP180-1-3-98,1863,ok,1248,1183,0.9479,0.0769,armenian
EAP180-1-3-98_029R.jpg,EAP180-1-3-98,1863,ok,1243,1158,0.9316,0.1923,armenian
EAP180-1-3-98_030L.jpg,EAP180-1-3-98,1863,ok,1474,1253,0.8501,0.3060,armenian
EAP180-1-3-98_030R.jpg,EAP180-1-3-98,1863,ok,1427,1131,0.7926,0.3245,armenian
EAP180-1-3-98_031L.jpg,EAP180-1-3-98,1863,ok,1410,1394,0.9887,0.1624,armenian
EAP180-1-3-98_031R.jpg,EAP180-1-3-98,1863,ok,1372,1222,0.8907,0.3834,armenian
EAP180-1-3-98_032L.jpg,EAP180-1-3-98,1863,ok,1251,1124,0.8985,0.1351,armenian
EAP180-1-3-98_032R.jpg,EAP180-1-3-98,1863,ok,1393,1345,0.9655,0.0711,armenian
EAP180-1-3-98_033L.jpg,EAP180-1-3-98,1863,ok,1419,1350,0.9514,0.0669,armenian
EAP180-1-3-98_033R.jpg,EAP180-1-3-98,1863,ok,1268,1159,0.9140,0.2145,armenian
EAP180-1-3-98_034L.jpg,EAP180-1-3-98,1863,ok,1328,1297,0.9767,0.0331,armenian
EAP180-1-3-98_034R.jpg,EAP180-1-3-98,1863,ok,1310,1258,0.9603,0.1466,armenian
EAP180-1-3-98_035L.jpg,EAP180-1-3-98,1863,ok,1419,1391,0.9803,0.0268,armenian
EAP180-1-3-98_035R.jpg,EAP180-1-3-98,1863,ok,1381,1301,0.9421,0.2542,armenian
EAP180-1-3-98_036L.jpg,EAP180-1-3-98,1863,ok,1219,1202,0.9861,0.0312,armenian
EAP180-1-3-98_036R.jpg,EAP180-1-3-98,1863,ok,1339,1336,0.9978,0.0597,armenian
EAP180-1-3-98_037L.jpg,EAP180-1-3-98,1863,ok,1309,1309,1.0000,0.0076,armenian
EAP180-1-3-98_037R.jpg,EAP180-1-3-98,1863,ok,1187,1168,0.9840,0.0927,armenian
EAP180-1-3-98_038L.jpg,EAP180-1-3-98,1863,ok,1206,1204,0.9983,0.0100,armenian
EAP180-1-3-98_038R.jpg,EAP180-1-3-98,1863,ok,1164,1146,0.9845,0.0945,armenian
EAP180-1-3-98_039L.jpg,EAP180-1-3-98,1863,ok,1110,1080,0.9730,0.0378,armenian
EAP180-1-3-98_039R.jpg,EAP180-1-3-98,1863,ok,1260,1208,0.9587,0.1452,armenian
EAP180-1-3-98_040L.jpg,EAP180-1-3-98,1863,ok,1199,1191,0.9933,0.0242,armenian
EAP180-1-3-98_040R.jpg,EAP180-1-3-98,1863,ok,1359,1349,0.9926,0.0147,armenian
EAP180-1-3-98_041L.jpg,EAP180-1-3-98,1863,ok,1377,1377,1.0000,0.0363,armenian
EAP180-1-3-98_041R.jpg,EAP180-1-3-98,1863,ok,1336,1327,0.9933,0.0210,armenian
EAP180-1-3-98_042L.jpg,EAP180-1-3-98,1863,ok,1420,1407,0.9908,0.0204,armenian
EAP180-1-3-98_042R.jpg,EAP180-1-3-98,1863,ok,132,130,0.9848,0.1136,armenian
EAP180-1-3-98_043L.jpg,EAP180-1-3-98,1863,ok,1064,1024,0.9624,0.0677,armenian
EAP180-1-3-98_043R.jpg,EAP180-1-3-98,1863,ok,1374,1363,0.9920,0.0247,armenian
EAP180-1-3-98_044L.jpg,EAP180-1-3-98,1863,ok,1235,1225,0.9919,0.0186,armenian
EAP180-1-3-98_044R.jpg,EAP180-1-3-98,1863,ok,1182,911,0.7707,0.3985,armenian
EAP180-1-3-98_045L.jpg,EAP180-1-3-98,1863,ok,1218,1096,0.8998,0.1207,armenian
EAP180-1-3-98_045R.jpg,EAP180-1-3-98,1863,ok,1208,977,0.8088,0.2533,armenian
EAP180-1-3-98_046L.jpg,EAP180-1-3-98,1863,ok,1214,752,0.6194,0.3946,armenian
EAP180-1-3-98_046R.jpg,EAP180-1-3-98,1863,ok,1247,922,0.7394,0.4042,armenian
EAP180-1-3-98_047L.jpg,EAP180-1-3-98,1863,ok,1212,1112,0.9175,0.0932,armenian
EAP180-1-3-98_047R.jpg,EAP180-1-3-98,1863,ok,1207,1096,0.9080,0.1947,armenian
EAP180-1-3-98_048L.jpg,EAP180-1-3-98,1863,ok,1285,1048,0.8156,0.1969,armenian
EAP180-1-3-98_048R.jpg,EAP180-1-3-98,1863,ok,1361,1120,0.8229,0.3012,armenian
EAP180-1-3-98_049L.jpg,EAP180-1-3-98,1863,ok,1255,932,0.7426,0.2924,armenian
EAP180-1-3-98_049R.jpg,EAP180-1-3-98,1863,ok,1112,926,0.8327,0.3507,armenian
EAP180-1-3-98_050L.jpg,EAP180-1-3-98,1863,ok,1355,1185,0.8745,0.1387,armenian
EAP180-1-3-98_050R.jpg,EAP180-1-3-98,1863,ok,1479,1420,0.9601,0.0554,armenian
EAP180-1-3-98_051L.jpg,EAP180-1-3-98,1863,ok,2302,2082,0.9044,0.1520,armenian
EAP180-1-3-98_051R.jpg,EAP180-1-3-98,1863,ok,1245,810,0.6506,0.4554,armenian
EAP180-1-3-98_052L.jpg,EAP180-1-3-98,1863,ok,1192,815,0.6837,0.4203,armenian
EAP180-1-3-98_052R.jpg,EAP180-1-3-98,1863,ok,1145,784,0.6847,0.3668,armenian
EAP180-1-3-98_053L.jpg,EAP180-1-3-98,1863,ok,1367,1187,0.8683,0.1485,armenian
EAP180-1-3-98_053R.jpg,EAP180-1-3-98,1863,ok,1177,1001,0.8505,0.1640,armenian
EAP180-1-3-98_054L.jpg,EAP180-1-3-98,1863,ok,1235,994,0.8049,0.3490,armenian
EAP180-1-3-98_054R.jpg,EAP180-1-3-98,1863,ok,1321,1273,0.9637,0.1968,armenian
EAP180-1-3-98_055L.jpg,EAP180-1-3-98,1863,ok,1221,1145,0.9378,0.1229,armenian
EAP180-1-3-98_055R.jpg,EAP180-1-3-98,1863,ok,488,488,1.0000,0.0041,armenian
EAP180-1-3-98_056L.jpg,EAP180-1-3-98,1863,ok,1151,1126,0.9783,0.3058,armenian
EAP180-1-3-98_056R.jpg,EAP180-1-3-98,1863,ok,1306,1286,0.9847,0.0590,armenian
EAP180-1-3-98_057L.jpg,EAP180-1-3-98,1863,ok,1444,1398,0.9681,0.1884,armenian
EAP180-1-3-98_057R.jpg,EAP180-1-3-98,1863,ok,1232,1230,0.9984,0.0300,armenian
EAP180-1-3-98_058L.jpg,EAP180-1-3-98,1863,ok,1279,1180,0.9226,0.1274,armenian
EAP180-1-3-98_058R.jpg,EAP180-1-3-98,1863,ok,1327,975,0.7347,0.3693,armenian
EAP180-1-3-98_059L.jpg,EAP180-1-3-98,1863,ok,1475,1053,0.7139,0.4285,armenian
EAP180-1-3-98_059R.jpg,EAP180-1-3-98,1863,ok,1013,919,0.9072,0.2813,armenian
EAP180-1-3-98_060L.jpg,EAP180-1-3-98,1863,ok,973,871,0.8952,0.1501,armenian
EAP180-1-3-98_060R.jpg,EAP180-1-3-98,1863,ok,1233,1232,0.9992,0.0357,armenian
EAP180-1-3-98_061L.jpg,EAP180-1-3-98,1863,ok,1278,1242,0.9718,0.1659,armenian
EAP180-1-3-98_061R.jpg,EAP180-1-3-98,1863,ok,1292,1272,0.9845,0.0364,armenian
EAP180-1-3-98_062L.jpg,EAP180-1-3-98,1863,ok,1293,1293,1.0000,0.0534,armenian
EAP180-1-3-98_062R.jpg,EAP180-1-3-98,1863,ok,1205,1200,0.9959,0.0581,armenian
EAP180-1-3-98_063L.jpg,EAP180-1-3-98,1863,ok,1423,1348,0.9473,0.2214,armenian
EAP180-1-3-98_064L.jpg,EAP180-1-3-98,1863,ok,1150,1132,0.9843,0.2339,armenian
EAP180-1-3-98_064R.jpg,EAP180-1-3-98,1863,ok,1284,1278,0.9953,0.1301,armenian
EAP180-1-3-98_065L.jpg,EAP180-1-3-98,1863,ok,1350,896,0.6637,0.4430,armenian
EAP180-1-3-98_065R.jpg,EAP180-1-3-98,1863,ok,1239,996,0.8039,0.2203,armenian
EAP180-1-3-98_066L.jpg,EAP180-1-3-98,1863,ok,1098,1087,0.9900,0.1020,armenian
EAP180-1-3-98_066R.jpg,EAP180-1-3-98,1863,ok,1329,1255,0.9443,0.0858,armenian
EAP180-1-3-98_067L.jpg,EAP180-1-3-98,1863,ok,1360,859,0.6316,0.4478,armenian
EAP180-1-3-98_067R.jpg,EAP180-1-3-98,1863,ok,488,351,0.7193,0.3320,armenian
EAP180-1-3-98_068L.jpg,EAP180-1-3-98,1863,ok,1240,431,0.3476,0.6766,armenian
EAP180-1-3-98_068R.jpg,EAP180-1-3-98,1863,ok,930,471,0.5065,0.5462,armenian
EAP180-1-3-98_069L.jpg,EAP180-1-3-98,1863,ok,1249,842,0.6741,0.4972,armenian
EAP180-1-3-98_069R.jpg,EAP180-1-3-98,1863,ok,1099,591,0.5378,0.5232,armenian
EAP180-1-3-98_070L.jpg,EAP180-1-3-98,1863,ok,1067,486,0.4555,0.6045,armenian
EAP180-1-3-98_070R.jpg,EAP180-1-3-98,1863,ok,1176,1063,0.9039,0.2151,armenian
EAP180-1-3-98_071L.jpg,EAP180-1-3-98,1863,ok,1191,845,0.7095,0.4349,armenian
EAP180-1-3-98_071R.jpg,EAP180-1-3-98,1863,ok,1205,840,0.6971,0.3660,armenian
EAP180-1-3-98_072L.jpg,EAP180-1-3-98,1863,ok,1079,612,0.5672,0.5579,armenian
EAP180-1-3-98_072R.jpg,EAP180-1-3-98,1863,ok,1190,1047,0.8798,0.2218,armenian
EAP180-1-3-98_073L.jpg,EAP180-1-3-98,1863,ok,1408,1407,0.9993,0.0341,armenian
EAP180-1-3-98_073R.jpg,EAP180-1-3-98,1863,ok,628,623,0.9920,0.0303,armenian
EAP180-1-3-98_074R.jpg,EAP180-1-3-98,1863,ok,652,635,0.9739,0.0506,armenian
EAP180-1-3-98_075R.jpg,EAP180-1-3-98,1863,ok,577,314,0.5442,0.4957,armenian
EAP180-1-3-98_076L.jpg,EAP180-1-3-98,1863,ok,461,253,0.5488,0.6681,armenian
EAP180-1-4-23_002R.jpg,EAP180-1-4-23,1904,ok,147,82,0.5578,0.4558,armenian
EAP180-1-4-23_003L.jpg,EAP180-1-4-23,1904,too_short_ours,0,,,,blank
EAP180-1-4-23_003R.jpg,EAP180-1-4-23,1904,ok,43,44,1.0233,0.0233,armenian
EAP180-1-4-23_004R.jpg,EAP180-1-4-23,1904,ok,313,253,0.8083,0.2077,armenian
EAP180-1-4-23_005L.jpg,EAP180-1-4-23,1904,ok,319,261,0.8182,0.2006,armenian
EAP180-1-4-23_005R.jpg,EAP180-1-4-23,1904,ok,323,353,1.0929,0.1858,armenian
EAP180-1-4-23_006L.jpg,EAP180-1-4-23,1904,ok,317,90,0.2839,0.7350,armenian
EAP180-1-4-23_006R.jpg,EAP180-1-4-23,1904,ok,320,316,0.9875,0.0219,armenian
EAP180-1-4-23_007L.jpg,EAP180-1-4-23,1904,ok,277,189,0.6823,0.3285,armenian
EAP180-1-4-23_007R.jpg,EAP180-1-4-23,1904,ok,285,286,1.0035,0.0105,armenian
EAP180-1-4-23_008L.jpg,EAP180-1-4-23,1904,ok,283,183,0.6466,0.3816,armenian
EAP180-1-4-23_008R.jpg,EAP180-1-4-23,1904,ok,254,246,0.9685,0.0315,armenian
EAP180-1-4-23_009L.jpg,EAP180-1-4-23,1904,ok,252,250,0.9921,0.0238,armenian
EAP180-1-4-23_009R.jpg,EAP180-1-4-23,1904,ok,237,218,0.9198,0.1055,armenian
EAP180-1-4-23_010L.jpg,EAP180-1-4-23,1904,ok,331,235,0.7100,0.2961,armenian
EAP180-1-4-23_010R.jpg,EAP180-1-4-23,1904,ok,322,298,0.9255,0.1366,armenian
EAP180-1-4-23_011L.jpg,EAP180-1-4-23,1904,ok,285,123,0.4316,0.5789,armenian
EAP180-1-4-23_011R.jpg,EAP180-1-4-23,1904,ok,297,214,0.7205,0.2963,armenian
EAP180-1-4-23_012L.jpg,EAP180-1-4-23,1904,ok,297,238,0.8013,0.2155,armenian
EAP180-1-4-23_012R.jpg,EAP180-1-4-23,1904,ok,219,217,0.9909,0.0183,armenian
EAP180-1-4-23_013L.jpg,EAP180-1-4-23,1904,ok,243,145,0.5967,0.4444,armenian
EAP180-1-4-23_013R.jpg,EAP180-1-4-23,1904,ok,281,268,0.9537,0.0783,armenian
EAP180-1-4-23_014L.jpg,EAP180-1-4-23,1904,ok,307,202,0.6580,0.3616,armenian
EAP180-1-4-23_014R.jpg,EAP180-1-4-23,1904,ok,298,289,0.9698,0.0638,armenian
EAP180-1-4-23_015L.jpg,EAP180-1-4-23,1904,ok,248,173,0.6976,0.3427,armenian
EAP180-1-4-23_015R.jpg,EAP180-1-4-23,1904,ok,305,272,0.8918,0.1246,armenian
EAP180-1-4-23_016L.jpg,EAP180-1-4-23,1904,ok,242,175,0.7231,0.3058,armenian
EAP180-1-4-23_016R.jpg,EAP180-1-4-23,1904,ok,273,246,0.9011,0.1465,armenian
EAP180-1-4-23_017L.jpg,EAP180-1-4-23,1904,ok,253,164,0.6482,0.3676,armenian
EAP180-1-4-23_017R.jpg,EAP180-1-4-23,1904,ok,238,229,0.9622,0.0630,armenian
EAP180-1-4-23_018L.jpg,EAP180-1-4-23,1904,ok,301,230,0.7641,0.2724,armenian
EAP180-1-4-23_018R.jpg,EAP180-1-4-23,1904,ok,363,341,0.9394,0.1405,armenian
EAP180-1-4-23_019L.jpg,EAP180-1-4-23,1904,ok,299,164,0.5485,0.4783,armenian
EAP180-1-4-23_019R.jpg,EAP180-1-4-23,1904,ok,285,220,0.7719,0.2561,armenian
EAP180-1-4-23_020L.jpg,EAP180-1-4-23,1904,ok,379,224,0.5910,0.4485,armenian
EAP180-1-4-23_020R.jpg,EAP180-1-4-23,1904,ok,209,154,0.7368,0.2823,armenian
EAP180-1-4-23_021L.jpg,EAP180-1-4-23,1904,ok,267,229,0.8577,0.1910,armenian
EAP180-1-4-23_021R.jpg,EAP180-1-4-23,1904,ok,162,148,0.9136,0.0926,armenian
EAP180-1-4-23_022L.jpg,EAP180-1-4-23,1904,ok,297,208,0.7003,0.3131,armenian
EAP180-1-4-23_022R.jpg,EAP180-1-4-23,1904,ok,316,315,0.9968,0.0095,armenian
EAP180-1-4-23_023L.jpg,EAP180-1-4-23,1904,ok,340,276,0.8118,0.2176,armenian
EAP180-1-4-23_023R.jpg,EAP180-1-4-23,1904,ok,322,285,0.8851,0.1460,armenian
EAP180-1-4-23_024L.jpg,EAP180-1-4-23,1904,ok,381,298,0.7822,0.2913,armenian
EAP180-1-4-23_024R.jpg,EAP180-1-4-23,1904,ok,286,204,0.7133,0.3147,armenian
EAP180-1-4-23_025L.jpg,EAP180-1-4-23,1904,ok,287,172,0.5993,0.4111,armenian
EAP180-1-4-23_025R.jpg,EAP180-1-4-23,1904,ok,282,236,0.8369,0.1950,armenian
EAP180-1-4-23_026L.jpg,EAP180-1-4-23,1904,ok,272,159,0.5846,0.4228,armenian
EAP180-1-4-23_026R.jpg,EAP180-1-4-23,1904,ok,278,216,0.7770,0.2590,armenian
EAP180-1-4-23_027L.jpg,EAP180-1-4-23,1904,ok,355,124,0.3493,0.6648,armenian
EAP180-1-4-23_027R.jpg,EAP180-1-4-23,1904,ok,246,144,0.5854,0.4472,armenian
EAP180-1-4-23_028L.jpg,EAP180-1-4-23,1904,ok,280,92,0.3286,0.6893,armenian
EAP180-1-4-23_028R.jpg,EAP180-1-4-23,1904,ok,188,92,0.4894,0.5851,armenian
EAP180-1-4-23_029L.jpg,EAP180-1-4-23,1904,ok,188,93,0.4947,0.5213,armenian
EAP180-1-4-23_029R.jpg,EAP180-1-4-23,1904,ok,289,266,0.9204,0.1073,armenian
EAP180-1-4-23_030L.jpg,EAP180-1-4-23,1904,ok,355,312,0.8789,0.1577,armenian
EAP180-1-4-23_030R.jpg,EAP180-1-4-23,1904,ok,405,413,1.0198,0.0765,armenian
EAP180-1-4-23_031L.jpg,EAP180-1-4-23,1904,ok,188,177,0.9415,0.0957,armenian
EAP180-1-4-23_031R.jpg,EAP180-1-4-23,1904,ok,391,298,0.7621,0.2788,armenian
EAP180-1-4-23_032L.jpg,EAP180-1-4-23,1904,ok,397,248,0.6247,0.4055,armenian
EAP180-1-4-23_032R.jpg,EAP180-1-4-23,1904,ok,306,200,0.6536,0.4608,armenian
EAP180-1-4-23_033L.jpg,EAP180-1-4-23,1904,ok,325,260,0.8000,0.2492,armenian
EAP180-1-4-23_033R.jpg,EAP180-1-4-23,1904,ok,418,387,0.9258,0.0957,armenian
EAP180-1-4-23_034L.jpg,EAP180-1-4-23,1904,ok,406,282,0.6946,0.3448,armenian
EAP180-1-4-23_034R.jpg,EAP180-1-4-23,1904,ok,361,363,1.0055,0.1108,armenian
EAP180-1-4-23_035L.jpg,EAP180-1-4-23,1904,ok,123,67,0.5447,0.4634,armenian
EAP180-1-4-23_035R.jpg,EAP180-1-4-23,1904,ok,564,327,0.5798,0.4309,armenian
EAP180-1-4-23_036L.jpg,EAP180-1-4-23,1904,ok,615,319,0.5187,0.4943,armenian
EAP180-1-4-23_036R.jpg,EAP180-1-4-23,1904,ok,155,176,1.1355,0.6839,armenian
EAP180-1-4-23_037L.jpg,EAP180-1-4-23,1904,ok,356,236,0.6629,0.3736,armenian
EAP180-1-4-23_037R.jpg,EAP180-1-4-23,1904,ok,434,292,0.6728,0.3594,armenian
EAP180-1-4-31_002L.jpg,EAP180-1-4-31,1905,ok,131,84,0.6412,0.3588,armenian
EAP180-1-4-31_002R.jpg,EAP180-1-4-31,1905,ok,119,71,0.5966,0.4454,armenian
EAP180-1-4-31_003L.jpg,EAP180-1-4-31,1905,too_short_ours,0,,,,blank
EAP180-1-4-31_003R.jpg,EAP180-1-4-31,1905,ok,44,44,1.0000,0.0455,armenian
EAP180-1-4-31_004R.jpg,EAP180-1-4-31,1905,ok,207,198,0.9565,0.1304,armenian
EAP180-1-4-31_005L.jpg,EAP180-1-4-31,1905,ok,217,123,0.5668,0.4332,armenian
EAP180-1-4-31_005R.jpg,EAP180-1-4-31,1905,ok,250,185,0.7400,0.2680,armenian
EAP180-1-4-31_006L.jpg,EAP180-1-4-31,1905,ok,242,165,0.6818,0.3554,armenian
EAP180-1-4-31_006R.jpg,EAP180-1-4-31,1905,ok,231,136,0.5887,0.4242,armenian
EAP180-1-4-31_007L.jpg,EAP180-1-4-31,1905,ok,258,104,0.4031,0.6667,armenian
EAP180-1-4-31_007R.jpg,EAP180-1-4-31,1905,ok,398,232,0.5829,0.5126,armenian
EAP180-1-4-31_008L.jpg,EAP180-1-4-31,1905,ok,380,212,0.5579,0.5789,armenian
EAP180-1-4-31_008R.jpg,EAP180-1-4-31,1905,ok,271,150,0.5535,0.4982,armenian
EAP180-1-4-31_009L.jpg,EAP180-1-4-31,1905,ok,251,194,0.7729,0.2550,armenian
EAP180-1-4-31_009R.jpg,EAP180-1-4-31,1905,ok,280,270,0.9643,0.0679,armenian
EAP180-1-4-31_010L.jpg,EAP180-1-4-31,1905,ok,244,147,0.6025,0.4549,armenian
EAP180-1-4-31_010R.jpg,EAP180-1-4-31,1905,ok,261,258,0.9885,0.0536,armenian
EAP180-1-4-31_011L.jpg,EAP180-1-4-31,1905,ok,253,206,0.8142,0.2055,armenian
EAP180-1-4-31_011R.jpg,EAP180-1-4-31,1905,ok,520,435,0.8365,0.1788,armenian
EAP180-1-4-31_012L.jpg,EAP180-1-4-31,1905,ok,483,394,0.8157,0.4824,armenian
EAP180-1-4-31_012R.jpg,EAP180-1-4-31,1905,ok,487,406,0.8337,0.2012,armenian
EAP180-1-4-31_013L.jpg,EAP180-1-4-31,1905,ok,222,169,0.7613,0.2477,armenian
EAP180-1-4-31_013R.jpg,EAP180-1-4-31,1905,ok,346,325,0.9393,0.0751,armenian
EAP180-1-4-31_014L.jpg,EAP180-1-4-31,1905,ok,365,306,0.8384,0.1863,armenian
EAP180-1-4-31_014R.jpg,EAP180-1-4-31,1905,ok,383,383,1.0000,0.0104,armenian
EAP180-1-4-31_015L.jpg,EAP180-1-4-31,1905,ok,264,164,0.6212,0.3826,armenian
EAP180-1-4-31_015R.jpg,EAP180-1-4-31,1905,ok,299,158,0.5284,0.4849,armenian
EAP180-1-4-31_016L.jpg,EAP180-1-4-31,1905,ok,305,273,0.8951,0.1279,armenian
EAP180-1-4-31_016R.jpg,EAP180-1-4-31,1905,ok,297,241,0.8114,0.2458,armenian
EAP180-1-4-31_017L.jpg,EAP180-1-4-31,1905,ok,340,336,0.9882,0.0324,armenian
EAP180-1-4-31_017R.jpg,EAP180-1-4-31,1905,ok,267,251,0.9401,0.0749,armenian
EAP180-1-4-31_018L.jpg,EAP180-1-4-31,1905,ok,411,359,0.8735,0.1873,armenian
EAP180-1-4-31_018R.jpg,EAP180-1-4-31,1905,ok,264,192,0.7273,0.2955,armenian
EAP180-1-4-31_019L.jpg,EAP180-1-4-31,1905,ok,321,307,0.9564,0.0717,armenian
EAP180-1-4-31_019R.jpg,EAP180-1-4-31,1905,ok,132,132,1.0000,0.0227,armenian
EAP180-1-4-31_020L.jpg,EAP180-1-4-31,1905,ok,237,146,0.6160,0.4051,armenian
EAP180-1-4-31_020R.jpg,EAP180-1-4-31,1905,ok,292,90,0.3082,0.6952,armenian
EAP180-1-4-31_021L.jpg,EAP180-1-4-31,1905,ok,282,231,0.8191,0.2092,armenian
EAP180-1-4-31_021R.jpg,EAP180-1-4-31,1905,ok,334,268,0.8024,0.2246,armenian
EAP180-1-4-31_022L.jpg,EAP180-1-4-31,1905,ok,350,162,0.4629,0.5800,armenian
EAP180-1-4-31_022R.jpg,EAP180-1-4-31,1905,ok,335,278,0.8299,0.2060,armenian
EAP180-1-4-31_023L.jpg,EAP180-1-4-31,1905,ok,277,167,0.6029,0.4007,armenian
EAP180-1-4-31_023R.jpg,EAP180-1-4-31,1905,ok,355,320,0.9014,0.1268,armenian
EAP180-1-4-31_024L.jpg,EAP180-1-4-31,1905,ok,280,97,0.3464,0.6786,armenian
EAP180-1-4-31_024R.jpg,EAP180-1-4-31,1905,ok,362,171,0.4724,0.6243,armenian
EAP180-1-4-31_025L.jpg,EAP180-1-4-31,1905,ok,279,271,0.9713,0.1254,armenian
EAP180-1-4-31_025R.jpg,EAP180-1-4-31,1905,ok,147,144,0.9796,0.0408,armenian
EAP180-1-4-31_026L.jpg,EAP180-1-4-31,1905,ok,298,224,0.7517,0.3020,armenian
EAP180-1-4-31_026R.jpg,EAP180-1-4-31,1905,ok,181,183,1.0110,0.0166,armenian
EAP180-1-4-31_027L.jpg,EAP180-1-4-31,1905,ok,221,123,0.5566,0.4751,armenian
EAP180-1-4-31_027R.jpg,EAP180-1-4-31,1905,ok,129,50,0.3876,0.6124,armenian
EAP180-1-4-31_028L.jpg,EAP180-1-4-31,1905,ok,240,231,0.9625,0.0500,armenian
EAP180-1-4-31_028R.jpg,EAP180-1-4-31,1905,ok,191,186,0.9738,0.0524,armenian
EAP180-1-4-31_029L.jpg,EAP180-1-4-31,1905,ok,324,297,0.9167,0.1080,armenian
EAP180-1-4-31_029R.jpg,EAP180-1-4-31,1905,ok,399,397,0.9950,0.0401,armenian
EAP180-1-4-31_030L.jpg,EAP180-1-4-31,1905,ok,232,209,0.9009,0.0991,armenian
EAP180-1-4-31_030R.jpg,EAP180-1-4-31,1905,ok,238,170,0.7143,0.3109,armenian
EAP180-1-4-31_031L.jpg,EAP180-1-4-31,1905,ok,319,281,0.8809,0.1348,armenian
EAP180-1-4-31_031R.jpg,EAP180-1-4-31,1905,ok,296,280,0.9459,0.0845,armenian
EAP180-1-4-31_032L.jpg,EAP180-1-4-31,1905,ok,369,334,0.9051,0.1328,armenian
EAP180-1-4-31_032R.jpg,EAP180-1-4-31,1905,ok,402,401,0.9975,0.0299,armenian
EAP180-1-4-31_033L.jpg,EAP180-1-4-31,1905,ok,407,349,0.8575,0.1744,armenian
EAP180-1-4-31_033R.jpg,EAP180-1-4-31,1905,ok,486,465,0.9568,0.0782,armenian
EAP180-1-4-31_034L.jpg,EAP180-1-4-31,1905,ok,306,284,0.9281,0.0882,armenian
EAP180-1-4-31_034R.jpg,EAP180-1-4-31,1905,ok,351,320,0.9117,0.1111,armenian
EAP180-1-4-31_035L.jpg,EAP180-1-4-31,1905,ok,417,412,0.9880,0.0384,armenian
EAP180-1-4-31_035R.jpg,EAP180-1-4-31,1905,ok,173,163,0.9422,0.0694,armenian
EAP180-1-4-31_036L.jpg,EAP180-1-4-31,1905,ok,222,158,0.7117,0.3018,armenian
EAP180-1-4-31_036R.jpg,EAP180-1-4-31,1905,ok,221,166,0.7511,0.2670,armenian
EAP180-1-4-31_037L.jpg,EAP180-1-4-31,1905,ok,113,86,0.7611,0.3186,armenian
EAP180-1-4-31_037R.jpg,EAP180-1-4-31,1905,ok,390,337,0.8641,0.1744,armenian
EAP180-1-4-31_038L.jpg,EAP180-1-4-31,1905,ok,344,246,0.7151,0.3052,armenian
EAP180-1-4-31_038R.jpg,EAP180-1-4-31,1905,ok,388,302,0.7784,0.2526,armenian
EAP180-1-4-31_039L.jpg,EAP180-1-4-31,1905,ok,252,94,0.3730,0.6349,armenian
EAP180-1-4-31_039R.jpg,EAP180-1-4-31,1905,ok,199,196,0.9849,0.0503,armenian
EAP180-1-4-31_040L.jpg,EAP180-1-4-31,1905,ok,243,124,0.5103,0.5021,armenian
EAP180-1-4-31_040R.jpg,EAP180-1-4-31,1905,ok,250,243,0.9720,0.0440,armenian
EAP180-1-4-31_041L.jpg,EAP180-1-4-31,1905,ok,253,163,0.6443,0.3676,armenian
EAP180-1-4-31_041R.jpg,EAP180-1-4-31,1905,ok,247,216,0.8745,0.1336,armenian
EAP180-1-4-31_042L.jpg,EAP180-1-4-31,1905,ok,322,73,0.2267,0.7795,armenian
EAP180-1-4-31_042R.jpg,EAP180-1-4-31,1905,ok,246,239,0.9715,0.0650,armenian
EAP180-1-4-31_043L.jpg,EAP180-1-4-31,1905,ok,248,181,0.7298,0.2823,armenian
EAP180-1-4-31_043R.jpg,EAP180-1-4-31,1905,ok,435,432,0.9931,0.0230,armenian
EAP180-1-4-31_044L.jpg,EAP180-1-4-31,1905,ok,228,199,0.8728,0.1491,armenian
EAP180-1-4-31_044R.jpg,EAP180-1-4-31,1905,ok,148,135,0.9122,0.1081,armenian
EAP180-1-4-31_045L.jpg,EAP180-1-4-31,1905,ok,233,78,0.3348,0.6824,armenian
EAP180-1-4-31_045R.jpg,EAP180-1-4-31,1905,ok,358,315,0.8799,0.1257,armenian
EAP180-1-4-31_046L.jpg,EAP180-1-4-31,1905,ok,492,425,0.8638,0.1504,armenian
EAP180-1-4-31_046R.jpg,EAP180-1-4-31,1905,ok,426,400,0.9390,0.0822,armenian
EAP180-1-4-31_047L.jpg,EAP180-1-4-31,1905,ok,435,240,0.5517,0.4690,armenian
EAP180-1-4-31_047R.jpg,EAP180-1-4-31,1905,ok,435,305,0.7011,0.3126,armenian
EAP180-1-4-31_048L.jpg,EAP180-1-4-31,1905,ok,436,353,0.8096,0.2041,armenian
EAP180-1-4-31_048R.jpg,EAP180-1-4-31,1905,ok,420,415,0.9881,0.0405,armenian
EAP180-1-4-31_049L.jpg,EAP180-1-4-31,1905,ok,437,365,0.8352,0.1716,armenian
EAP180-1-4-31_049R.jpg,EAP180-1-4-31,1905,ok,410,394,0.9610,0.0561,armenian
EAP180-1-4-31_050L.jpg,EAP180-1-4-31,1905,ok,452,434,0.9602,0.0597,armenian
EAP180-1-4-31_050R.jpg,EAP180-1-4-31,1905,ok,189,188,0.9947,0.0265,armenian
EAP180-1-4-31_051R.jpg,EAP180-1-4-31,1905,ok,371,214,0.5768,0.4340,armenian
EAP180-1-4-31_052L.jpg,EAP180-1-4-31,1905,ok,325,143,0.4400,0.5723,armenian
EAP180-1-4-31_052R.jpg,EAP180-1-4-31,1905,ok,312,274,0.8782,0.3077,armenian
EAP180-1-4-31_053L.jpg,EAP180-1-4-31,1905,ok,401,284,0.7082,0.3117,armenian
EAP180-1-4-31_053R.jpg,EAP180-1-4-31,1905,ok,163,144,0.8834,0.1411,armenian
